year,name,rating,category,engine,detail_url
2023,Access Mini S 110,-,ATV,107 ccm,https://bikez.com/motorcycles/access_mini_s_110_2023.php
2023,Access Mini X 110,-,ATV,107 ccm,https://bikez.com/motorcycles/access_mini_x_110_2023.php
2023,Access Shade Xtreme 650,-,ATV,608 ccm,https://bikez.com/motorcycles/access_shade_xtreme_650_2023.php
2023,Access Shade Xtreme 850 Lux,-,ATV,781 ccm,https://bikez.com/motorcycles/access_shade_xtreme_850_lux_2023.php
2023,Access Xtreme X 300,-,ATV,280 ccm,https://bikez.com/motorcycles/access_xtreme_x_300_2023.php
2023,Access Xtreme X 480,-,ATV,449 ccm,https://bikez.com/motorcycles/access_xtreme_x_480_2023.php
2023,Aeon AI-2 Gather,Show rating,Scooter,Electric,https://bikez.com/motorcycles/aeon_ai-2_gather_2023.php
2023,Aeon Cobra 400 SX,-,ATV,346 ccm,https://bikez.com/motorcycles/aeon_cobra_400_sx_2023.php
2023,Aeon STR,-,Scooter,278 ccm,https://bikez.com/motorcycles/aeon_str_2023.php
2023,AJP PR7 650 Adventure,Show rating,Enduro/offroad,600 ccm,https://bikez.com/motorcycles/ajp_pr7_650_adventure_2023.php
2023,AJP SPR 125 Enduro,-,Enduro/offroad,124 ccm,https://bikez.com/motorcycles/ajp_spr_125_enduro_2023.php
2023,AJP SPR 125 Supermoto,-,Super motard,124 ccm,https://bikez.com/motorcycles/ajp_spr_125_supermoto_2023.php
2023,AJP SPR 240 Enduro,-,Enduro/offroad,233 ccm,https://bikez.com/motorcycles/ajp_spr_240_enduro_2023.php
2023,AJP SPR 240 Supermoto,-,Super motard,233 ccm,https://bikez.com/motorcycles/ajp_spr_240_supermoto_2023.php
2023,AJP SPR 240X Enduro,-,Enduro/offroad,233 ccm,https://bikez.com/motorcycles/ajp_spr_240x_enduro_2023.php
2023,AJP SPR 250 Enduro,Show rating,Enduro/offroad,249 ccm,https://bikez.com/motorcycles/ajp_spr_250_enduro_2023.php
2023,AJP SPR 250 Supermoto,-,Super motard,249 ccm,https://bikez.com/motorcycles/ajp_spr_250_supermoto_2023.php
2023,AJP SPR 310R Enduro,-,Enduro/offroad,298 ccm,https://bikez.com/motorcycles/ajp_spr_310r_enduro_2023.php
2023,AJP SPR 510R Enduro,-,Enduro/offroad,501 ccm,https://bikez.com/motorcycles/ajp_spr_510r_enduro_2023.php
2023,AJS Barletta 50,-,Scooter,50 ccm,https://bikez.com/motorcycles/ajs_barletta_50_2023.php
2023,AJS Cadwell 125,-,Sport,124 ccm,https://bikez.com/motorcycles/ajs_cadwell_125_2023.php
2023,Apollo RFN Thunder 125,-,Enduro/offroad,125 ccm,https://bikez.com/motorcycles/apollo_rfn_thunder_125_2023.php
2023,Apollo RFN Thunder 250,-,Enduro/offroad,223 ccm,https://bikez.com/motorcycles/apollo_rfn_thunder_250_2023.php
2023,Apollo RFN Thunder 70,-,Enduro/offroad,72 ccm,https://bikez.com/motorcycles/apollo_rfn_thunder_70_2023.php
2023,Aprilia RS 125,Show rating,Sport,124 ccm,https://bikez.com/motorcycles/aprilia_rs_125_2023.php
2023,Aprilia RS 125 GP Replica,Show rating,Sport,124 ccm,https://bikez.com/motorcycles/aprilia_rs_125_gp_replica_2023.php
2023,Aprilia RS 660,Show rating,Sport,659 ccm,https://bikez.com/motorcycles/aprilia_rs_660_2023.php
2023,Aprilia RS 660 35kW,Show rating,Sport,659 ccm,https://bikez.com/motorcycles/aprilia_rs_660_35kw_2023.php
2023,Aprilia RS 660 Extrema,Show rating,Sport,659 ccm,https://bikez.com/motorcycles/aprilia_rs_660_extrema_2023.php
2023,Aprilia RS 660 Limited,Show rating,Sport,659 ccm,https://bikez.com/motorcycles/aprilia_rs_660_limited_2023.php
2023,Aprilia RSV4,Show rating,Sport,1099 ccm,https://bikez.com/motorcycles/aprilia_rsv4_2023.php
2023,Aprilia RSV4 Factory,Show rating,Sport,1099 ccm,https://bikez.com/motorcycles/aprilia_rsv4_factory_2023.php
2023,Aprilia RX 125,Show rating,Enduro/offroad,124 ccm,https://bikez.com/motorcycles/aprilia_rx_125_2023.php
2023,Aprilia RX 50 Factory,-,Enduro/offroad,50 ccm,https://bikez.com/motorcycles/aprilia_rx_50_factory_2023.php
2023,Aprilia SR 125,Show rating,Scooter,125 ccm,https://bikez.com/motorcycles/aprilia_sr_125_2023.php
2023,Aprilia SR 160,Show rating,Scooter,160 ccm,https://bikez.com/motorcycles/aprilia_sr_160_2023.php
2023,Aprilia SR 50 MT,-,Scooter,49 ccm,https://bikez.com/motorcycles/aprilia_sr_50_mt_2023.php
2023,Aprilia SR GT 125,-,Scooter,125 ccm,https://bikez.com/motorcycles/aprilia_sr_gt_125_2023.php
2023,Aprilia SR GT 200,Show rating,Scooter,174 ccm,https://bikez.com/motorcycles/aprilia_sr_gt_200_2023.php
2023,Aprilia SR GT Sport 125,Show rating,Scooter,125 ccm,https://bikez.com/motorcycles/aprilia_sr_gt_sport_125_2023.php
2023,Aprilia SR GT Sport 200,Show rating,Scooter,174 ccm,https://bikez.com/motorcycles/aprilia_sr_gt_sport_200_2023.php
2023,Aprilia Storm 125,-,Scooter,125 ccm,https://bikez.com/motorcycles/aprilia_storm_125_2023.php
2023,Aprilia SX 125,-,Super motard,125 ccm,https://bikez.com/motorcycles/aprilia_sx_125_2023.php
2023,Aprilia SXR 125,-,Scooter,124 ccm,https://bikez.com/motorcycles/aprilia_sxr_125_2023.php
2023,Aprilia SXR 160,-,Scooter,160 ccm,https://bikez.com/motorcycles/aprilia_sxr_160_2023.php
2023,Aprilia SXR 50,Show rating,Scooter,49 ccm,https://bikez.com/motorcycles/aprilia_sxr_50_2023.php
2023,Aprilia Tuareg 660,Show rating,Super motard,660 ccm,https://bikez.com/motorcycles/aprilia_tuareg_660_2023.php
2023,Aprilia Tuono 125,Show rating,Naked bike,124 ccm,https://bikez.com/motorcycles/aprilia_tuono_125_2023.php
2023,Aprilia Tuono 660,Show rating,Sport,660 ccm,https://bikez.com/motorcycles/aprilia_tuono_660_2023.php
2023,Aprilia Tuono 660 Factory,Show rating,Sport,659 ccm,https://bikez.com/motorcycles/aprilia_tuono_660_factory_2023.php
2023,Aprilia Tuono V4,Show rating,Naked bike,1077 ccm,https://bikez.com/motorcycles/aprilia_tuono_v4_2023.php
2023,Aprilia Tuono V4 1100 Factory,Show rating,Naked bike,1077 ccm,https://bikez.com/motorcycles/aprilia_tuono_v4_1100_factory_2023.php
2023,Arch 1s,-,Allround,2032 ccm,https://bikez.com/motorcycles/arch_1s_2023.php
2023,Arch KRGT-1,-,Sport,2032 ccm,https://bikez.com/motorcycles/arch_krgt-1_2023.php
2023,Arch Method 143,-,Sport,2343 ccm,https://bikez.com/motorcycles/arch_method_143_2023.php
2023,Archive Outback,-,Allround,125 ccm,https://bikez.com/motorcycles/archive_outback_2023.php
2023,Arctic Cat Alterra 300,-,ATV,270 ccm,https://bikez.com/motorcycles/arctic_cat_alterra_300_2023.php
2023,Arctic Cat Alterra 450,-,ATV,433 ccm,https://bikez.com/motorcycles/arctic_cat_alterra_450_2023.php
2023,Arctic Cat Alterra 600,-,ATV,600 ccm,https://bikez.com/motorcycles/arctic_cat_alterra_600_2023.php
2023,Arctic Cat Alterra 600 Black Hills,-,ATV,600 ccm,https://bikez.com/motorcycles/arctic_cat_alterra_600_black_hills_2023.php
2023,Arctic Cat Alterra 600 Mud Pro,-,ATV,600 ccm,https://bikez.com/motorcycles/arctic_cat_alterra_600_mud_pro_2023.php
2023,Arctic Cat Alterra 600 TRV,-,ATV,600 ccm,https://bikez.com/motorcycles/arctic_cat_alterra_600_trv_2023.php
2023,Arctic Cat Alterra 90,-,ATV,90 ccm,https://bikez.com/motorcycles/arctic_cat_alterra_90_2023.php
2023,Ariel Ace,-,Naked bike,1237 ccm,https://bikez.com/motorcycles/ariel_ace_2023.php
2023,Askoll NGS3,-,Scooter,Electric,https://bikez.com/motorcycles/askoll_ngs3_2023.php
2023,Ather 450 Plus,-,Scooter,Electric,https://bikez.com/motorcycles/ather_450_plus_2023.php
2023,Atlas Honda Pridor,-,Allround,97 ccm,https://bikez.com/motorcycles/atlas_honda_pridor_2023.php
2023,Bajaj Avenger 160 Street,-,Custom/cruiser,160 ccm,https://bikez.com/motorcycles/bajaj_avenger_160_street_2023.php
2023,Bajaj Avenger 220 Cruise,-,Custom/cruiser,220 ccm,https://bikez.com/motorcycles/bajaj_avenger_220_cruise_2023.php
2023,Bajaj CT 125X,-,Allround,124 ccm,https://bikez.com/motorcycles/bajaj_ct_125x_2023.php
2023,Bajaj Dominar 250,-,Allround,249 ccm,https://bikez.com/motorcycles/bajaj_dominar_250_2023.php
2023,Bajaj Dominar 400,-,Sport touring,373 ccm,https://bikez.com/motorcycles/bajaj_dominar_400_2023.php
2023,Bajaj Platina 100,-,Allround,102 ccm,https://bikez.com/motorcycles/bajaj_platina_100_2023.php
2023,Bajaj Platina 110 ABS,-,Allround,115 ccm,https://bikez.com/motorcycles/bajaj_platina_110_abs_2023.php
2023,Bajaj Pulsar 125,-,Sport,124 ccm,https://bikez.com/motorcycles/bajaj_pulsar_125_2023.php
2023,Bajaj Pulsar 150,-,Sport,150 ccm,https://bikez.com/motorcycles/bajaj_pulsar_150_2023.php
2023,Bajaj Pulsar F250,-,Sport,250 ccm,https://bikez.com/motorcycles/bajaj_pulsar_f250_2023.php
2023,Bajaj Pulsar N160,-,Allround,165 ccm,https://bikez.com/motorcycles/bajaj_pulsar_n160_2023.php
2023,Bajaj Pulsar N250,-,Naked bike,250 ccm,https://bikez.com/motorcycles/bajaj_pulsar_n250_2023.php
2023,Bajaj Pulsar NS160,-,Allround,164 ccm,https://bikez.com/motorcycles/bajaj_pulsar_ns160_2023.php
2023,Bajaj Pulsar NS200,-,Naked bike,200 ccm,https://bikez.com/motorcycles/bajaj_pulsar_ns200_2023.php
2023,Bajaj Pulsar P150,-,Sport,150 ccm,https://bikez.com/motorcycles/bajaj_pulsar_p150_2023.php
2023,Bajaj Pulsar RS200,-,Sport,200 ccm,https://bikez.com/motorcycles/bajaj_pulsar_rs200_2023.php
2023,Beeline Pista R AC,-,Scooter,49 ccm,https://bikez.com/motorcycles/beeline_pista_r_ac_2023.php
2023,Beeline Tapo RS,-,Scooter,49 ccm,https://bikez.com/motorcycles/beeline_tapo_rs_2023.php
2023,Benelli 302S,-,Naked bike,300 ccm,https://bikez.com/motorcycles/benelli_302s_2023.php
2023,Benelli 502 Cruiser,-,Allround,500 ccm,https://bikez.com/motorcycles/benelli_502_cruiser_2023.php
2023,Benelli 752 S,-,Naked bike,754 ccm,https://bikez.com/motorcycles/benelli_752_s_2023.php
2023,Benelli BKX 250,-,Enduro/offroad,249 ccm,https://bikez.com/motorcycles/benelli_bkx_250_2023.php
2023,Benelli BKX 250 S,-,Enduro/offroad,249 ccm,https://bikez.com/motorcycles/benelli_bkx_250_s_2023.php
2023,Benelli BN 125,Show rating,Naked bike,125 ccm,https://bikez.com/motorcycles/benelli_bn_125_2023.php
2023,Benelli Imperiale 400,Show rating,Allround,374 ccm,https://bikez.com/motorcycles/benelli_imperiale_400_2023.php
2023,Benelli Leoncino 125,-,Enduro/offroad,125 ccm,https://bikez.com/motorcycles/benelli_leoncino_125_2023.php
2023,Benelli Leoncino 250,-,Super motard,249 ccm,https://bikez.com/motorcycles/benelli_leoncino_250_2023.php
2023,Benelli Leoncino 500,-,Enduro/offroad,500 ccm,https://bikez.com/motorcycles/benelli_leoncino_500_2023.php
2023,Benelli Leoncino 500 ES,-,Allround,500 ccm,https://bikez.com/motorcycles/benelli_leoncino_500_es_2023.php
2023,Benelli Leoncino 500 Trail,-,Enduro/offroad,500 ccm,https://bikez.com/motorcycles/benelli_leoncino_500_trail_2023.php
2023,Benelli Leoncino 500 Trail ES,-,Enduro/offroad,500 ccm,https://bikez.com/motorcycles/benelli_leoncino_500_trail_es_2023.php
2023,Benelli Leoncino 800,-,Naked bike,754 ccm,https://bikez.com/motorcycles/benelli_leoncino_800_2023.php
2023,Benelli Leoncino 800 ES,-,Naked bike,754 ccm,https://bikez.com/motorcycles/benelli_leoncino_800_es_2023.php
2023,Benelli Leoncino 800 Trail,-,Enduro/offroad,754 ccm,https://bikez.com/motorcycles/benelli_leoncino_800_trail_2023.php
2023,Benelli Leoncino 800 Trail ES,-,Enduro/offroad,754 ccm,https://bikez.com/motorcycles/benelli_leoncino_800_trail_es_2023.php
2023,Benelli Leoncino Trail,-,Enduro/offroad,500 ccm,https://bikez.com/motorcycles/benelli_leoncino_trail_2023.php
2023,Benelli TNT 135,-,"Minibike, sport",135 ccm,https://bikez.com/motorcycles/benelli_tnt_135_2023.php
2023,Benelli Tornado Naked T 125,-,"Minibike, sport",125 ccm,https://bikez.com/motorcycles/benelli_tornado_naked_t_125_2023.php
2023,Benelli Tornado Naked Twin 500,-,Naked bike,500 ccm,https://bikez.com/motorcycles/benelli_tornado_naked_twin_500_2023.php
2023,Benelli TRK 251,-,Touring,249 ccm,https://bikez.com/motorcycles/benelli_trk_251_2023.php
2023,Benelli TRK 502,-,Allround,500 ccm,https://bikez.com/motorcycles/benelli_trk_502_2023.php
2023,Benelli TRK 502X,Show rating,Allround,500 ccm,https://bikez.com/motorcycles/benelli_trk_502x_2023.php
2023,Benelli TRK 702,Show rating,Allround,698 ccm,https://bikez.com/motorcycles/benelli_trk_702_2023.php
2023,Benelli TRK 702X,Show rating,Allround,698 ccm,https://bikez.com/motorcycles/benelli_trk_702x_2023.php
2023,Benelli TRK 800,-,Allround,754 ccm,https://bikez.com/motorcycles/benelli_trk_800_2023.php
2023,Bennche Gray Wolf 400,-,ATV,352 ccm,https://bikez.com/motorcycles/bennche_gray_wolf_400_2023.php
2023,Bennche Gray Wolf 550L,-,ATV,493 ccm,https://bikez.com/motorcycles/bennche_gray_wolf_550l_2023.php
2023,Bennche Pathcross 650L,-,ATV,650 ccm,https://bikez.com/motorcycles/bennche_pathcross_650l_2023.php
2023,Beta Alp 200,-,Enduro/offroad,199 ccm,https://bikez.com/motorcycles/beta_alp_200_2023.php
2023,Beta Evo 2T 125,-,Trial,125 ccm,https://bikez.com/motorcycles/beta_evo_2t_125_2023.php
2023,Beta Evo 2T 250,-,Trial,250 ccm,https://bikez.com/motorcycles/beta_evo_2t_250_2023.php
2023,Beta Evo 2T 300,-,Trial,297 ccm,https://bikez.com/motorcycles/beta_evo_2t_300_2023.php
2023,Beta Evo 2T 300 SS,-,Trial,297 ccm,https://bikez.com/motorcycles/beta_evo_2t_300_ss_2023.php
2023,Beta Evo 4T 300,-,Trial,297 ccm,https://bikez.com/motorcycles/beta_evo_4t_300_2023.php
2023,Beta Evo 80 Junior,-,Trial,80 ccm,https://bikez.com/motorcycles/beta_evo_80_junior_2023.php
2023,Beta Evo 80 Senior,-,Trial,80 ccm,https://bikez.com/motorcycles/beta_evo_80_senior_2023.php
2023,Beta RR 2T 125,-,Enduro/offroad,125 ccm,https://bikez.com/motorcycles/beta_rr_2t_125_2023.php
2023,Beta RR 2T 200,-,Enduro/offroad,190 ccm,https://bikez.com/motorcycles/beta_rr_2t_200_2023.php
2023,Beta RR 2T 250,-,Enduro/offroad,249 ccm,https://bikez.com/motorcycles/beta_rr_2t_250_2023.php
2023,Beta RR 2T 300,-,Enduro/offroad,293 ccm,https://bikez.com/motorcycles/beta_rr_2t_300_2023.php
2023,Beta RR 4T 350,-,Enduro/offroad,349 ccm,https://bikez.com/motorcycles/beta_rr_4t_350_2023.php
2023,Beta RR 4T 390,-,Enduro/offroad,386 ccm,https://bikez.com/motorcycles/beta_rr_4t_390_2023.php
2023,Beta RR 4T 430,-,Enduro/offroad,431 ccm,https://bikez.com/motorcycles/beta_rr_4t_430_2023.php
2023,Beta RR 4T 480,-,Enduro/offroad,478 ccm,https://bikez.com/motorcycles/beta_rr_4t_480_2023.php
2023,Beta RR Racing 2T 125,-,Enduro/offroad,125 ccm,https://bikez.com/motorcycles/beta_rr_racing_2t_125_2023.php
2023,Beta RR Racing 2T 200,-,Enduro/offroad,190 ccm,https://bikez.com/motorcycles/beta_rr_racing_2t_200_2023.php
2023,Beta RR Racing 2T 250,-,Enduro/offroad,249 ccm,https://bikez.com/motorcycles/beta_rr_racing_2t_250_2023.php
2023,Beta RR Racing 2T 300,-,Enduro/offroad,293 ccm,https://bikez.com/motorcycles/beta_rr_racing_2t_300_2023.php
2023,Beta RR Racing 4T 350,-,Enduro/offroad,349 ccm,https://bikez.com/motorcycles/beta_rr_racing_4t_350_2023.php
2023,Beta RR Racing 4T 390,-,Enduro/offroad,385 ccm,https://bikez.com/motorcycles/beta_rr_racing_4t_390_2023.php
2023,Beta RR Racing 4T 430,-,Enduro/offroad,431 ccm,https://bikez.com/motorcycles/beta_rr_racing_4t_430_2023.php
2023,Beta RR Racing 4T 480,-,Enduro/offroad,478 ccm,https://bikez.com/motorcycles/beta_rr_racing_4t_480_2023.php
2023,Beta Xtrainer 250,-,Enduro/offroad,249 ccm,https://bikez.com/motorcycles/beta_xtrainer_250_2023.php
2023,Beta Xtrainer 300,Show rating,Enduro/offroad,293 ccm,https://bikez.com/motorcycles/beta_xtrainer_300_2023.php
2023,Bimota BX450,-,Enduro/offroad,449 ccm,https://bikez.com/motorcycles/bimota_bx450_2023.php
2023,Bimota KB4,-,Sport,1043 ccm,https://bikez.com/motorcycles/bimota_kb4_2023.php
2023,Bimota KB4 RC,-,Sport,1043 ccm,https://bikez.com/motorcycles/bimota_kb4_rc_2023.php
2023,Bimota Tesi H2,-,Sport,998 ccm,https://bikez.com/motorcycles/bimota_tesi_h2_2023.php
2023,Bintelli Beast 150,-,Scooter,150 ccm,https://bikez.com/motorcycles/bintelli_beast_150_2023.php
2023,Bintelli Beast 49,-,Allround,49 ccm,https://bikez.com/motorcycles/bintelli_beast_49_2023.php
2023,Bintelli Escape 49,-,Scooter,49 ccm,https://bikez.com/motorcycles/bintelli_escape_49_2023.php
2023,Bintelli Flash 150,-,Scooter,150 ccm,https://bikez.com/motorcycles/bintelli_flash_150_2023.php
2023,Bintelli Flash 49,-,Scooter,49 ccm,https://bikez.com/motorcycles/bintelli_flash_49_2023.php
2023,Bintelli Scorch 150,-,Scooter,150 ccm,https://bikez.com/motorcycles/bintelli_scorch_150_2023.php
2023,Bintelli Scorch 49,-,Scooter,49 ccm,https://bikez.com/motorcycles/bintelli_scorch_49_2023.php
2023,Bintelli Sprint 49,-,Scooter,49 ccm,https://bikez.com/motorcycles/bintelli_sprint_49_2023.php
2023,Bluroc Tracker 125,-,Super motard,125 ccm,https://bikez.com/motorcycles/bluroc_tracker_125_2023.php
2023,Bluroc V-Bob 250,-,Allround,250 ccm,https://bikez.com/motorcycles/bluroc_v-bob_250_2023.php
2023,BMW C 400 GT,-,Scooter,350 ccm,https://bikez.com/motorcycles/bmw_c_400_gt_2023.php
2023,BMW C400X,-,Scooter,350 ccm,https://bikez.com/motorcycles/bmw_c400x_2023.php
2023,BMW CE 04,Show rating,Scooter,Electric,https://bikez.com/motorcycles/bmw_ce_04_2023.php
2023,BMW F 750 GS,-,Enduro/offroad,853 ccm,https://bikez.com/motorcycles/bmw_f_750_gs_2023.php
2023,BMW F 850 GS,Show rating,Enduro/offroad,853 ccm,https://bikez.com/motorcycles/bmw_f_850_gs_2023.php
2023,BMW F 850 GS Adventure,-,Enduro/offroad,853 ccm,https://bikez.com/motorcycles/bmw_f_850_gs_adventure_2023.php
2023,BMW F 900 R,-,Sport,895 ccm,https://bikez.com/motorcycles/bmw_f_900_r_2023.php
2023,BMW F 900 XR,Show rating,Sport,895 ccm,https://bikez.com/motorcycles/bmw_f_900_xr_2023.php
2023,BMW G 310 GS,-,Sport,313 ccm,https://bikez.com/motorcycles/bmw_g_310_gs_2023.php
2023,BMW G 310 R,-,Sport,313 ccm,https://bikez.com/motorcycles/bmw_g_310_r_2023.php
2023,BMW K 1600 B,Show rating,Touring,1649 ccm,https://bikez.com/motorcycles/bmw_k_1600_b_2023.php
2023,BMW K 1600 B Midnight,-,Touring,1649 ccm,https://bikez.com/motorcycles/bmw_k_1600_b_midnight_2023.php
2023,BMW K 1600 Grand America,-,Touring,1649 ccm,https://bikez.com/motorcycles/bmw_k_1600_grand_america_2023.php
2023,BMW K 1600 Grand America Midnight,-,Touring,1649 ccm,https://bikez.com/motorcycles/bmw_k_1600_grand_america_midnight_2023.php
2023,BMW K 1600 GT,-,Touring,1649 ccm,https://bikez.com/motorcycles/bmw_k_1600_gt_2023.php
2023,BMW K 1600 GTL,-,Touring,1649 ccm,https://bikez.com/motorcycles/bmw_k_1600_gtl_2023.php
2023,BMW M 1000 R,-,Sport,999 ccm,https://bikez.com/motorcycles/bmw_m_1000_r_2023.php
2023,BMW M 1000 RR,-,Sport,999 ccm,https://bikez.com/motorcycles/bmw_m_1000_rr_2023.php
2023,BMW R 1250 GS,Show rating,Enduro/offroad,1254 ccm,https://bikez.com/motorcycles/bmw_r_1250_gs_2023.php
2023,BMW R 1250 GS Adventure,Show rating,Enduro/offroad,1254 ccm,https://bikez.com/motorcycles/bmw_r_1250_gs_adventure_2023.php
2023,BMW R 1250 R,Show rating,Naked bike,1254 ccm,https://bikez.com/motorcycles/bmw_r_1250_r_2023.php
2023,BMW R 1250 R Roadster,-,Naked bike,1254 ccm,https://bikez.com/motorcycles/bmw_r_1250_r_roadster_2023.php
2023,BMW R 1250 RS,Show rating,Enduro/offroad,1254 ccm,https://bikez.com/motorcycles/bmw_r_1250_rs_2023.php
2023,BMW R 1250 RT,-,Enduro/offroad,1254 ccm,https://bikez.com/motorcycles/bmw_r_1250_rt_2023.php
2023,BMW R 18,-,Custom/cruiser,1802 ccm,https://bikez.com/motorcycles/bmw_r_18_2023.php
2023,BMW R 18 100 Years,-,Custom/cruiser,1802 ccm,https://bikez.com/motorcycles/bmw_r_18_100_years_2023.php
2023,BMW R 18 B,-,Custom/cruiser,1802 ccm,https://bikez.com/motorcycles/bmw_r_18_b_2023.php
2023,BMW R 18 Classic,-,Custom/cruiser,1802 ccm,https://bikez.com/motorcycles/bmw_r_18_classic_2023.php
2023,BMW R 18 Transcontinental,-,Touring,1802 ccm,https://bikez.com/motorcycles/bmw_r_18_transcontinental_2023.php
2023,BMW R nine T,-,Sport,1170 ccm,https://bikez.com/motorcycles/bmw_r_nine_t_2023.php
2023,BMW R nineT  100 Years,-,Sport,1170 ccm,https://bikez.com/motorcycles/bmw_r_ninet_100_years_2023.php
2023,BMW R nineT Pure,-,Sport,1170 ccm,https://bikez.com/motorcycles/bmw_r_ninet_pure_2023.php
2023,BMW R nineT Scrambler,-,Naked bike,1170 ccm,https://bikez.com/motorcycles/bmw_r_ninet_scrambler_2023.php
2023,BMW R nineT Urban GS,-,Naked bike,1170 ccm,https://bikez.com/motorcycles/bmw_r_ninet_urban_gs_2023.php
2023,BMW R18 100 Years,-,Custom/cruiser,1802 ccm,https://bikez.com/motorcycles/bmw_r18_100_years_2023.php
2023,BMW S 1000 R,-,Naked bike,999 ccm,https://bikez.com/motorcycles/bmw_s_1000_r_2023.php
2023,BMW S 1000 RR,-,Sport,999 ccm,https://bikez.com/motorcycles/bmw_s_1000_rr_2023.php
2023,BMW S 1000 XR,-,Sport,999 ccm,https://bikez.com/motorcycles/bmw_s_1000_xr_2023.php
2023,Boss Hoss Classic Bagger,-,Custom/cruiser,6300 ccm,https://bikez.com/motorcycles/boss_hoss_classic_bagger_2023.php
2023,Boss Hoss Classic Cruiser,-,Custom/cruiser,6200 ccm,https://bikez.com/motorcycles/boss_hoss_classic_cruiser_2023.php
2023,Boss Hoss Dragon,-,Custom/cruiser,6300 ccm,https://bikez.com/motorcycles/boss_hoss_dragon_2023.php
2023,Boss Hoss Limited Super Sport,-,Custom/cruiser,8128 ccm,https://bikez.com/motorcycles/boss_hoss_limited_super_sport_2023.php
2023,Boss Hoss Super Sport,-,Custom/cruiser,6200 ccm,https://bikez.com/motorcycles/boss_hoss_super_sport_2023.php
2023,Bourget Low-Blow,-,Custom/cruiser,1852 ccm,https://bikez.com/motorcycles/bourget_low-blow_2023.php
2023,Brixton Cromwell 1200,-,Sport,1222 ccm,https://bikez.com/motorcycles/brixton_cromwell_1200_2023.php
2023,Brixton Cromwell 125,-,Allround,125 ccm,https://bikez.com/motorcycles/brixton_cromwell_125_2023.php
2023,Brixton Cromwell 250,-,Allround,249 ccm,https://bikez.com/motorcycles/brixton_cromwell_250_2023.php
2023,Brixton Crossfire 125,-,Enduro/offroad,125 ccm,https://bikez.com/motorcycles/brixton_crossfire_125_2023.php
2023,Brixton Crossfire 125 XS,-,Enduro/offroad,125 ccm,https://bikez.com/motorcycles/brixton_crossfire_125_xs_2023.php
2023,Brixton Crossfire 500,-,Allround,486 ccm,https://bikez.com/motorcycles/brixton_crossfire_500_2023.php
2023,Brixton Crossfire 500 X,-,Sport,486 ccm,https://bikez.com/motorcycles/brixton_crossfire_500_x_2023.php
2023,Brixton Crossfire 500 XC,-,Allround,486 ccm,https://bikez.com/motorcycles/brixton_crossfire_500_xc_2023.php
2023,Brixton Felsberg 125,-,Allround,125 ccm,https://bikez.com/motorcycles/brixton_felsberg_125_2023.php
2023,Brixton Felsberg 125 XC,-,Enduro/offroad,125 ccm,https://bikez.com/motorcycles/brixton_felsberg_125_xc_2023.php
2023,Brixton Felsberg 250,-,Allround,249 ccm,https://bikez.com/motorcycles/brixton_felsberg_250_2023.php
2023,Brixton Layback,-,Prototype/concept model,Electric,https://bikez.com/motorcycles/brixton_layback_2023.php
2023,Brixton Rayburn 125,-,Allround,125 ccm,https://bikez.com/motorcycles/brixton_rayburn_125_2023.php
2023,Brixton Storr 500,-,Prototype/concept model,486 ccm,https://bikez.com/motorcycles/brixton_storr_500_2023.php
2023,Brixton Sunray 125,-,Allround,125 ccm,https://bikez.com/motorcycles/brixton_sunray_125_2023.php
2023,Brough Superior AMB 001,-,Sport,997 ccm,https://bikez.com/motorcycles/brough_superior_amb_001_2023.php
2023,Brough Superior AMB 001 Pro,-,Sport,997 ccm,https://bikez.com/motorcycles/brough_superior_amb_001_pro_2023.php
2023,Brough Superior Anniversary Golden Dream,-,Sport,997 ccm,https://bikez.com/motorcycles/brough_superior_anniversary_golden_dream_2023.php
2023,Brough Superior Anniversary Original,-,Sport,997 ccm,https://bikez.com/motorcycles/brough_superior_anniversary_original_2023.php
2023,Brough Superior Lawrence,-,Naked bike,997 ccm,https://bikez.com/motorcycles/brough_superior_lawrence_2023.php
2023,Brough Superior Lawrence Dagger,-,Allround,997 ccm,https://bikez.com/motorcycles/brough_superior_lawrence_dagger_2023.php
2023,Brough Superior Lawrence Nefud,-,Allround,997 ccm,https://bikez.com/motorcycles/brough_superior_lawrence_nefud_2023.php
2023,Brough Superior Pendine Dixon,-,Enduro/offroad,997 ccm,https://bikez.com/motorcycles/brough_superior_pendine_dixon_2023.php
2023,Brough Superior Pendine Sand Racer,-,Enduro/offroad,997 ccm,https://bikez.com/motorcycles/brough_superior_pendine_sand_racer_2023.php
2023,Brough Superior SS100,-,Sport,997 ccm,https://bikez.com/motorcycles/brough_superior_ss100_2023.php
2023,Brough Superior SS100 Bert Le Vack,-,Sport,997 ccm,https://bikez.com/motorcycles/brough_superior_ss100_bert_le_vack_2023.php
2023,Brough Superior SS100 Karslake,-,Sport,997 ccm,https://bikez.com/motorcycles/brough_superior_ss100_karslake_2023.php
2023,Brough Superior SS100 Salt Racer,-,Sport,997 ccm,https://bikez.com/motorcycles/brough_superior_ss100_salt_racer_2023.php
2023,BSA Gold Star,Show rating,Classic,652 ccm,https://bikez.com/motorcycles/bsa_gold_star_2023.php
2023,BucciMoto FM20MX,-,Cross/motocross,150 ccm,https://bikez.com/motorcycles/buccimoto_fm20mx_2023.php
2023,California Scooter RX1E Electric,-,Touring,Electric,https://bikez.com/motorcycles/california_scooter_rx1e_electric_2023.php
2023,California Scooter RX4 Adventure,-,Allround,450 ccm,https://bikez.com/motorcycles/california_scooter_rx4_adventure_2023.php
2023,California Scooter SG250 Cafe Racer,-,Allround,230 ccm,https://bikez.com/motorcycles/california_scooter_sg250_cafe_racer_2023.php
2023,Can-Am Origin,-,Prototype/concept model,Electric,https://bikez.com/motorcycles/can-am_origin_2023.php
2023,Can-Am Pulse,-,Prototype/concept model,Electric,https://bikez.com/motorcycles/can-am_pulse_2023.php
2023,Can-Am Ryker 600,-,Touring,600 ccm,https://bikez.com/motorcycles/can-am_ryker_600_2023.php
2023,Can-Am Ryker 900,-,Touring,900 ccm,https://bikez.com/motorcycles/can-am_ryker_900_2023.php
2023,Can-Am Ryker Rally,-,Allround,900 ccm,https://bikez.com/motorcycles/can-am_ryker_rally_2023.php
2023,Can-Am Ryker Sport,-,Touring,900 ccm,https://bikez.com/motorcycles/can-am_ryker_sport_2023.php
2023,Can-Am Spyder F3,-,Touring,1330 ccm,https://bikez.com/motorcycles/can-am_spyder_f3_2023.php
2023,Can-Am Spyder F3 Limited,-,Touring,1330 ccm,https://bikez.com/motorcycles/can-am_spyder_f3_limited_2023.php
2023,Can-Am Spyder F3-S,-,Touring,1330 ccm,https://bikez.com/motorcycles/can-am_spyder_f3-s_2023.php
2023,Can-Am Spyder F3-T,-,Touring,1330 ccm,https://bikez.com/motorcycles/can-am_spyder_f3-t_2023.php
2023,Can-Am Spyder RT,-,Touring,1330 ccm,https://bikez.com/motorcycles/can-am_spyder_rt_2023.php
2023,Capirelli Bravo 125,-,Scooter,125 ccm,https://bikez.com/motorcycles/capirelli_bravo_125_2023.php
2023,Capirelli Cappuchino 125,-,Scooter,125 ccm,https://bikez.com/motorcycles/capirelli_cappuchino_125_2023.php
2023,Capirelli Explorer 300T,-,Scooter,276 ccm,https://bikez.com/motorcycles/capirelli_explorer_300t_2023.php
2023,Capirelli Monza 125,-,Sport,125 ccm,https://bikez.com/motorcycles/capirelli_monza_125_2023.php
2023,CCM Classic Tracker,-,Naked bike,600 ccm,https://bikez.com/motorcycles/ccm_classic_tracker_2023.php
2023,CCM Herritage Classic Tracker,-,Naked bike,600 ccm,https://bikez.com/motorcycles/ccm_herritage_classic_tracker_2023.php
2023,CCM Six,-,Naked bike,600 ccm,https://bikez.com/motorcycles/ccm_six_2023.php
2023,CCM Street Tracker,-,Naked bike,600 ccm,https://bikez.com/motorcycles/ccm_street_tracker_2023.php
2023,CF Moto 300SS,-,Sport,292 ccm,https://bikez.com/motorcycles/cf_moto_300ss_2023.php
2023,CF Moto 450SS,-,Sport,450 ccm,https://bikez.com/motorcycles/cf_moto_450ss_2023.php
2023,CF Moto 700CL-X Heritage,-,Allround,693 ccm,https://bikez.com/motorcycles/cf_moto_700cl-x_heritage_2023.php
2023,CF Moto 800 Adventura Street,-,Super motard,799 ccm,https://bikez.com/motorcycles/cf_moto_800_adventura_street_2023.php
2023,CF Moto 800 Adventura Terrain,Show rating,Enduro/offroad,799 ccm,https://bikez.com/motorcycles/cf_moto_800_adventura_terrain_2023.php
2023,CF Moto Ibex 800 S,-,Super motard,799 ccm,https://bikez.com/motorcycles/cf_moto_ibex_800_s_2023.php
2023,CF Moto Ibex 800 T,-,Touring,799 ccm,https://bikez.com/motorcycles/cf_moto_ibex_800_t_2023.php
2023,CF Moto NK-C22 Concept,-,Prototype/concept model,799 ccm,https://bikez.com/motorcycles/cf_moto_nk-c22_concept_2023.php
2023,CF Moto Papio,-,"Minibike, sport",126 ccm,https://bikez.com/motorcycles/cf_moto_papio_2023.php
2023,Christini AWD 300 E,-,Enduro/offroad,300 ccm,https://bikez.com/motorcycles/christini_awd_300_e_2023.php
2023,Christini E-ATV,-,ATV,Electric,https://bikez.com/motorcycles/christini_e-atv_2023.php
2023,Christini Hybrid E-ATV,-,ATV,150 ccm,https://bikez.com/motorcycles/christini_hybrid_e-atv_2023.php
2023,Cleveland Ace Scrambler,-,Classic,249 ccm,https://bikez.com/motorcycles/cleveland_ace_scrambler_2023.php
2023,Cleveland Misfit 2,-,Allround,229 ccm,https://bikez.com/motorcycles/cleveland_misfit_2_2023.php
2023,Cobra CX50 JR,-,"Minibike, cross",50 ccm,https://bikez.com/motorcycles/cobra_cx50_jr_2023.php
2023,Cobra CX50e,-,"Minibike, cross",Electric,https://bikez.com/motorcycles/cobra_cx50e_2023.php
2023,Cobra CX50SRX FWE,-,"Minibike, cross",50 ccm,https://bikez.com/motorcycles/cobra_cx50srx_fwe_2023.php
2023,Cobra CX50SRX King,-,"Minibike, cross",50 ccm,https://bikez.com/motorcycles/cobra_cx50srx_king_2023.php
2023,Cobra CX65,-,"Minibike, cross",65 ccm,https://bikez.com/motorcycles/cobra_cx65_2023.php
2023,Combat Motors Wraith,-,Naked bike,2163 ccm,https://bikez.com/motorcycles/combat_motors_wraith_2023.php
2023,Curtiss 1 Electric,-,Prototype/concept model,Electric,https://bikez.com/motorcycles/curtiss_1_electric_2023.php
2023,Dafra Apache RTR 200,-,Sport,198 ccm,https://bikez.com/motorcycles/dafra_apache_rtr_200_2023.php
2023,Dafra Citycom HD 300,-,Scooter,278 ccm,https://bikez.com/motorcycles/dafra_citycom_hd_300_2023.php
2023,Damon Hyperfighter Unlimited 20,-,Naked bike,Electric,https://bikez.com/motorcycles/damon_hyperfighter_unlimited_20_2023.php
2023,Damon Hypersport HS,-,Sport,Electric,https://bikez.com/motorcycles/damon_hypersport_hs_2023.php
2023,Damon Hypersport Premier,-,Sport,Electric,https://bikez.com/motorcycles/damon_hypersport_premier_2023.php
2023,Damon Hypersport SX,-,Sport,Electric,https://bikez.com/motorcycles/damon_hypersport_sx_2023.php
2023,Davinci DC Classic,-,Sport,Electric,https://bikez.com/motorcycles/davinci_dc_classic_2023.php
2023,Davinci DC100,-,Sport,Electric,https://bikez.com/motorcycles/davinci_dc100_2023.php
2023,Di Blasi Express 50,-,"Minibike, sport",50 ccm,https://bikez.com/motorcycles/di_blasi_express_50_2023.php
2023,Docker Alpha S50,-,Scooter,48 ccm,https://bikez.com/motorcycles/docker_alpha_s50_2023.php
2023,Docker C50 Nouvelle,Show rating,Scooter,49 ccm,https://bikez.com/motorcycles/docker_c50_nouvelle_2023.php
2023,Ducati DesertX,-,Enduro/offroad,937 ccm,https://bikez.com/motorcycles/ducati_desertx_2023.php
2023,Ducati Diavel V4,-,Naked bike,1158 ccm,https://bikez.com/motorcycles/ducati_diavel_v4_2023.php
2023,Ducati Hypermotard 950,-,Super motard,937 ccm,https://bikez.com/motorcycles/ducati_hypermotard_950_2023.php
2023,Ducati Hypermotard 950 RVE,-,Super motard,937 ccm,https://bikez.com/motorcycles/ducati_hypermotard_950_rve_2023.php
2023,Ducati Hypermotard 950 SP,-,Super motard,937 ccm,https://bikez.com/motorcycles/ducati_hypermotard_950_sp_2023.php
2023,Ducati Monster,-,Naked bike,937 ccm,https://bikez.com/motorcycles/ducati_monster_2023.php
2023,Ducati Monster Plus,-,Naked bike,937 ccm,https://bikez.com/motorcycles/ducati_monster_plus_2023.php
2023,Ducati Monster SP,-,Naked bike,937 ccm,https://bikez.com/motorcycles/ducati_monster_sp_2023.php
2023,Ducati Multistrada V2,-,Sport,937 ccm,https://bikez.com/motorcycles/ducati_multistrada_v2_2023.php
2023,Ducati Multistrada V2 S,-,Sport,937 ccm,https://bikez.com/motorcycles/ducati_multistrada_v2_s_2023.php
2023,Ducati Multistrada V4,-,Sport,1158 ccm,https://bikez.com/motorcycles/ducati_multistrada_v4_2023.php
2023,Ducati Multistrada V4 Pikes Peak,Show rating,Sport,1158 ccm,https://bikez.com/motorcycles/ducati_multistrada_v4_pikes_peak_2023.php
2023,Ducati Multistrada V4 Rally,-,Enduro/offroad,1158 ccm,https://bikez.com/motorcycles/ducati_multistrada_v4_rally_2023.php
2023,Ducati Multistrada V4S,-,Allround,1158 ccm,https://bikez.com/motorcycles/ducati_multistrada_v4s_2023.php
2023,Ducati Multistrada V4S Sport,-,Allround,1158 ccm,https://bikez.com/motorcycles/ducati_multistrada_v4s_sport_2023.php
2023,Ducati Panigale V2,Show rating,Sport,955 ccm,https://bikez.com/motorcycles/ducati_panigale_v2_2023.php
2023,Ducati Panigale V2 Bayliss,-,Sport,955 ccm,https://bikez.com/motorcycles/ducati_panigale_v2_bayliss_2023.php
2023,Ducati Panigale V4,-,Sport,1103 ccm,https://bikez.com/motorcycles/ducati_panigale_v4_2023.php
2023,Ducati Panigale V4 R,-,Sport,998 ccm,https://bikez.com/motorcycles/ducati_panigale_v4_r_2023.php
2023,Ducati Panigale V4 S,-,Sport,1103 ccm,https://bikez.com/motorcycles/ducati_panigale_v4_s_2023.php
2023,Ducati Panigale V4 SP2,Show rating,Sport,1103 ccm,https://bikez.com/motorcycles/ducati_panigale_v4_sp2_2023.php
2023,Ducati Scrambler Full Throttle,-,Allround,803 ccm,https://bikez.com/motorcycles/ducati_scrambler_full_throttle_2023.php
2023,Ducati Scrambler Icon,-,Allround,803 ccm,https://bikez.com/motorcycles/ducati_scrambler_icon_2023.php
2023,Ducati Scrambler Nightshift,-,Naked bike,803 ccm,https://bikez.com/motorcycles/ducati_scrambler_nightshift_2023.php
2023,Ducati Streetfighter V2,-,Naked bike,955 ccm,https://bikez.com/motorcycles/ducati_streetfighter_v2_2023.php
2023,Ducati Streetfighter V4,-,Naked bike,1103 ccm,https://bikez.com/motorcycles/ducati_streetfighter_v4_2023.php
2023,Ducati Streetfighter V4 Lamborghini,-,Naked bike,1103 ccm,https://bikez.com/motorcycles/ducati_streetfighter_v4_lamborghini_2023.php
2023,Ducati Streetfighter V4 S,-,Naked bike,1103 ccm,https://bikez.com/motorcycles/ducati_streetfighter_v4_s_2023.php
2023,Ducati Streetfighter V4 SP2,-,Naked bike,1103 ccm,https://bikez.com/motorcycles/ducati_streetfighter_v4_sp2_2023.php
2023,Ducati Superleggera V4,-,Naked bike,998 ccm,https://bikez.com/motorcycles/ducati_superleggera_v4_2023.php
2023,Ducati Supersport 950,-,Sport,937 ccm,https://bikez.com/motorcycles/ducati_supersport_950_2023.php
2023,Ducati Supersport 950 S,-,Sport,937 ccm,https://bikez.com/motorcycles/ducati_supersport_950_s_2023.php
2023,Ducati V21L,-,Prototype/concept model,Electric,https://bikez.com/motorcycles/ducati_v21l_2023.php
2023,Ducati XDiavel Dark,-,Sport,1262 ccm,https://bikez.com/motorcycles/ducati_xdiavel_dark_2023.php
2023,Ducati XDiavel Nera,-,Sport,1262 ccm,https://bikez.com/motorcycles/ducati_xdiavel_nera_2023.php
2023,Ducati XDiavel S,-,Sport,1262 ccm,https://bikez.com/motorcycles/ducati_xdiavel_s_2023.php
2023,E-Racer Bestial-E,-,Naked bike,Electric,https://bikez.com/motorcycles/e-racer_bestial-e_2023.php
2023,Ebretti 318,-,Scooter,Electric,https://bikez.com/motorcycles/ebretti_318_2023.php
2023,Eccity Cargo 3,-,Scooter,Electric,https://bikez.com/motorcycles/eccity_cargo_3_2023.php
2023,Ecooter E5,-,Scooter,Electric,https://bikez.com/motorcycles/ecooter_e5_2023.php
2023,Electric Motion Epure,-,Trial,Electric,https://bikez.com/motorcycles/electric_motion_epure_2023.php
2023,Electric Motion Escape,-,Enduro/offroad,Electric,https://bikez.com/motorcycles/electric_motion_escape_2023.php
2023,emco Retro Nova R 3000,-,Scooter,Electric,https://bikez.com/motorcycles/emco_retro_nova_r_3000_2023.php
2023,Energica Ego,-,Sport,Electric,https://bikez.com/motorcycles/energica_ego_2023.php
2023,Energica Ego Plus,-,Sport,Electric,https://bikez.com/motorcycles/energica_ego_plus_2023.php
2023,Energica Ego Plus RS,-,Sport,Electric,https://bikez.com/motorcycles/energica_ego_plus_rs_2023.php
2023,Energica Eva Esse Esse 9,-,Sport,Electric,https://bikez.com/motorcycles/energica_eva_esse_esse_9_2023.php
2023,Energica Eva EsseEsse Plus 9 RS,-,Sport,Electric,https://bikez.com/motorcycles/energica_eva_esseesse_plus_9_rs_2023.php
2023,Energica Eva Ribelle,-,Naked bike,Electric,https://bikez.com/motorcycles/energica_eva_ribelle_2023.php
2023,Energica Eva Ribelle RS,-,Naked bike,Electric,https://bikez.com/motorcycles/energica_eva_ribelle_rs_2023.php
2023,Energica Experia,-,Touring,Electric,https://bikez.com/motorcycles/energica_experia_2023.php
2023,Enfield Classic 350,-,Classic,349 ccm,https://bikez.com/motorcycles/enfield_classic_350_2023.php
2023,Enfield Continental GT 650,-,Classic,648 ccm,https://bikez.com/motorcycles/enfield_continental_gt_650_2023.php
2023,Enfield Himalayan,Show rating,Enduro/offroad,411 ccm,https://bikez.com/motorcycles/enfield_himalayan_2023.php
2023,Enfield HNTR 350,-,Classic,349 ccm,https://bikez.com/motorcycles/enfield_hntr_350_2023.php
2023,Enfield Interceptor 650,-,Classic,648 ccm,https://bikez.com/motorcycles/enfield_interceptor_650_2023.php
2023,Enfield Meteor 350,-,Classic,349 ccm,https://bikez.com/motorcycles/enfield_meteor_350_2023.php
2023,Enfield Scram 411,-,Classic,411 ccm,https://bikez.com/motorcycles/enfield_scram_411_2023.php
2023,Enfield Super Meteor 650,-,Classic,648 ccm,https://bikez.com/motorcycles/enfield_super_meteor_650_2023.php
2023,Evolet Raptor,-,Scooter,Electric,https://bikez.com/motorcycles/evolet_raptor_2023.php
2023,Exile Cycles Bar Hopper,-,Custom/cruiser,1311 ccm,https://bikez.com/motorcycles/exile_cycles_bar_hopper_2023.php
2023,Factory Bike J11,-,Cross/motocross,250 ccm,https://bikez.com/motorcycles/factory_bike_j11_2023.php
2023,Factory Bike Joker S25,-,Enduro/offroad,250 ccm,https://bikez.com/motorcycles/factory_bike_joker_s25_2023.php
2023,Factory Bike Kenny 400,-,Sport,400 ccm,https://bikez.com/motorcycles/factory_bike_kenny_400_2023.php
2023,Factory Bike La Bestia,-,Naked bike,400 ccm,https://bikez.com/motorcycles/factory_bike_la_bestia_2023.php
2023,Factory Bike M4F,-,Enduro/offroad,250 ccm,https://bikez.com/motorcycles/factory_bike_m4f_2023.php
2023,Factory Bike M55,-,"Minibike, cross",55 ccm,https://bikez.com/motorcycles/factory_bike_m55_2023.php
2023,Factory Bike MX55,-,"Minibike, cross",55 ccm,https://bikez.com/motorcycles/factory_bike_mx55_2023.php
2023,Factory Bike MXF,-,Enduro/offroad,250 ccm,https://bikez.com/motorcycles/factory_bike_mxf_2023.php
2023,Fantic Caballero Deluxe 500,-,Enduro/offroad,449 ccm,https://bikez.com/motorcycles/fantic_caballero_deluxe_500_2023.php
2023,Fantic Caballero Explorer 500,-,Enduro/offroad,449 ccm,https://bikez.com/motorcycles/fantic_caballero_explorer_500_2023.php
2023,Fantic Caballero Flat Track 500,-,Allround,449 ccm,https://bikez.com/motorcycles/fantic_caballero_flat_track_500_2023.php
2023,Fantic Caballero Scrambler 500,-,Enduro/offroad,449 ccm,https://bikez.com/motorcycles/fantic_caballero_scrambler_500_2023.php
2023,Fantic XE 50 Competition,-,Enduro/offroad,49 ccm,https://bikez.com/motorcycles/fantic_xe_50_competition_2023.php
2023,Fantic XE 50 Performance,-,Enduro/offroad,49 ccm,https://bikez.com/motorcycles/fantic_xe_50_performance_2023.php
2023,Fantic XEF 450 Rally,-,Enduro/offroad,450 ccm,https://bikez.com/motorcycles/fantic_xef_450_rally_2023.php
2023,Fantic XEF 450 Rally Factory,-,Enduro/offroad,450 ccm,https://bikez.com/motorcycles/fantic_xef_450_rally_factory_2023.php
2023,Fantic XM 50 Competition,-,Super motard,49 ccm,https://bikez.com/motorcycles/fantic_xm_50_competition_2023.php
2023,Fantic XM 50 Performance,-,Super motard,49 ccm,https://bikez.com/motorcycles/fantic_xm_50_performance_2023.php
2023,Fantic XMF 125 Competition,-,Super motard,125 ccm,https://bikez.com/motorcycles/fantic_xmf_125_competition_2023.php
2023,Fantic XX 125,-,Cross/motocross,125 ccm,https://bikez.com/motorcycles/fantic_xx_125_2023.php
2023,FB Mondial HPS 125,-,Allround,124 ccm,https://bikez.com/motorcycles/fb_mondial_hps_125_2023.php
2023,FB Mondial HPS 300,-,Allround,249 ccm,https://bikez.com/motorcycles/fb_mondial_hps_300_2023.php
2023,Felo FW-06,-,Scooter,Electric,https://bikez.com/motorcycles/felo_fw-06_2023.php
2023,FGR Midalu 2500,-,Naked bike,2442 ccm,https://bikez.com/motorcycles/fgr_midalu_2500_2023.php
2023,GAS GAS 12eDrive,-,"Minibike, cross",Electric,https://bikez.com/motorcycles/gas_gas_12edrive_2023.php
2023,GAS GAS 450 SMR,-,Super motard,450 ccm,https://bikez.com/motorcycles/gas_gas_450_smr_2023.php
2023,GAS GAS EC 250,-,Enduro/offroad,249 ccm,https://bikez.com/motorcycles/gas_gas_ec_250_2023.php
2023,GAS GAS EC 250F,-,Enduro/offroad,250 ccm,https://bikez.com/motorcycles/gas_gas_ec_250f_2023.php
2023,GAS GAS EC 300,-,Enduro/offroad,293 ccm,https://bikez.com/motorcycles/gas_gas_ec_300_2023.php
2023,GAS GAS EC 350F,-,Enduro/offroad,350 ccm,https://bikez.com/motorcycles/gas_gas_ec_350f_2023.php
2023,GAS GAS ES 700,-,Enduro/offroad,693 ccm,https://bikez.com/motorcycles/gas_gas_es_700_2023.php
2023,GAS GAS EX 250,-,Enduro/offroad,249 ccm,https://bikez.com/motorcycles/gas_gas_ex_250_2023.php
2023,GAS GAS EX 250F,-,Enduro/offroad,250 ccm,https://bikez.com/motorcycles/gas_gas_ex_250f_2023.php
2023,GAS GAS EX 300,-,Enduro/offroad,293 ccm,https://bikez.com/motorcycles/gas_gas_ex_300_2023.php
2023,GAS GAS EX 350F,-,Enduro/offroad,350 ccm,https://bikez.com/motorcycles/gas_gas_ex_350f_2023.php
2023,GAS GAS EX 450F,-,Enduro/offroad,450 ccm,https://bikez.com/motorcycles/gas_gas_ex_450f_2023.php
2023,GAS GAS MC 125,-,Cross/motocross,125 ccm,https://bikez.com/motorcycles/gas_gas_mc_125_2023.php
2023,GAS GAS MC 250,-,Cross/motocross,249 ccm,https://bikez.com/motorcycles/gas_gas_mc_250_2023.php
2023,GAS GAS MC 250F,-,Cross/motocross,250 ccm,https://bikez.com/motorcycles/gas_gas_mc_250f_2023.php
2023,GAS GAS MC 350F,-,Cross/motocross,350 ccm,https://bikez.com/motorcycles/gas_gas_mc_350f_2023.php
2023,GAS GAS MC 450F,-,Cross/motocross,450 ccm,https://bikez.com/motorcycles/gas_gas_mc_450f_2023.php
2023,GAS GAS MC 450F Factory,-,Cross/motocross,450 ccm,https://bikez.com/motorcycles/gas_gas_mc_450f_factory_2023.php
2023,GAS GAS MC 450F Troy Lee Designs,-,Cross/motocross,450 ccm,https://bikez.com/motorcycles/gas_gas_mc_450f_troy_lee_designs_2023.php
2023,GAS GAS MC 50,-,"Minibike, cross",49 ccm,https://bikez.com/motorcycles/gas_gas_mc_50_2023.php
2023,GAS GAS MC 65,-,"Minibike, cross",65 ccm,https://bikez.com/motorcycles/gas_gas_mc_65_2023.php
2023,GAS GAS MC 85 17-14,-,Cross/motocross,85 ccm,https://bikez.com/motorcycles/gas_gas_mc_85_17-14_2023.php
2023,GAS GAS MC 85 19-16,-,Cross/motocross,85 ccm,https://bikez.com/motorcycles/gas_gas_mc_85_19-16_2023.php
2023,GAS GAS MC-E 3,-,"Minibike, cross",Electric,https://bikez.com/motorcycles/gas_gas_mc-e_3_2023.php
2023,GAS GAS MC-E 5,-,"Minibike, cross",Electric,https://bikez.com/motorcycles/gas_gas_mc-e_5_2023.php
2023,GAS GAS RX 450F Replica,-,Enduro/offroad,450 ccm,https://bikez.com/motorcycles/gas_gas_rx_450f_replica_2023.php
2023,GAS GAS SM 700 R,-,Super motard,693 ccm,https://bikez.com/motorcycles/gas_gas_sm_700_r_2023.php
2023,GAS GAS TXT 125 Racing,-,Trial,125 ccm,https://bikez.com/motorcycles/gas_gas_txt_125_racing_2023.php
2023,GAS GAS TXT 280 Racing,-,Trial,272 ccm,https://bikez.com/motorcycles/gas_gas_txt_280_racing_2023.php
2023,GAS GAS TXT GP 250,-,Trial,248 ccm,https://bikez.com/motorcycles/gas_gas_txt_gp_250_2023.php
2023,GAS GAS TXT GP 300,-,Trial,294 ccm,https://bikez.com/motorcycles/gas_gas_txt_gp_300_2023.php
2023,GAS GAS TXT Racing 250,-,Trial,248 ccm,https://bikez.com/motorcycles/gas_gas_txt_racing_250_2023.php
2023,GAS GAS TXT Racing 300,-,Trial,294 ccm,https://bikez.com/motorcycles/gas_gas_txt_racing_300_2023.php
2023,Genata XrN,-,Naked bike,125 ccm,https://bikez.com/motorcycles/genata_xrn_2023.php
2023,Genuine Scooter G400C,-,Allround,397 ccm,https://bikez.com/motorcycles/genuine_scooter_g400c_2023.php
2023,Geon Dakar 250 GNX,-,Enduro/offroad,223 ccm,https://bikez.com/motorcycles/geon_dakar_250_gnx_2023.php
2023,Ghezzi-Brian Furia,-,Naked bike,1064 ccm,https://bikez.com/motorcycles/ghezzi-brian_furia_2023.php
2023,Gibbs Biski,-,Enduro/offroad,498 ccm,https://bikez.com/motorcycles/gibbs_biski_2023.php
2023,Goes Copper 2.0,-,ATV,176 ccm,https://bikez.com/motorcycles/goes_copper_20_2023.php
2023,Goes Iron 450,-,ATV,398 ccm,https://bikez.com/motorcycles/goes_iron_450_2023.php
2023,Goes Space 2.0,-,ATV,110 ccm,https://bikez.com/motorcycles/goes_space_20_2023.php
2023,Goes Xwolf 700,-,ATV,686 ccm,https://bikez.com/motorcycles/goes_xwolf_700_2023.php
2023,Gogoro S1,-,Scooter,Electric,https://bikez.com/motorcycles/gogoro_s1_2023.php
2023,Gogoro SuperSport Ace,-,Scooter,Electric,https://bikez.com/motorcycles/gogoro_supersport_ace_2023.php
2023,Gogoro Viva,-,Scooter,Electric,https://bikez.com/motorcycles/gogoro_viva_2023.php
2023,Govecs Flex Sharing,-,Scooter,Electric,https://bikez.com/motorcycles/govecs_flex_sharing_2023.php
2023,GPX Moto FSE 250E,Show rating,Enduro/offroad,249 ccm,https://bikez.com/motorcycles/gpx_moto_fse_250e_2023.php
2023,GPX Moto FSE 300R,-,Enduro/offroad,298 ccm,https://bikez.com/motorcycles/gpx_moto_fse_300r_2023.php
2023,GPX Moto FSE 450R,-,Enduro/offroad,449 ccm,https://bikez.com/motorcycles/gpx_moto_fse_450r_2023.php
2023,GPX Moto Kove FSE 450R Rally,-,Enduro/offroad,449 ccm,https://bikez.com/motorcycles/gpx_moto_kove_fse_450r_rally_2023.php
2023,GPX Moto TSE 250R,-,Enduro/offroad,224 ccm,https://bikez.com/motorcycles/gpx_moto_tse_250r_2023.php
2023,GRC Moto GP12R,-,"Minibike, sport",160 ccm,https://bikez.com/motorcycles/grc_moto_gp12r_2023.php
2023,GreenTrans EM100 Super,-,Scooter,Electric,https://bikez.com/motorcycles/greentrans_em100_super_2023.php
2023,GreenTrans EM25 Bobe,-,Scooter,Electric,https://bikez.com/motorcycles/greentrans_em25_bobe_2023.php
2023,Hadin Panther,-,Custom/cruiser,Electric,https://bikez.com/motorcycles/hadin_panther_2023.php
2023,Hanway B40,-,Custom/cruiser,389 ccm,https://bikez.com/motorcycles/hanway_b40_2023.php
2023,Hanway B50,-,Custom/cruiser,498 ccm,https://bikez.com/motorcycles/hanway_b50_2023.php
2023,Haojin HJ150T-A,-,Scooter,149 ccm,https://bikez.com/motorcycles/haojin_hj150t-a_2023.php
2023,Haojue DL 150,-,Naked bike,149 ccm,https://bikez.com/motorcycles/haojue_dl_150_2023.php
2023,Haojue DR 300,Show rating,Naked bike,298 ccm,https://bikez.com/motorcycles/haojue_dr_300_2023.php
2023,Harley-Davidson Breakout 117,Show rating,Custom/cruiser,1917 ccm,https://bikez.com/motorcycles/harley-davidson_breakout_117_2023.php
2023,Harley-Davidson CVO Road Glide Limited,-,Touring,1917 ccm,https://bikez.com/motorcycles/harley-davidson_cvo_road_glide_limited_2023.php
2023,Harley-Davidson Fat Bob 114,-,Custom/cruiser,1868 ccm,https://bikez.com/motorcycles/harley-davidson_fat_bob_114_2023.php
2023,Harley-Davidson Fat Boy 114,Show rating,Custom/cruiser,1868 ccm,https://bikez.com/motorcycles/harley-davidson_fat_boy_114_2023.php
2023,Harley-Davidson Freewheeler,-,Custom/cruiser,1868 ccm,https://bikez.com/motorcycles/harley-davidson_freewheeler_2023.php
2023,Harley-Davidson Heritage Classic,-,Custom/cruiser,1868 ccm,https://bikez.com/motorcycles/harley-davidson_heritage_classic_2023.php
2023,Harley-Davidson Low Rider S,Show rating,Custom/cruiser,1917 ccm,https://bikez.com/motorcycles/harley-davidson_low_rider_s_2023.php
2023,Harley-Davidson Low Rider ST,Show rating,Custom/cruiser,1923 ccm,https://bikez.com/motorcycles/harley-davidson_low_rider_st_2023.php
2023,Harley-Davidson Nightster,-,Sport,975 ccm,https://bikez.com/motorcycles/harley-davidson_nightster_2023.php
2023,Harley-Davidson Nightster Special,-,Sport,975 ccm,https://bikez.com/motorcycles/harley-davidson_nightster_special_2023.php
2023,Harley-Davidson Pan America 1250,-,Super motard,1250 ccm,https://bikez.com/motorcycles/harley-davidson_pan_america_1250_2023.php
2023,Harley-Davidson Pan America 1250 Special,-,Super motard,1250 ccm,https://bikez.com/motorcycles/harley-davidson_pan_america_1250_special_2023.php
2023,Harley-Davidson Road Glide,Show rating,Touring,1746 ccm,https://bikez.com/motorcycles/harley-davidson_road_glide_2023.php
2023,Harley-Davidson Road Glide 3,-,Touring,1868 ccm,https://bikez.com/motorcycles/harley-davidson_road_glide_3_2023.php
2023,Harley-Davidson Road Glide Limited,Show rating,Touring,1868 ccm,https://bikez.com/motorcycles/harley-davidson_road_glide_limited_2023.php
2023,Harley-Davidson Road Glide Special,-,Touring,1868 ccm,https://bikez.com/motorcycles/harley-davidson_road_glide_special_2023.php
2023,Harley-Davidson Road Glide ST,-,Touring,1917 ccm,https://bikez.com/motorcycles/harley-davidson_road_glide_st_2023.php
2023,Harley-Davidson Road King Special,-,Touring,1868 ccm,https://bikez.com/motorcycles/harley-davidson_road_king_special_2023.php
2023,Harley-Davidson Softail Standard,Show rating,Custom/cruiser,1754 ccm,https://bikez.com/motorcycles/harley-davidson_softail_standard_2023.php
2023,Harley-Davidson Sportster S,-,Sport,1252 ccm,https://bikez.com/motorcycles/harley-davidson_sportster_s_2023.php
2023,Harley-Davidson Street Bob 114,Show rating,Custom/cruiser,1868 ccm,https://bikez.com/motorcycles/harley-davidson_street_bob_114_2023.php
2023,Harley-Davidson Street Glide,-,Touring,1746 ccm,https://bikez.com/motorcycles/harley-davidson_street_glide_2023.php
2023,Harley-Davidson Street Glide Special,Show rating,Touring,1868 ccm,https://bikez.com/motorcycles/harley-davidson_street_glide_special_2023.php
2023,Harley-Davidson Street Glide ST,-,Touring,1917 ccm,https://bikez.com/motorcycles/harley-davidson_street_glide_st_2023.php
2023,Harley-Davidson Tri Glide Ultra,Show rating,Touring,1868 ccm,https://bikez.com/motorcycles/harley-davidson_tri_glide_ultra_2023.php
2023,Harley-Davidson Ultra Limited,Show rating,Touring,1868 ccm,https://bikez.com/motorcycles/harley-davidson_ultra_limited_2023.php
2023,Hartford Cappuccino 150,-,Scooter,149 ccm,https://bikez.com/motorcycles/hartford_cappuccino_150_2023.php
2023,Hartford Classic S 125i,-,Allround,124 ccm,https://bikez.com/motorcycles/hartford_classic_s_125i_2023.php
2023,Hartford Mini 150,-,"Minibike, sport",149 ccm,https://bikez.com/motorcycles/hartford_mini_150_2023.php
2023,Hartford VR-223H Velo-Cross,-,Enduro/offroad,223 ccm,https://bikez.com/motorcycles/hartford_vr-223h_velo-cross_2023.php
2023,Herald Brat 125,-,Allround,124 ccm,https://bikez.com/motorcycles/herald_brat_125_2023.php
2023,Herald Brute 500,-,Allround,449 ccm,https://bikez.com/motorcycles/herald_brute_500_2023.php
2023,Herald Cafe 125,-,Allround,125 ccm,https://bikez.com/motorcycles/herald_cafe_125_2023.php
2023,Herald Classic 125,-,Allround,124 ccm,https://bikez.com/motorcycles/herald_classic_125_2023.php
2023,Herald Maverick 125,-,Allround,125 ccm,https://bikez.com/motorcycles/herald_maverick_125_2023.php
2023,Herald Maverick 250,-,Enduro/offroad,249 ccm,https://bikez.com/motorcycles/herald_maverick_250_2023.php
2023,Herald Scrambler 125,-,Allround,124 ccm,https://bikez.com/motorcycles/herald_scrambler_125_2023.php
2023,Hero Destini 125 Xtec,-,Scooter,125 ccm,https://bikez.com/motorcycles/hero_destini_125_xtec_2023.php
2023,Hero Glamour,-,Sport,125 ccm,https://bikez.com/motorcycles/hero_glamour_2023.php
2023,Hero Glamour Canvas,-,Sport,125 ccm,https://bikez.com/motorcycles/hero_glamour_canvas_2023.php
2023,Hero Glamour Xtec,-,Sport,125 ccm,https://bikez.com/motorcycles/hero_glamour_xtec_2023.php
2023,Hero HF 100,-,Sport,97 ccm,https://bikez.com/motorcycles/hero_hf_100_2023.php
2023,Hero HF Deluxe,-,Sport,97 ccm,https://bikez.com/motorcycles/hero_hf_deluxe_2023.php
2023,Hero Maestro Edge 110,-,Scooter,111 ccm,https://bikez.com/motorcycles/hero_maestro_edge_110_2023.php
2023,Hero Maestro Edge 125,-,Scooter,125 ccm,https://bikez.com/motorcycles/hero_maestro_edge_125_2023.php
2023,Hero Passion Pro,-,Sport,113 ccm,https://bikez.com/motorcycles/hero_passion_pro_2023.php
2023,Hero Passion Xtec,-,Sport,113 ccm,https://bikez.com/motorcycles/hero_passion_xtec_2023.php
2023,Hero Pleasure Pluss Xtec,-,Scooter,111 ccm,https://bikez.com/motorcycles/hero_pleasure_pluss_xtec_2023.php
2023,Hero Splendor Pluss,-,Sport,97 ccm,https://bikez.com/motorcycles/hero_splendor_pluss_2023.php
2023,Hero Splendor Pluss Xtec,-,Sport,97 ccm,https://bikez.com/motorcycles/hero_splendor_pluss_xtec_2023.php
2023,Hero Super Splendor,-,Sport,125 ccm,https://bikez.com/motorcycles/hero_super_splendor_2023.php
2023,Hero Xoom,-,Scooter,111 ccm,https://bikez.com/motorcycles/hero_xoom_2023.php
2023,Hero XPulse 200,-,Sport,200 ccm,https://bikez.com/motorcycles/hero_xpulse_200_2023.php
2023,Hero XPulse 200T,-,Sport,200 ccm,https://bikez.com/motorcycles/hero_xpulse_200t_2023.php
2023,Hero Xtreme 160R,-,Sport,163 ccm,https://bikez.com/motorcycles/hero_xtreme_160r_2023.php
2023,Hero Xtreme 200S,-,Sport,200 ccm,https://bikez.com/motorcycles/hero_xtreme_200s_2023.php
2023,Hero Electric Atria LX,-,Scooter,Electric,https://bikez.com/motorcycles/hero_electric_atria_lx_2023.php
2023,Hero Electric Eddy,-,Scooter,Electric,https://bikez.com/motorcycles/hero_electric_eddy_2023.php
2023,Honda Activa 125,-,Scooter,124 ccm,https://bikez.com/motorcycles/honda_activa_125_2023.php
2023,Honda Activa Premium,-,Scooter,109 ccm,https://bikez.com/motorcycles/honda_activa_premium_2023.php
2023,Honda ADV150,-,Scooter,149 ccm,https://bikez.com/motorcycles/honda_adv150_2023.php
2023,Honda ADV160,-,Scooter,157 ccm,https://bikez.com/motorcycles/honda_adv160_2023.php
2023,Honda ADV350,Show rating,Scooter,330 ccm,https://bikez.com/motorcycles/honda_adv350_2023.php
2023,Honda AirBlade 160,-,Scooter,157 ccm,https://bikez.com/motorcycles/honda_airblade_160_2023.php
2023,Honda BeAT Street,-,Scooter,108 ccm,https://bikez.com/motorcycles/honda_beat_street_2023.php
2023,Honda CB1000R,Show rating,Naked bike,998 ccm,https://bikez.com/motorcycles/honda_cb1000r_2023.php
2023,Honda CB1000R Black Edition,-,Naked bike,998 ccm,https://bikez.com/motorcycles/honda_cb1000r_black_edition_2023.php
2023,Honda CB125e,-,Naked bike,124 ccm,https://bikez.com/motorcycles/honda_cb125e______2023.php
2023,Honda CB125F,Show rating,Allround,124 ccm,https://bikez.com/motorcycles/honda_cb125f______2023.php
2023,Honda CB125R Neo Sports Cafe,-,Naked bike,125 ccm,https://bikez.com/motorcycles/honda_cb125r_neo_sports_cafe______2023.php
2023,Honda CB150X,-,Super motard,149 ccm,https://bikez.com/motorcycles/honda_cb150x____2023.php
2023,Honda CB200X,-,Super motard,184 ccm,https://bikez.com/motorcycles/honda_cb200x_2023.php
2023,Honda CB300R,-,Sport,286 ccm,https://bikez.com/motorcycles/honda_cb300r_2023.php
2023,Honda CB500F,-,Naked bike,471 ccm,https://bikez.com/motorcycles/honda_cb500f_2023.php
2023,Honda CB500X,Show rating,Sport,471 ccm,https://bikez.com/motorcycles/honda_cb500x_2023.php
2023,Honda CB650R,Show rating,Naked bike,649 ccm,https://bikez.com/motorcycles/honda_cb650r_2023.php
2023,Honda CB750 Hornet,Show rating,Naked bike,755 ccm,https://bikez.com/motorcycles/honda_cb750_hornet_2023.php
2023,Honda CBR1000RR,-,Sport,998 ccm,https://bikez.com/motorcycles/honda_cbr1000rr_2023.php
2023,Honda CBR1000RR-R Fireblade SP,-,Sport,999 ccm,https://bikez.com/motorcycles/honda_cbr1000rr-r_fireblade_sp_2023.php
2023,Honda CBR150R,-,Sport,149 ccm,https://bikez.com/motorcycles/honda_cbr150r_2023.php
2023,Honda CBR300R,-,Sport,286 ccm,https://bikez.com/motorcycles/honda_cbr300r_2023.php
2023,Honda CBR500R,Show rating,Sport,471 ccm,https://bikez.com/motorcycles/honda_cbr500r_2023.php
2023,Honda CBR600RR,-,Sport,599 ccm,https://bikez.com/motorcycles/honda_cbr600rr_2023.php
2023,Honda CBR650R,-,Sport,649 ccm,https://bikez.com/motorcycles/honda_cbr650r_2023.php
2023,Honda CD110 Dream,-,Allround,109 ccm,https://bikez.com/motorcycles/honda_cd110_dream_2023.php
2023,Honda CL500,-,Classic,471 ccm,https://bikez.com/motorcycles/honda_cl500_2023.php
2023,Honda Click125,Show rating,Scooter,125 ccm,https://bikez.com/motorcycles/honda_click125_2023.php
2023,Honda Click160,Show rating,Scooter,157 ccm,https://bikez.com/motorcycles/honda_click160_2023.php
2023,Honda CMX1100,-,Custom/cruiser,1084 ccm,https://bikez.com/motorcycles/honda_cmx1100_2023.php
2023,Honda CMX1100T,Show rating,Touring,1084 ccm,https://bikez.com/motorcycles/honda_cmx1100t_2023.php
2023,Honda CMX500 Rebel,-,Sport,471 ccm,https://bikez.com/motorcycles/honda_cmx500_rebel_2023.php
2023,Honda CRF1100L Africa Twin,Show rating,Enduro/offroad,1084 ccm,https://bikez.com/motorcycles/honda_crf1100l_africa_twin_2023.php
2023,Honda CRF1100L Africa Twin Adventure Sports,Show rating,Enduro/offroad,1084 ccm,https://bikez.com/motorcycles/honda_crf1100l_africa_twin_adventure_sports_2023.php
2023,Honda CRF110F,-,Enduro/offroad,109 ccm,https://bikez.com/motorcycles/honda_crf110f_2023.php
2023,Honda CRF125F,-,Cross/motocross,125 ccm,https://bikez.com/motorcycles/honda_crf125f_2023.php
2023,Honda CRF125F Big Wheel,-,Enduro/offroad,125 ccm,https://bikez.com/motorcycles/honda_crf125f_big_wheel_2023.php
2023,Honda CRF150L,-,Cross/motocross,150 ccm,https://bikez.com/motorcycles/honda_crf150l_2023.php
2023,Honda CRF150R,-,Cross/motocross,150 ccm,https://bikez.com/motorcycles/honda_crf150r_2023.php
2023,Honda CRF150R Expert,-,Cross/motocross,149 ccm,https://bikez.com/motorcycles/honda_crf150r_expert_2023.php
2023,Honda CRF250F,-,Cross/motocross,249 ccm,https://bikez.com/motorcycles/honda_crf250f_2023.php
2023,Honda CRF250R,-,Cross/motocross,249 ccm,https://bikez.com/motorcycles/honda_crf250r_2023.php
2023,Honda CRF250RX,-,Enduro/offroad,249 ccm,https://bikez.com/motorcycles/honda_crf250rx_2023.php
2023,Honda CRF300L,Show rating,Cross/motocross,286 ccm,https://bikez.com/motorcycles/honda_crf300l_2023.php
2023,Honda CRF300L Rally,-,Cross/motocross,286 ccm,https://bikez.com/motorcycles/honda_crf300l_rally_2023.php
2023,Honda CRF300LS,-,Enduro/offroad,286 ccm,https://bikez.com/motorcycles/honda_crf300ls_2023.php
2023,Honda CRF300RX Enduro,-,Enduro/offroad,296 ccm,https://bikez.com/motorcycles/honda_crf300rx_enduro_2023.php
2023,Honda CRF400RX Enduro,-,Enduro/offroad,413 ccm,https://bikez.com/motorcycles/honda_crf400rx_enduro_2023.php
2023,Honda CRF450R,Show rating,Cross/motocross,450 ccm,https://bikez.com/motorcycles/honda_crf450r_2023.php
2023,Honda CRF450R 50 Anniversary,-,Cross/motocross,450 ccm,https://bikez.com/motorcycles/honda_crf450r_50_anniversary_2023.php
2023,Honda CRF450R-S,-,Cross/motocross,450 ccm,https://bikez.com/motorcycles/honda_crf450r-s_2023.php
2023,Honda CRF450RL,-,Cross/motocross,449 ccm,https://bikez.com/motorcycles/honda_crf450rl_2023.php
2023,Honda CRF450RWE,-,Cross/motocross,450 ccm,https://bikez.com/motorcycles/honda_crf450rwe_2023.php
2023,Honda CRF450RX,-,Enduro/offroad,449 ccm,https://bikez.com/motorcycles/honda_crf450rx_2023.php
2023,Honda CRF450X,-,Enduro/offroad,449 ccm,https://bikez.com/motorcycles/honda_crf450x_2023.php
2023,Honda CRF50F,-,Enduro/offroad,49 ccm,https://bikez.com/motorcycles/honda_crf50f_2023.php
2023,Honda Dax 125,-,"Minibike, sport",125 ccm,https://bikez.com/motorcycles/honda_dax_125_2023.php
2023,Honda Dio 110,-,Scooter,110 ccm,https://bikez.com/motorcycles/honda_dio_110_2023.php
2023,Honda Dio Sports,-,Scooter,110 ccm,https://bikez.com/motorcycles/honda_dio_sports_2023.php
2023,Honda EM1 e,-,Scooter,Electric,https://bikez.com/motorcycles/honda_em1_e_2023.php
2023,Honda Forza 125,Show rating,Scooter,125 ccm,https://bikez.com/motorcycles/honda_forza_125_2023.php
2023,Honda Forza 350,Show rating,Scooter,330 ccm,https://bikez.com/motorcycles/honda_forza_350_2023.php
2023,Honda Forza 750,Show rating,Scooter,745 ccm,https://bikez.com/motorcycles/honda_forza_750_2023.php
2023,Honda FourTrax Foreman 4x4,-,ATV,518 ccm,https://bikez.com/motorcycles/honda_fourtrax_foreman_4x4_2023.php
2023,Honda FourTrax Foreman Rubicon 4x4,-,ATV,518 ccm,https://bikez.com/motorcycles/honda_fourtrax_foreman_rubicon_4x4_2023.php
2023,Honda FourTrax Rancher,-,ATV,420 ccm,https://bikez.com/motorcycles/honda_fourtrax_rancher_2023.php
2023,Honda FourTrax Recon,-,ATV,229 ccm,https://bikez.com/motorcycles/honda_fourtrax_recon_2023.php
2023,Honda FourTrax Rincon,-,ATV,675 ccm,https://bikez.com/motorcycles/honda_fourtrax_rincon_2023.php
2023,Honda Fury,-,Custom/cruiser,1312 ccm,https://bikez.com/motorcycles/honda_fury_2023.php
2023,Honda Genio,-,Scooter,110 ccm,https://bikez.com/motorcycles/honda_genio_2023.php
2023,Honda GL 1800 Gold Wing Tour,Show rating,Touring,1833 ccm,https://bikez.com/motorcycles/honda_gl_1800_gold_wing_tour_2023.php
2023,Honda GL1800 Gold Wing,-,Touring,1833 ccm,https://bikez.com/motorcycles/honda_gl1800_gold_wing_2023.php
2023,Honda Gold Wing Automatic DCT,-,Touring,1833 ccm,https://bikez.com/motorcycles/honda_gold_wing_automatic_dct_2023.php
2023,Honda Gold Wing Tour,-,Touring,1833 ccm,https://bikez.com/motorcycles/honda_gold_wing_tour_2023.php
2023,Honda Gold Wing Tour Airbag Automatic DCT,-,Touring,1833 ccm,https://bikez.com/motorcycles/honda_gold_wing_tour_airbag_automatic_dct_2023.php
2023,Honda Gold Wing Tour Automatic DCT,-,Touring,1833 ccm,https://bikez.com/motorcycles/honda_gold_wing_tour_automatic_dct_2023.php
2023,Honda Grazia,-,Scooter,124 ccm,https://bikez.com/motorcycles/honda_grazia_2023.php
2023,Honda Grom,-,Sport,124 ccm,https://bikez.com/motorcycles/honda_grom_2023.php
2023,Honda Hornet 2.0,-,Naked bike,184 ccm,https://bikez.com/motorcycles/honda_hornet_20_2023.php
2023,Honda Livo,-,Allround,110 ccm,https://bikez.com/motorcycles/honda_livo______2023.php
2023,Honda Metropolitan,-,Scooter,49 ccm,https://bikez.com/motorcycles/honda_metropolitan_2023.php
2023,Honda Monkey 125,-,Allround,125 ccm,https://bikez.com/motorcycles/honda_monkey_125_2023.php
2023,Honda Montesa 4 Ride,-,Enduro/offroad,259 ccm,https://bikez.com/motorcycles/honda_montesa_4_ride______2023.php
2023,Honda Montesa Cota 4RT 260R,-,Trial,259 ccm,https://bikez.com/motorcycles/honda_montesa_cota_4rt_260r_2023.php
2023,Honda Montesa Cota 4RT 301RR,-,Trial,298 ccm,https://bikez.com/motorcycles/honda_montesa_cota_4rt_301rr_2023.php
2023,Honda Montesa Cota 4RT 301RR Race Replica,-,Trial,298 ccm,https://bikez.com/motorcycles/honda_montesa_cota_4rt_301rr_race_replica_2023.php
2023,Honda MSX125,-,Sport,125 ccm,https://bikez.com/motorcycles/honda_msx125_2023.php
2023,Honda MW 110 Benly,-,Scooter,108 ccm,https://bikez.com/motorcycles/honda_mw_110_benly_2023.php
2023,Honda Navi,Show rating,Allround,109 ccm,https://bikez.com/motorcycles/honda_navi_2023.php
2023,Honda NC750X,-,Super motard,745 ccm,https://bikez.com/motorcycles/honda_nc750x_2023.php
2023,Honda NC750X DCT,Show rating,Super motard,745 ccm,https://bikez.com/motorcycles/honda_nc750x_dct_2023.php
2023,Honda NT1100,-,Sport touring,1084 ccm,https://bikez.com/motorcycles/honda_nt1100_2023.php
2023,Honda NT1100 DCT,-,Sport touring,1084 ccm,https://bikez.com/motorcycles/honda_nt1100_dct_2023.php
2023,Honda PCX125,Show rating,Scooter,125 ccm,https://bikez.com/motorcycles/honda_pcx125______2023.php
2023,Honda PCX160,Show rating,Scooter,157 ccm,https://bikez.com/motorcycles/honda_pcx160_2023.php
2023,Honda Rebel 1100,-,Custom/cruiser,1083 ccm,https://bikez.com/motorcycles/honda_rebel_1100_2023.php
2023,Honda Rebel 1100 DCT,-,Custom/cruiser,1083 ccm,https://bikez.com/motorcycles/honda_rebel_1100_dct_2023.php
2023,Honda Rebel 1100T,-,Touring,1083 ccm,https://bikez.com/motorcycles/honda_rebel_1100t_2023.php
2023,Honda Rebel 300,-,Custom/cruiser,286 ccm,https://bikez.com/motorcycles/honda_rebel_300_2023.php
2023,Honda Rebel 500,-,Sport,471 ccm,https://bikez.com/motorcycles/honda_rebel_500_2023.php
2023,Honda Rebel 500 SE,-,Sport,471 ccm,https://bikez.com/motorcycles/honda_rebel_500_se_2023.php
2023,Honda Ruckus,-,Scooter,49 ccm,https://bikez.com/motorcycles/honda_ruckus_2023.php
2023,Honda SH Mode 125,-,Scooter,125 ccm,https://bikez.com/motorcycles/honda_sh_mode_125______2023.php
2023,Honda SH125i,Show rating,Scooter,125 ccm,https://bikez.com/motorcycles/honda_sh125i_2023.php
2023,Honda SH150i,Show rating,Scooter,153 ccm,https://bikez.com/motorcycles/honda_sh150i_2023.php
2023,Honda SH350i,-,Scooter,329 ccm,https://bikez.com/motorcycles/honda_sh350i_2023.php
2023,Honda Shadow Aero,-,Custom/cruiser,745 ccm,https://bikez.com/motorcycles/honda_shadow_aero_2023.php
2023,Honda Shadow Phantom,Show rating,Custom/cruiser,745 ccm,https://bikez.com/motorcycles/honda_shadow_phantom_2023.php
2023,Honda Shine,-,Allround,124 ccm,https://bikez.com/motorcycles/honda_shine_2023.php
2023,Honda SP125,Show rating,Allround,124 ccm,https://bikez.com/motorcycles/honda_sp125______2023.php
2023,Honda Super Cub C125,-,Scooter,125 ccm,https://bikez.com/motorcycles/honda_super_cub_c125______2023.php
2023,Honda Supra GTR150,-,Scooter,150 ccm,https://bikez.com/motorcycles/honda_supra_gtr150______2023.php
2023,Honda Trail 125,-,Allround,125 ccm,https://bikez.com/motorcycles/honda_trail_125_2023.php
2023,Honda TRX250X,-,ATV,229 ccm,https://bikez.com/motorcycles/honda_trx250x_2023.php
2023,Honda TRX90X,-,ATV,86 ccm,https://bikez.com/motorcycles/honda_trx90x_2023.php
2023,Honda Unicorn,-,Allround,163 ccm,https://bikez.com/motorcycles/honda_unicorn_2023.php
2023,Honda Vision 110,Show rating,Scooter,110 ccm,https://bikez.com/motorcycles/honda_vision_110______2023.php
2023,Honda Wave RSX 110,-,Scooter,109 ccm,https://bikez.com/motorcycles/honda_wave_rsx_110_2023.php
2023,Honda X Blade,-,Naked bike,163 ccm,https://bikez.com/motorcycles/honda_x_blade_2023.php
2023,Honda X-Adv,-,Allround,745 ccm,https://bikez.com/motorcycles/honda_x-adv___2023.php
2023,Honda XL750 Transalp,Show rating,Super motard,755 ccm,https://bikez.com/motorcycles/honda_xl750_transalp_2023.php
2023,Honda XR150L,Show rating,Enduro/offroad,149 ccm,https://bikez.com/motorcycles/honda_xr150l_2023.php
2023,Honda XR190CT,-,Enduro/offroad,184 ccm,https://bikez.com/motorcycles/honda_xr190ct_2023.php
2023,Honda XR650L,-,Enduro/offroad,644 ccm,https://bikez.com/motorcycles/honda_xr650l_2023.php
2023,Honda XRM125 DS,-,Scooter,125 ccm,https://bikez.com/motorcycles/honda_xrm125_ds_2023.php
2023,Horex Regina Evo,-,Classic,600 ccm,https://bikez.com/motorcycles/horex_regina_evo_2023.php
2023,Horex VR6 Cafe Racer,-,Naked bike,1218 ccm,https://bikez.com/motorcycles/horex_vr6_cafe_racer_2023.php
2023,Horex VR6 Cafe Racer HL,-,Classic,1218 ccm,https://bikez.com/motorcycles/horex_vr6_cafe_racer_hl_2023.php
2023,Horex VR6 Classic,-,Allround,1218 ccm,https://bikez.com/motorcycles/horex_vr6_classic_2023.php
2023,Horex VR6 Classic HL,-,Allround,1218 ccm,https://bikez.com/motorcycles/horex_vr6_classic_hl_2023.php
2023,Horex VR6 Raw,-,Custom/cruiser,1218 ccm,https://bikez.com/motorcycles/horex_vr6_raw_2023.php
2023,Horwin EK3,-,Scooter,Electric,https://bikez.com/motorcycles/horwin_ek3_2023.php
2023,Horwin HT3 Cross L,-,Enduro/offroad,Electric,https://bikez.com/motorcycles/horwin_ht3_cross_l_2023.php
2023,Horwin HT3 Cross R,-,Enduro/offroad,Electric,https://bikez.com/motorcycles/horwin_ht3_cross_r_2023.php
2023,Horwin HT3 Trail L,-,Trial,Electric,https://bikez.com/motorcycles/horwin_ht3_trail_l_2023.php
2023,Horwin HT3 Trail R,-,Trial,Electric,https://bikez.com/motorcycles/horwin_ht3_trail_r_2023.php
2023,Horwin HT5 Offroad,-,Enduro/offroad,Electric,https://bikez.com/motorcycles/horwin_ht5_offroad_2023.php
2023,Horwin HT5 R,-,Sport,Electric,https://bikez.com/motorcycles/horwin_ht5_r_2023.php
2023,Horwin SK1,-,Scooter,Electric,https://bikez.com/motorcycles/horwin_sk1_2023.php
2023,Horwin SK3,-,Scooter,Electric,https://bikez.com/motorcycles/horwin_sk3_2023.php
2023,Hunter Cafe Racer,-,Custom/cruiser,320 ccm,https://bikez.com/motorcycles/hunter_cafe_racer_2023.php
2023,Hunter Cruiser 250,-,Custom/cruiser,234 ccm,https://bikez.com/motorcycles/hunter_cruiser_250_2023.php
2023,Hunter Daytona 350,-,Allround,320 ccm,https://bikez.com/motorcycles/hunter_daytona_350_2023.php
2023,Husqvarna 701 Enduro,Show rating,Enduro/offroad,693 ccm,https://bikez.com/motorcycles/husqvarna_701_enduro_2023.php
2023,Husqvarna 701 Supermoto,Show rating,Super motard,693 ccm,https://bikez.com/motorcycles/husqvarna_701_supermoto_2023.php
2023,Husqvarna EE 3,-,"Minibike, cross",Electric,https://bikez.com/motorcycles/husqvarna_ee_3_2023.php
2023,Husqvarna EE 5,-,"Minibike, cross",Electric,https://bikez.com/motorcycles/husqvarna_ee_5_2023.php
2023,Husqvarna FC 250,-,Cross/motocross,250 ccm,https://bikez.com/motorcycles/husqvarna_fc_250_2023.php
2023,Husqvarna FC 250 Heritage,-,Cross/motocross,250 ccm,https://bikez.com/motorcycles/husqvarna_fc_250_heritage_2023.php
2023,Husqvarna FC 350,-,Cross/motocross,350 ccm,https://bikez.com/motorcycles/husqvarna_fc_350_2023.php
2023,Husqvarna FC 350 Heritage,-,Cross/motocross,350 ccm,https://bikez.com/motorcycles/husqvarna_fc_350_heritage_2023.php
2023,Husqvarna FC 450,-,Cross/motocross,450 ccm,https://bikez.com/motorcycles/husqvarna_fc_450_2023.php
2023,Husqvarna FC 450 Heritage,-,Cross/motocross,450 ccm,https://bikez.com/motorcycles/husqvarna_fc_450_heritage_2023.php
2023,Husqvarna FE 250,-,Enduro/offroad,250 ccm,https://bikez.com/motorcycles/husqvarna_fe_250_2023.php
2023,Husqvarna FE 250 Heritage,-,Enduro/offroad,250 ccm,https://bikez.com/motorcycles/husqvarna_fe_250_heritage_2023.php
2023,Husqvarna FE 350,-,Enduro/offroad,350 ccm,https://bikez.com/motorcycles/husqvarna_fe_350_2023.php
2023,Husqvarna FE 350 Heritage,-,Enduro/offroad,350 ccm,https://bikez.com/motorcycles/husqvarna_fe_350_heritage_2023.php
2023,Husqvarna FE 350s,-,Enduro/offroad,350 ccm,https://bikez.com/motorcycles/husqvarna_fe_350s_2023.php
2023,Husqvarna FE 450,Show rating,Enduro/offroad,450 ccm,https://bikez.com/motorcycles/husqvarna_fe_450_2023.php
2023,Husqvarna FE 450 Heritage,-,Enduro/offroad,450 ccm,https://bikez.com/motorcycles/husqvarna_fe_450_heritage_2023.php
2023,Husqvarna FE 501,-,Enduro/offroad,511 ccm,https://bikez.com/motorcycles/husqvarna_fe_501_2023.php
2023,Husqvarna FE 501 Heritage,-,Enduro/offroad,511 ccm,https://bikez.com/motorcycles/husqvarna_fe_501_heritage_2023.php
2023,Husqvarna FE 501s,Show rating,Enduro/offroad,511 ccm,https://bikez.com/motorcycles/husqvarna_fe_501s_2023.php
2023,Husqvarna FS 450,-,Super motard,450 ccm,https://bikez.com/motorcycles/husqvarna_fs_450_2023.php
2023,Husqvarna FX 350,-,Enduro/offroad,350 ccm,https://bikez.com/motorcycles/husqvarna_fx_350_2023.php
2023,Husqvarna FX 350 Heritage,-,Enduro/offroad,350 ccm,https://bikez.com/motorcycles/husqvarna_fx_350_heritage_2023.php
2023,Husqvarna FX 450,-,Enduro/offroad,450 ccm,https://bikez.com/motorcycles/husqvarna_fx_450_2023.php
2023,Husqvarna TC 125,-,Cross/motocross,125 ccm,https://bikez.com/motorcycles/husqvarna_tc_125_2023.php
2023,Husqvarna TC 125 Heritage,-,Cross/motocross,125 ccm,https://bikez.com/motorcycles/husqvarna_tc_125_heritage_2023.php
2023,Husqvarna TC 250,-,Cross/motocross,249 ccm,https://bikez.com/motorcycles/husqvarna_tc_250_2023.php
2023,Husqvarna TC 250 Heritage,-,Cross/motocross,249 ccm,https://bikez.com/motorcycles/husqvarna_tc_250_heritage_2023.php
2023,Husqvarna TC 50,-,Cross/motocross,49 ccm,https://bikez.com/motorcycles/husqvarna_tc_50_2023.php
2023,Husqvarna TC 50 Mini,-,"Minibike, cross",49 ccm,https://bikez.com/motorcycles/husqvarna_tc_50_mini_2023.php
2023,Husqvarna TC 65,-,Cross/motocross,65 ccm,https://bikez.com/motorcycles/husqvarna_tc_65_2023.php
2023,Husqvarna TC 85 17-14,-,Cross/motocross,85 ccm,https://bikez.com/motorcycles/husqvarna_tc_85_17-14_2023.php
2023,Husqvarna TC 85 19-16,-,Cross/motocross,85 ccm,https://bikez.com/motorcycles/husqvarna_tc_85_19-16_2023.php
2023,Husqvarna TE 150,-,Enduro/offroad,144 ccm,https://bikez.com/motorcycles/husqvarna_te_150_2023.php
2023,Husqvarna TE 150 Heritage,-,Enduro/offroad,144 ccm,https://bikez.com/motorcycles/husqvarna_te_150_heritage_2023.php
2023,Husqvarna TE 250,-,Enduro/offroad,249 ccm,https://bikez.com/motorcycles/husqvarna_te_250_2023.php
2023,Husqvarna TE 250 Heritage,-,Enduro/offroad,249 ccm,https://bikez.com/motorcycles/husqvarna_te_250_heritage_2023.php
2023,Husqvarna TE 300,-,Enduro/offroad,293 ccm,https://bikez.com/motorcycles/husqvarna_te_300_2023.php
2023,Husqvarna TE 300 Heritage,-,Enduro/offroad,293 ccm,https://bikez.com/motorcycles/husqvarna_te_300_heritage_2023.php
2023,Husqvarna TX 300,-,Enduro/offroad,293 ccm,https://bikez.com/motorcycles/husqvarna_tx_300_2023.php
2023,Husqvarna TX 300 Heritage,-,Enduro/offroad,293 ccm,https://bikez.com/motorcycles/husqvarna_tx_300_heritage_2023.php
2023,Hyosung GV 125 S Aquila,-,Custom/cruiser,125 ccm,https://bikez.com/motorcycles/hyosung_gv_125_s_aquila_2023.php
2023,Hyosung GV 300 S Aquila,-,Custom/cruiser,296 ccm,https://bikez.com/motorcycles/hyosung_gv_300_s_aquila_2023.php
2023,Ice Bear Aldo,-,Scooter,150 ccm,https://bikez.com/motorcycles/ice_bear_aldo_2023.php
2023,Ice Bear Fuerza,-,"Minibike, sport",125 ccm,https://bikez.com/motorcycles/ice_bear_fuerza_2023.php
2023,Ice Bear Maddog 150,-,Scooter,150 ccm,https://bikez.com/motorcycles/ice_bear_maddog_150_2023.php
2023,Ice Bear Mini Max 50,-,"Minibike, sport",50 ccm,https://bikez.com/motorcycles/ice_bear_mini_max_50_2023.php
2023,Indian Challenger,-,Custom/cruiser,1768 ccm,https://bikez.com/motorcycles/indian_challenger_2023.php
2023,Indian Challenger Dark Horse,-,Custom/cruiser,1768 ccm,https://bikez.com/motorcycles/indian_challenger_dark_horse_2023.php
2023,Indian Challenger Elite,-,Custom/cruiser,1768 ccm,https://bikez.com/motorcycles/indian_challenger_elite_2023.php
2023,Indian Challenger Limited,-,Custom/cruiser,1768 ccm,https://bikez.com/motorcycles/indian_challenger_limited_2023.php
2023,Indian Chief,-,Custom/cruiser,1811 ccm,https://bikez.com/motorcycles/indian_chief_2023.php
2023,Indian Chief Bobber,-,Custom/cruiser,1811 ccm,https://bikez.com/motorcycles/indian_chief_bobber_2023.php
2023,Indian Chief Bobber Dark Horse,-,Custom/cruiser,1890 ccm,https://bikez.com/motorcycles/indian_chief_bobber_dark_horse_2023.php
2023,Indian Chief Dark Horse,-,Custom/cruiser,1890 ccm,https://bikez.com/motorcycles/indian_chief_dark_horse_2023.php
2023,Indian Chieftain,-,Custom/cruiser,1811 ccm,https://bikez.com/motorcycles/indian_chieftain_2023.php
2023,Indian Chieftain Dark Horse,-,Custom/cruiser,1890 ccm,https://bikez.com/motorcycles/indian_chieftain_dark_horse_2023.php
2023,Indian Chieftain Elite,-,Custom/cruiser,1890 ccm,https://bikez.com/motorcycles/indian_chieftain_elite_2023.php
2023,Indian Chieftain Limited,-,Custom/cruiser,1890 ccm,https://bikez.com/motorcycles/indian_chieftain_limited_2023.php
2023,Indian FTR,-,Custom/cruiser,1203 ccm,https://bikez.com/motorcycles/indian_ftr_2023.php
2023,Indian FTR Championship Edition,-,Custom/cruiser,1203 ccm,https://bikez.com/motorcycles/indian_ftr_championship_edition_2023.php
2023,Indian FTR R Carbon,-,Custom/cruiser,1203 ccm,https://bikez.com/motorcycles/indian_ftr_r_carbon_2023.php
2023,Indian FTR Rally,-,Custom/cruiser,1203 ccm,https://bikez.com/motorcycles/indian_ftr_rally_2023.php
2023,Indian FTR Sport,-,Custom/cruiser,1203 ccm,https://bikez.com/motorcycles/indian_ftr_sport_2023.php
2023,Indian Pursuit Dark Horse,-,Touring,1768 ccm,https://bikez.com/motorcycles/indian_pursuit_dark_horse_2023.php
2023,Indian Pursuit Dark Horse Premium,-,Touring,1768 ccm,https://bikez.com/motorcycles/indian_pursuit_dark_horse_premium_2023.php
2023,Indian Pursuit Limited,-,Touring,1768 ccm,https://bikez.com/motorcycles/indian_pursuit_limited_2023.php
2023,Indian Pursuit Limited Premium,-,Touring,1768 ccm,https://bikez.com/motorcycles/indian_pursuit_limited_premium_2023.php
2023,Indian Roadmaster,-,Touring,1890 ccm,https://bikez.com/motorcycles/indian_roadmaster_2023.php
2023,Indian Roadmaster Dark Horse,-,Touring,1890 ccm,https://bikez.com/motorcycles/indian_roadmaster_dark_horse_2023.php
2023,Indian Roadmaster Limited,-,Touring,1890 ccm,https://bikez.com/motorcycles/indian_roadmaster_limited_2023.php
2023,Indian Scout,Show rating,Custom/cruiser,1133 ccm,https://bikez.com/motorcycles/indian_scout_2023.php
2023,Indian Scout Bobber,Show rating,Custom/cruiser,1133 ccm,https://bikez.com/motorcycles/indian_scout_bobber_2023.php
2023,Indian Scout Bobber Sixty,-,Custom/cruiser,999 ccm,https://bikez.com/motorcycles/indian_scout_bobber_sixty_2023.php
2023,Indian Scout Bobber Twenty,-,Custom/cruiser,1133 ccm,https://bikez.com/motorcycles/indian_scout_bobber_twenty_2023.php
2023,Indian Scout Rogue,-,Custom/cruiser,1133 ccm,https://bikez.com/motorcycles/indian_scout_rogue_2023.php
2023,Indian Scout Rogue Sixty,-,Custom/cruiser,999 ccm,https://bikez.com/motorcycles/indian_scout_rogue_sixty_2023.php
2023,Indian Scout Sixty,-,Custom/cruiser,999 ccm,https://bikez.com/motorcycles/indian_scout_sixty_2023.php
2023,Indian Sport Chief,-,Custom/cruiser,1901 ccm,https://bikez.com/motorcycles/indian_sport_chief_2023.php
2023,Indian Springfield,-,Touring,1811 ccm,https://bikez.com/motorcycles/indian_springfield_2023.php
2023,Indian Springfield Dark Horse,-,Touring,1890 ccm,https://bikez.com/motorcycles/indian_springfield_dark_horse_2023.php
2023,Indian Super Chief,-,Touring,1811 ccm,https://bikez.com/motorcycles/indian_super_chief_2023.php
2023,Indian Super Chief Limited,-,Touring,1901 ccm,https://bikez.com/motorcycles/indian_super_chief_limited_2023.php
2023,Italika 125 FL,-,Allround,124 ccm,https://bikez.com/motorcycles/italika_125_fl_2023.php
2023,Italika 250 SZ,-,Sport,223 ccm,https://bikez.com/motorcycles/italika_250_sz_2023.php
2023,Italika Blackbird 250,-,Sport,250 ccm,https://bikez.com/motorcycles/italika_blackbird_250_2023.php
2023,Italika DM250X,-,Enduro/offroad,250 ccm,https://bikez.com/motorcycles/italika_dm250x_2023.php
2023,Italika Sptfire 250,-,Allround,250 ccm,https://bikez.com/motorcycles/italika_sptfire_250_2023.php
2023,Italika VORT-X300R,-,Naked bike,292 ccm,https://bikez.com/motorcycles/italika_vort-x300r_2023.php
2023,Italjet Dragster 125,-,Scooter,124 ccm,https://bikez.com/motorcycles/italjet_dragster_125_2023.php
2023,Italjet Dragster 200,Show rating,Scooter,181 ccm,https://bikez.com/motorcycles/italjet_dragster_200_2023.php
2023,Italjet Dragster 500 GP,Show rating,Prototype/concept model,450 ccm,https://bikez.com/motorcycles/italjet_dragster_500_gp_2023.php
2023,Italjet Dragster e01 Electric,-,Scooter,Electric,https://bikez.com/motorcycles/italjet_dragster_e01_electric_2023.php
2023,Italmoto Tiquattro 125 Cafe,-,Classic,125 ccm,https://bikez.com/motorcycles/italmoto_tiquattro_125_cafe_2023.php
2023,Izuka Citi On,-,Scooter,150 ccm,https://bikez.com/motorcycles/izuka_citi_on_2023.php
2023,Izuka IZ250N,-,Naked bike,249 ccm,https://bikez.com/motorcycles/izuka_iz250n_2023.php
2023,Izuka K19,-,Custom/cruiser,198 ccm,https://bikez.com/motorcycles/izuka_k19_2023.php
2023,Izuka Pentora 110,-,ATV,110 ccm,https://bikez.com/motorcycles/izuka_pentora_110_2023.php
2023,Izuka TL 125A ES,-,Allround,125 ccm,https://bikez.com/motorcycles/izuka_tl_125a_es_2023.php
2023,Janus Gryffin 250,-,Classic,229 ccm,https://bikez.com/motorcycles/janus_gryffin_250_2023.php
2023,Janus Halcyon 250,-,Classic,229 ccm,https://bikez.com/motorcycles/janus_halcyon_250_2023.php
2023,Janus Halcyon 450,-,Allround,445 ccm,https://bikez.com/motorcycles/janus_halcyon_450_2023.php
2023,Jawa 300 CL,-,Custom/cruiser,295 ccm,https://bikez.com/motorcycles/jawa_300_cl_2023.php
2023,Jawa 350 2T,-,Allround,344 ccm,https://bikez.com/motorcycles/jawa_350_2t_2023.php
2023,Jawa 350 CL Perak,-,Custom/cruiser,334 ccm,https://bikez.com/motorcycles/jawa_350_cl_perak_2023.php
2023,Jawa 350 OHC Sport,-,Custom/cruiser,397 ccm,https://bikez.com/motorcycles/jawa_350_ohc_sport_2023.php
2023,Jawa RVM 500,-,Sport,471 ccm,https://bikez.com/motorcycles/jawa_rvm_500_2023.php
2023,Jawa RVM 500 Aventure,-,Sport touring,471 ccm,https://bikez.com/motorcycles/jawa_rvm_500_aventure_2023.php
2023,Jincheng JC150-27,-,Allround,149 ccm,https://bikez.com/motorcycles/jincheng_jc150-27_2023.php
2023,Johammer J1.200,-,Allround,Electric,https://bikez.com/motorcycles/johammer_j1200_2023.php
2023,Jonway Weiba YY400-5,-,Custom/cruiser,400 ccm,https://bikez.com/motorcycles/jonway_weiba_yy400-5_2023.php
2023,Jonway Weifeng YY250-2,-,Custom/cruiser,249 ccm,https://bikez.com/motorcycles/jonway_weifeng_yy250-2_2023.php
2023,Jonway YY400-3,-,Custom/cruiser,400 ccm,https://bikez.com/motorcycles/jonway_yy400-3_2023.php
2023,Jonway YY800-2,Show rating,Custom/cruiser,800 ccm,https://bikez.com/motorcycles/jonway_yy800-2_2023.php
2023,Kawasaki Brute Force 300,-,ATV,271 ccm,https://bikez.com/motorcycles/kawasaki_brute_force_300_2023.php
2023,Kawasaki Brute Force 750 4x4i EPS,-,ATV,749 ccm,https://bikez.com/motorcycles/kawasaki_brute_force_750_4x4i_eps_2023.php
2023,Kawasaki Concours 14,Show rating,Sport touring,1352 ccm,https://bikez.com/motorcycles/kawasaki_concours_14_2023.php
2023,Kawasaki Elektrode,-,Allround,Electric,https://bikez.com/motorcycles/kawasaki_elektrode_2023.php
2023,Kawasaki KFX50,-,ATV,50 ccm,https://bikez.com/motorcycles/kawasaki_kfx50_2023.php
2023,Kawasaki KFX90,-,ATV,90 ccm,https://bikez.com/motorcycles/kawasaki_kfx90_2023.php
2023,Kawasaki KLR 650,Show rating,Super motard,652 ccm,https://bikez.com/motorcycles/kawasaki_klr_650_2023.php
2023,Kawasaki KLR 650 Adventure,-,Super motard,652 ccm,https://bikez.com/motorcycles/kawasaki_klr_650_adventure_2023.php
2023,Kawasaki KLR 650 S,-,Super motard,652 ccm,https://bikez.com/motorcycles/kawasaki_klr_650_s_2023.php
2023,Kawasaki KLR 650 Traveller,-,Super motard,652 ccm,https://bikez.com/motorcycles/kawasaki_klr_650_traveller_2023.php
2023,Kawasaki KLX 110R,-,Enduro/offroad,112 ccm,https://bikez.com/motorcycles/kawasaki_klx_110r_2023.php
2023,Kawasaki KLX 110R L,-,Enduro/offroad,112 ccm,https://bikez.com/motorcycles/kawasaki_klx_110r_l_2023.php
2023,Kawasaki KLX 140R,-,Enduro/offroad,144 ccm,https://bikez.com/motorcycles/kawasaki_klx_140r_2023.php
2023,Kawasaki KLX 140R F,Show rating,Enduro/offroad,144 ccm,https://bikez.com/motorcycles/kawasaki_klx_140r_f_2023.php
2023,Kawasaki KLX 140R L,-,Enduro/offroad,144 ccm,https://bikez.com/motorcycles/kawasaki_klx_140r_l_2023.php
2023,Kawasaki KLX 230 SE,-,Enduro/offroad,233 ccm,https://bikez.com/motorcycles/kawasaki_klx_230_se_2023.php
2023,Kawasaki KLX 230R,-,Enduro/offroad,233 ccm,https://bikez.com/motorcycles/kawasaki_klx_230r_2023.php
2023,Kawasaki KLX 230R S,-,Enduro/offroad,233 ccm,https://bikez.com/motorcycles/kawasaki_klx_230r_s_2023.php
2023,Kawasaki KLX 230S,-,Enduro/offroad,233 ccm,https://bikez.com/motorcycles/kawasaki_klx_230s_2023.php
2023,Kawasaki KLX150BF,-,Enduro/offroad,144 ccm,https://bikez.com/motorcycles/kawasaki_klx150bf_2023.php
2023,Kawasaki KLX230,Show rating,Enduro/offroad,233 ccm,https://bikez.com/motorcycles/kawasaki_klx230_2023.php
2023,Kawasaki KLX230SM,-,Super motard,233 ccm,https://bikez.com/motorcycles/kawasaki_klx230sm_2023.php
2023,Kawasaki KLX300,Show rating,Enduro/offroad,292 ccm,https://bikez.com/motorcycles/kawasaki_klx300_2023.php
2023,Kawasaki KLX300 SM,-,Super motard,292 ccm,https://bikez.com/motorcycles/kawasaki_klx300_sm_2023.php
2023,Kawasaki KLX300R,-,Enduro/offroad,292 ccm,https://bikez.com/motorcycles/kawasaki_klx300r_2023.php
2023,Kawasaki KLX450R,-,Enduro/offroad,449 ccm,https://bikez.com/motorcycles/kawasaki_klx450r_2023.php
2023,Kawasaki KX 450SR,-,Cross/motocross,449 ccm,https://bikez.com/motorcycles/kawasaki_kx_450sr_2023.php
2023,Kawasaki KX112,-,Cross/motocross,112 ccm,https://bikez.com/motorcycles/kawasaki_kx112_2023.php
2023,Kawasaki KX250,-,Cross/motocross,249 ccm,https://bikez.com/motorcycles/kawasaki_kx250_2023.php
2023,Kawasaki KX250X,-,Cross/motocross,249 ccm,https://bikez.com/motorcycles/kawasaki_kx250x_2023.php
2023,Kawasaki KX450,-,Cross/motocross,449 ccm,https://bikez.com/motorcycles/kawasaki_kx450_2023.php
2023,Kawasaki KX450X,-,Cross/motocross,449 ccm,https://bikez.com/motorcycles/kawasaki_kx450x_2023.php
2023,Kawasaki KX65,-,Cross/motocross,65 ccm,https://bikez.com/motorcycles/kawasaki_kx65_2023.php
2023,Kawasaki KX85,-,Cross/motocross,84 ccm,https://bikez.com/motorcycles/kawasaki_kx85_2023.php
2023,Kawasaki KX85 I,-,Cross/motocross,84 ccm,https://bikez.com/motorcycles/kawasaki_kx85_i_2023.php
2023,Kawasaki Ninja 1000SX,-,Sport,1043 ccm,https://bikez.com/motorcycles/kawasaki_ninja_1000sx_2023.php
2023,Kawasaki Ninja 1000SX Performance,-,Sport,1043 ccm,https://bikez.com/motorcycles/kawasaki_ninja_1000sx_performance_2023.php
2023,Kawasaki Ninja 1000SX Tourer,-,Sport touring,1043 ccm,https://bikez.com/motorcycles/kawasaki_ninja_1000sx_tourer_2023.php
2023,Kawasaki Ninja 125,-,Sport,125 ccm,https://bikez.com/motorcycles/kawasaki_ninja_125_2023.php
2023,Kawasaki Ninja 125 Performance,-,Sport,125 ccm,https://bikez.com/motorcycles/kawasaki_ninja_125_performance_2023.php
2023,Kawasaki Ninja 400,-,Sport,399 ccm,https://bikez.com/motorcycles/kawasaki_ninja_400_2023.php
2023,Kawasaki Ninja 400 KRT,-,Sport,399 ccm,https://bikez.com/motorcycles/kawasaki_ninja_400_krt_2023.php
2023,Kawasaki Ninja 400 Performance,-,Sport,399 ccm,https://bikez.com/motorcycles/kawasaki_ninja_400_performance_2023.php
2023,Kawasaki Ninja 650,-,Sport,649 ccm,https://bikez.com/motorcycles/kawasaki_ninja_650_2023.php
2023,Kawasaki Ninja 650 KRT,-,Sport,649 ccm,https://bikez.com/motorcycles/kawasaki_ninja_650_krt_2023.php
2023,Kawasaki Ninja 650 Tourer,-,Sport touring,649 ccm,https://bikez.com/motorcycles/kawasaki_ninja_650_tourer_2023.php
2023,Kawasaki Ninja H2,Show rating,Sport,998 ccm,https://bikez.com/motorcycles/kawasaki_ninja_h2_2023.php
2023,Kawasaki Ninja H2 Carbon,-,Sport,998 ccm,https://bikez.com/motorcycles/kawasaki_ninja_h2_carbon_2023.php
2023,Kawasaki Ninja H2 SX,-,Sport touring,998 ccm,https://bikez.com/motorcycles/kawasaki_ninja_h2_sx_2023.php
2023,Kawasaki Ninja H2 SX Performance,-,Sport touring,998 ccm,https://bikez.com/motorcycles/kawasaki_ninja_h2_sx_performance_2023.php
2023,Kawasaki Ninja H2 SX SE,-,Sport touring,998 ccm,https://bikez.com/motorcycles/kawasaki_ninja_h2_sx_se_2023.php
2023,Kawasaki Ninja H2 SX SE Tourer,-,Sport touring,998 ccm,https://bikez.com/motorcycles/kawasaki_ninja_h2_sx_se_tourer_2023.php
2023,Kawasaki Ninja H2 SX Tourer,-,Sport touring,998 ccm,https://bikez.com/motorcycles/kawasaki_ninja_h2_sx_tourer_2023.php
2023,Kawasaki Ninja H2R,-,Sport,998 ccm,https://bikez.com/motorcycles/kawasaki_ninja_h2r_2023.php
2023,Kawasaki Ninja ZX-10R,-,Sport,998 ccm,https://bikez.com/motorcycles/kawasaki_ninja_zx-10r_2023.php
2023,Kawasaki Ninja ZX-10R KRT,-,Sport,998 ccm,https://bikez.com/motorcycles/kawasaki_ninja_zx-10r_krt_2023.php
2023,Kawasaki Ninja ZX-10RR,-,Sport,998 ccm,https://bikez.com/motorcycles/kawasaki_ninja_zx-10rr_2023.php
2023,Kawasaki Ninja ZX-10RR Performance,-,Sport,998 ccm,https://bikez.com/motorcycles/kawasaki_ninja_zx-10rr_performance_2023.php
2023,Kawasaki Ninja ZX-14R,-,Sport,1441 ccm,https://bikez.com/motorcycles/kawasaki_ninja_zx-14r_2023.php
2023,Kawasaki Ninja ZX-4RR KRT,-,Sport,399 ccm,https://bikez.com/motorcycles/kawasaki_ninja_zx-4rr_krt_2023.php
2023,Kawasaki Ninja ZX-6R,-,Sport,636 ccm,https://bikez.com/motorcycles/kawasaki_ninja_zx-6r_2023.php
2023,Kawasaki Ninja ZX-6R KRT,-,Sport,636 ccm,https://bikez.com/motorcycles/kawasaki_ninja_zx-6r_krt_2023.php
2023,Kawasaki Rouser NS125 Fi,-,Naked bike,124 ccm,https://bikez.com/motorcycles/kawasaki_rouser_ns125_fi_2023.php
2023,Kawasaki Rouser NS160 Fi,-,Naked bike,160 ccm,https://bikez.com/motorcycles/kawasaki_rouser_ns160_fi_2023.php
2023,Kawasaki Versys 1000,-,Allround,1043 ccm,https://bikez.com/motorcycles/kawasaki_versys_1000_2023.php
2023,Kawasaki Versys 1000 Grand Tourer,-,Touring,1043 ccm,https://bikez.com/motorcycles/kawasaki_versys_1000_grand_tourer_2023.php
2023,Kawasaki Versys 1000 S,-,Allround,1043 ccm,https://bikez.com/motorcycles/kawasaki_versys_1000_s_2023.php
2023,Kawasaki Versys 1000 SE,Show rating,Allround,1043 ccm,https://bikez.com/motorcycles/kawasaki_versys_1000_se_2023.php
2023,Kawasaki Versys 1000 SE LT Plus,-,Sport touring,1043 ccm,https://bikez.com/motorcycles/kawasaki_versys_1000_se_lt_plus_2023.php
2023,Kawasaki Versys 1000 SE Tourer,-,Allround,1043 ccm,https://bikez.com/motorcycles/kawasaki_versys_1000_se_tourer_2023.php
2023,Kawasaki Versys 1000 Tourer,-,Touring,1043 ccm,https://bikez.com/motorcycles/kawasaki_versys_1000_tourer_2023.php
2023,Kawasaki Versys 650,-,Allround,649 ccm,https://bikez.com/motorcycles/kawasaki_versys_650_2023.php
2023,Kawasaki Versys 650 LT,-,Allround,649 ccm,https://bikez.com/motorcycles/kawasaki_versys_650_lt_2023.php
2023,Kawasaki Versys 650 Tourer,-,Allround,649 ccm,https://bikez.com/motorcycles/kawasaki_versys_650_tourer_2023.php
2023,Kawasaki Versys-X 300,-,Allround,296 ccm,https://bikez.com/motorcycles/kawasaki_versys-x_300_2023.php
2023,Kawasaki Vulcan  900 Classic,Show rating,Custom/cruiser,903 ccm,https://bikez.com/motorcycles/kawasaki_vulcan_900_classic_2023.php
2023,Kawasaki Vulcan  900 Classic LT,-,Touring,903 ccm,https://bikez.com/motorcycles/kawasaki_vulcan_900_classic_lt_2023.php
2023,Kawasaki Vulcan  900 Custom,-,Custom/cruiser,903 ccm,https://bikez.com/motorcycles/kawasaki_vulcan_900_custom_2023.php
2023,Kawasaki Vulcan 1700 Vaquero ABS,-,Touring,1700 ccm,https://bikez.com/motorcycles/kawasaki_vulcan_1700_vaquero_abs_2023.php
2023,Kawasaki Vulcan 1700 Voyager,-,Touring,1700 ccm,https://bikez.com/motorcycles/kawasaki_vulcan_1700_voyager_2023.php
2023,Kawasaki Vulcan S,Show rating,Custom/cruiser,649 ccm,https://bikez.com/motorcycles/kawasaki_vulcan_s_2023.php
2023,Kawasaki Vulcan S  Cafe,-,Custom/cruiser,649 ccm,https://bikez.com/motorcycles/kawasaki_vulcan_s_cafe_2023.php
2023,Kawasaki Vulcan S Tourer,-,Touring,649 ccm,https://bikez.com/motorcycles/kawasaki_vulcan_s_tourer_2023.php
2023,Kawasaki W175,-,Allround,177 ccm,https://bikez.com/motorcycles/kawasaki_w175_2023.php
2023,Kawasaki W800,-,Classic,773 ccm,https://bikez.com/motorcycles/kawasaki_w800_2023.php
2023,Kawasaki Z H2,-,Naked bike,998 ccm,https://bikez.com/motorcycles/kawasaki_z_h2_2023.php
2023,Kawasaki Z H2 SE,-,Naked bike,998 ccm,https://bikez.com/motorcycles/kawasaki_z_h2_se_2023.php
2023,Kawasaki Z H2 SE Performance,-,Naked bike,998 ccm,https://bikez.com/motorcycles/kawasaki_z_h2_se_performance_2023.php
2023,Kawasaki Z125,-,Naked bike,125 ccm,https://bikez.com/motorcycles/kawasaki_z125_2023.php
2023,Kawasaki Z125 Performance,-,Naked bike,125 ccm,https://bikez.com/motorcycles/kawasaki_z125_performance_2023.php
2023,Kawasaki Z125 Pro,-,Naked bike,125 ccm,https://bikez.com/motorcycles/kawasaki_z125_pro_2023.php
2023,Kawasaki Z400,-,Naked bike,399 ccm,https://bikez.com/motorcycles/kawasaki_z400_2023.php
2023,Kawasaki Z650,-,Naked bike,649 ccm,https://bikez.com/motorcycles/kawasaki_z650_2023.php
2023,Kawasaki Z650RS,-,Classic,649 ccm,https://bikez.com/motorcycles/kawasaki_z650rs_2023.php
2023,Kawasaki Z900,Show rating,Naked bike,948 ccm,https://bikez.com/motorcycles/kawasaki_z900_2023.php
2023,Kawasaki Z900 SE,-,Naked bike,948 ccm,https://bikez.com/motorcycles/kawasaki_z900_se_2023.php
2023,Kawasaki Z900RS,Show rating,Classic,948 ccm,https://bikez.com/motorcycles/kawasaki_z900rs_2023.php
2023,Kawasaki Z900RS Cafe,-,Classic,948 ccm,https://bikez.com/motorcycles/kawasaki_z900rs_cafe_2023.php
2023,Kawasaki Z900RS SE,-,Classic,948 ccm,https://bikez.com/motorcycles/kawasaki_z900rs_se_2023.php
2023,Keeway Sixties 125i,-,Scooter,125 ccm,https://bikez.com/motorcycles/keeway_sixties_125i_2023.php
2023,Keeway Sixties 300i,-,Scooter,278 ccm,https://bikez.com/motorcycles/keeway_sixties_300i_2023.php
2023,Keeway V302 C,-,Custom/cruiser,298 ccm,https://bikez.com/motorcycles/keeway_v302_c_2023.php
2023,Keeway Versilia 125,-,Scooter,125 ccm,https://bikez.com/motorcycles/keeway_versilia_125_2023.php
2023,Keeway Versilia 150 Spesial,Show rating,Scooter,149 ccm,https://bikez.com/motorcycles/keeway_versilia_150_spesial_2023.php
2023,Keeway Versilia 50,-,Scooter,50 ccm,https://bikez.com/motorcycles/keeway_versilia_50_2023.php
2023,Keeway Vieste 125,Show rating,Scooter,125 ccm,https://bikez.com/motorcycles/keeway_vieste_125_2023.php
2023,Keeway Vieste 175,Show rating,Scooter,172 ccm,https://bikez.com/motorcycles/keeway_vieste_175_2023.php
2023,Keeway Vieste 300,-,Scooter,278 ccm,https://bikez.com/motorcycles/keeway_vieste_300_2023.php
2023,Keeway Vieste 300 XDV,-,Scooter,278 ccm,https://bikez.com/motorcycles/keeway_vieste_300_xdv_2023.php
2023,Kikker 5150 Hardknock,-,Classic,250 ccm,https://bikez.com/motorcycles/kikker_5150_hardknock_2023.php
2023,Kollter CS1,-,Allround,Electric,https://bikez.com/motorcycles/kollter_cs1_2023.php
2023,Kollter Esum-Police,-,Super motard,Electric,https://bikez.com/motorcycles/kollter_esum-police_2023.php
2023,Kollter RS1,-,Naked bike,Electric,https://bikez.com/motorcycles/kollter_rs1_2023.php
2023,KRC Fox,-,Scooter,Electric,https://bikez.com/motorcycles/krc_fox_2023.php
2023,KTM 125 Duke,Show rating,Naked bike,125 ccm,https://bikez.com/motorcycles/ktm_125_duke_2023.php
2023,KTM 125 SX,Show rating,Enduro/offroad,125 ccm,https://bikez.com/motorcycles/ktm_125_sx_2023.php
2023,KTM 125 XC,-,Enduro/offroad,125 ccm,https://bikez.com/motorcycles/ktm_125_xc_2023.php
2023,KTM 1290 Super Adventure R,Show rating,Allround,1301 ccm,https://bikez.com/motorcycles/ktm_1290_super_adventure_r_2023.php
2023,KTM 1290 Super Adventure S,Show rating,Allround,1301 ccm,https://bikez.com/motorcycles/ktm_1290_super_adventure_s_2023.php
2023,KTM 1290 Super Duke GT,Show rating,Naked bike,1301 ccm,https://bikez.com/motorcycles/ktm_1290_super_duke_gt_2023.php
2023,KTM 1290 Super Duke R,Show rating,Naked bike,1301 ccm,https://bikez.com/motorcycles/ktm_1290_super_duke_r_2023.php
2023,KTM 1290 Super Duke R Evo,Show rating,Naked bike,1301 ccm,https://bikez.com/motorcycles/ktm_1290_super_duke_r_evo_2023.php
2023,KTM 1290 Super Duke RR,Show rating,Naked bike,1301 ccm,https://bikez.com/motorcycles/ktm_1290_super_duke_rr_2023.php
2023,KTM 12eDrive,-,"Minibike, cross",Electric,https://bikez.com/motorcycles/ktm_12edrive_2023.php
2023,KTM 150 EXC,-,Enduro/offroad,144 ccm,https://bikez.com/motorcycles/ktm_150_exc_2023.php
2023,KTM 150 XC-W,-,Enduro/offroad,144 ccm,https://bikez.com/motorcycles/ktm_150_xc-w_2023.php
2023,KTM 250 EXC,Show rating,Enduro/offroad,249 ccm,https://bikez.com/motorcycles/ktm_250_exc_2023.php
2023,KTM 250 EXC Six Days,-,Enduro/offroad,249 ccm,https://bikez.com/motorcycles/ktm_250_exc_six_days_2023.php
2023,KTM 250 EXC-F,-,Enduro/offroad,250 ccm,https://bikez.com/motorcycles/ktm_250_exc-f_2023.php
2023,KTM 250 EXC-F Six days,-,Enduro/offroad,250 ccm,https://bikez.com/motorcycles/ktm_250_exc-f_six_days_2023.php
2023,KTM 250 SX,-,Cross/motocross,249 ccm,https://bikez.com/motorcycles/ktm_250_sx_2023.php
2023,KTM 250 SX-F,-,Cross/motocross,250 ccm,https://bikez.com/motorcycles/ktm_250_sx-f_2023.php
2023,KTM 250 XC,-,Enduro/offroad,249 ccm,https://bikez.com/motorcycles/ktm_250_xc_2023.php
2023,KTM 250 XC-F,-,Enduro/offroad,250 ccm,https://bikez.com/motorcycles/ktm_250_xc-f_2023.php
2023,KTM 250 XC-W,-,Enduro/offroad,249 ccm,https://bikez.com/motorcycles/ktm_250_xc-w_2023.php
2023,KTM 300 EXC,Show rating,Enduro/offroad,293 ccm,https://bikez.com/motorcycles/ktm_300_exc_2023.php
2023,KTM 300 EXC Erzbergrodeo,-,Enduro/offroad,293 ccm,https://bikez.com/motorcycles/ktm_300_exc_erzbergrodeo_2023.php
2023,KTM 300 EXC Six Days,-,Enduro/offroad,293 ccm,https://bikez.com/motorcycles/ktm_300_exc_six_days_2023.php
2023,KTM 300 SX,-,Cross/motocross,293 ccm,https://bikez.com/motorcycles/ktm_300_sx_2023.php
2023,KTM 300 XC,-,Enduro/offroad,293 ccm,https://bikez.com/motorcycles/ktm_300_xc_2023.php
2023,KTM 300 XC-W,Show rating,Enduro/offroad,293 ccm,https://bikez.com/motorcycles/ktm_300_xc-w_2023.php
2023,KTM 300 XC-W Erzbergrodeo,-,Enduro/offroad,293 ccm,https://bikez.com/motorcycles/ktm_300_xc-w_erzbergrodeo_2023.php
2023,KTM 350 EXC-F,-,Enduro/offroad,350 ccm,https://bikez.com/motorcycles/ktm_350_exc-f_2023.php
2023,KTM 350 EXC-F Six Days,-,Enduro/offroad,350 ccm,https://bikez.com/motorcycles/ktm_350_exc-f_six_days_2023.php
2023,KTM 350 SX-F,-,Cross/motocross,350 ccm,https://bikez.com/motorcycles/ktm_350_sx-f_2023.php
2023,KTM 350 XC-F,-,Enduro/offroad,350 ccm,https://bikez.com/motorcycles/ktm_350_xc-f_2023.php
2023,KTM 390 Adventure,Show rating,Enduro/offroad,373 ccm,https://bikez.com/motorcycles/ktm_390_adventure_2023.php
2023,KTM 390 Adventure SW,Show rating,Enduro/offroad,373 ccm,https://bikez.com/motorcycles/ktm_390_adventure_sw_2023.php
2023,KTM 390 Duke,Show rating,Naked bike,373 ccm,https://bikez.com/motorcycles/ktm_390_duke_2023.php
2023,KTM 450 EXC-F,-,Enduro/offroad,450 ccm,https://bikez.com/motorcycles/ktm_450_exc-f_2023.php
2023,KTM 450 EXC-F Six Days,-,Enduro/offroad,450 ccm,https://bikez.com/motorcycles/ktm_450_exc-f_six_days_2023.php
2023,KTM 450 Rally Replica,-,Enduro/offroad,449 ccm,https://bikez.com/motorcycles/ktm_450_rally_replica_2023.php
2023,KTM 450 SMR,-,Super motard,449 ccm,https://bikez.com/motorcycles/ktm_450_smr_2023.php
2023,KTM 450 SX-F,-,Cross/motocross,450 ccm,https://bikez.com/motorcycles/ktm_450_sx-f_2023.php
2023,KTM 450 SX-F Factory,-,Cross/motocross,450 ccm,https://bikez.com/motorcycles/ktm_450_sx-f_factory_2023.php
2023,KTM 450 XC-F,-,Enduro/offroad,449 ccm,https://bikez.com/motorcycles/ktm_450_xc-f_2023.php
2023,KTM 450 XCF-W,-,Enduro/offroad,449 ccm,https://bikez.com/motorcycles/ktm_450_xcf-w_2023.php
2023,KTM 50 SX,-,"Minibike, cross",49 ccm,https://bikez.com/motorcycles/ktm_50_sx_2023.php
2023,KTM 50 SX Factory,-,"Minibike, cross",49 ccm,https://bikez.com/motorcycles/ktm_50_sx_factory_2023.php
2023,KTM 50 SX Mini,-,"Minibike, cross",50 ccm,https://bikez.com/motorcycles/ktm_50_sx_mini_2023.php
2023,KTM 500 EXC-F,Show rating,Enduro/offroad,511 ccm,https://bikez.com/motorcycles/ktm_500_exc-f_2023.php
2023,KTM 500 EXC-F Six Days,-,Enduro/offroad,511 ccm,https://bikez.com/motorcycles/ktm_500_exc-f_six_days_2023.php
2023,KTM 65 SX,-,"Minibike, cross",65 ccm,https://bikez.com/motorcycles/ktm_65_sx_2023.php
2023,KTM 690 Enduro R,Show rating,Enduro/offroad,693 ccm,https://bikez.com/motorcycles/ktm_690_enduro_r_2023.php
2023,KTM 690 SMC R,Show rating,Super motard,693 ccm,https://bikez.com/motorcycles/ktm_690_smc_r_2023.php
2023,KTM 790 Adventure,Show rating,Allround,799 ccm,https://bikez.com/motorcycles/ktm_790_adventure_2023.php
2023,KTM 790 Duke,Show rating,Naked bike,799 ccm,https://bikez.com/motorcycles/ktm_790_duke_2023.php
2023,KTM 85 SX 17-14,-,Cross/motocross,85 ccm,https://bikez.com/motorcycles/ktm_85_sx_17-14_2023.php
2023,KTM 85 SX 19-16,-,Cross/motocross,85 ccm,https://bikez.com/motorcycles/ktm_85_sx_19-16_2023.php
2023,KTM 890 Adventure,Show rating,Enduro/offroad,889 ccm,https://bikez.com/motorcycles/ktm_890_adventure_2023.php
2023,KTM 890 Adventure R,Show rating,Enduro/offroad,889 ccm,https://bikez.com/motorcycles/ktm_890_adventure_r_2023.php
2023,KTM 890 Duke GP,Show rating,Naked bike,889 ccm,https://bikez.com/motorcycles/ktm_890_duke_gp_2023.php
2023,KTM 890 Duke R,Show rating,Naked bike,889 ccm,https://bikez.com/motorcycles/ktm_890_duke_r_2023.php
2023,KTM 890 SMT,Show rating,Sport touring,890 ccm,https://bikez.com/motorcycles/ktm_890_smt_2023.php
2023,KTM Freeride E-XC,-,Enduro/offroad,Electric,https://bikez.com/motorcycles/ktm_freeride_e-xc_2023.php
2023,KTM RC 125,-,Sport,125 ccm,https://bikez.com/motorcycles/ktm_rc_125_2023.php
2023,KTM RC 390,Show rating,Sport,373 ccm,https://bikez.com/motorcycles/ktm_rc_390_2023.php
2023,KTM RC 8C,-,Sport,889 ccm,https://bikez.com/motorcycles/ktm_rc_8c_2023.php
2023,KTM SX-E 3,-,Sport,Electric,https://bikez.com/motorcycles/ktm_sx-e_3_2023.php
2023,KTM SX-E 5,-,"Minibike, cross",Electric,https://bikez.com/motorcycles/ktm_sx-e_5_2023.php
2023,Kuba Newton 50,-,Allround,50 ccm,https://bikez.com/motorcycles/kuba_newton_50_2023.php
2023,Kuberg Freerider Street,-,Enduro/offroad,Electric,https://bikez.com/motorcycles/kuberg_freerider_street_2023.php
2023,Kymco Agility 50,-,Scooter,49 ccm,https://bikez.com/motorcycles/kymco_agility_50_2023.php
2023,Kymco AK 550i,Show rating,Scooter,550 ccm,https://bikez.com/motorcycles/kymco_ak_550i_2023.php
2023,Kymco Like 150i,-,Scooter,150 ccm,https://bikez.com/motorcycles/kymco_like_150i_2023.php
2023,Kymco People S 150i,Show rating,Scooter,150 ccm,https://bikez.com/motorcycles/kymco_people_s_150i_2023.php
2023,Kymco Super 8 50X,-,Scooter,49 ccm,https://bikez.com/motorcycles/kymco_super_8_50x_2023.php
2023,Kymco X-Town 300i,-,Scooter,276 ccm,https://bikez.com/motorcycles/kymco_x-town_300i_2023.php
2023,Lambretta G350 Special,-,Scooter,330 ccm,https://bikez.com/motorcycles/lambretta_g350_special_2023.php
2023,Lambretta V125 Special,-,Scooter,125 ccm,https://bikez.com/motorcycles/lambretta_v125_special_2023.php
2023,Lambretta V200 Special,-,Scooter,169 ccm,https://bikez.com/motorcycles/lambretta_v200_special_2023.php
2023,Lambretta V50 Special,-,Scooter,50 ccm,https://bikez.com/motorcycles/lambretta_v50_special_2023.php
2023,Lambretta X300,-,Scooter,275 ccm,https://bikez.com/motorcycles/lambretta_x300_2023.php
2023,Lance Cabo 125,-,Scooter,124 ccm,https://bikez.com/motorcycles/lance_cabo_125_2023.php
2023,Lance Cabo 50,-,Scooter,49 ccm,https://bikez.com/motorcycles/lance_cabo_50_2023.php
2023,Lance Havana Classic 125,-,Scooter,125 ccm,https://bikez.com/motorcycles/lance_havana_classic_125_2023.php
2023,Lance PCH 125,-,Scooter,124 ccm,https://bikez.com/motorcycles/lance_pch_125_2023.php
2023,Lance PCH 50,-,Scooter,49 ccm,https://bikez.com/motorcycles/lance_pch_50_2023.php
2023,Leonart Rigger,-,Allround,Electric,https://bikez.com/motorcycles/leonart_rigger_2023.php
2023,Lexmoto Apollo 125,-,Scooter,125 ccm,https://bikez.com/motorcycles/lexmoto_apollo_125_2023.php
2023,Lexmoto Aura 125,-,Scooter,125 ccm,https://bikez.com/motorcycles/lexmoto_aura_125_2023.php
2023,Lexmoto Aura 300,-,Scooter,278 ccm,https://bikez.com/motorcycles/lexmoto_aura_300_2023.php
2023,Lexmoto Detroit 125,-,Sport,124 ccm,https://bikez.com/motorcycles/lexmoto_detroit_125_2023.php
2023,Lexmoto Diablo 50,-,Scooter,50 ccm,https://bikez.com/motorcycles/lexmoto_diablo_50_2023.php
2023,Lexmoto LS-N 125,-,Naked bike,124 ccm,https://bikez.com/motorcycles/lexmoto_ls-n_125_2023.php
2023,Lexmoto LS-Z 125,-,Naked bike,124 ccm,https://bikez.com/motorcycles/lexmoto_ls-z_125_2023.php
2023,Lexmoto LXS 125,-,Sport,124 ccm,https://bikez.com/motorcycles/lexmoto_lxs_125_2023.php
2023,Lexmoto Pioneer 500X,-,Sport touring,471 ccm,https://bikez.com/motorcycles/lexmoto_pioneer_500x_2023.php
2023,Lexmoto RSS 125 EFI,-,Sport,125 ccm,https://bikez.com/motorcycles/lexmoto_rss_125_efi_2023.php
2023,Lexmoto Titan 125,-,Scooter,125 ccm,https://bikez.com/motorcycles/lexmoto_titan_125_2023.php
2023,Lifan KPV150,-,Scooter,149 ccm,https://bikez.com/motorcycles/lifan_kpv150_2023.php
2023,Lifan KPX250,-,Super motard,249 ccm,https://bikez.com/motorcycles/lifan_kpx250_2023.php
2023,Lightning LS-218,-,Sport,Electric,https://bikez.com/motorcycles/lightning_ls-218_2023.php
2023,Linhai Aeolus 260,-,Scooter,257 ccm,https://bikez.com/motorcycles/linhai_aeolus_260_2023.php
2023,Linhai Aeolus 300,-,Scooter,275 ccm,https://bikez.com/motorcycles/linhai_aeolus_300_2023.php
2023,LiveWire One,-,Naked bike,Electric,https://bikez.com/motorcycles/livewire_one_2023.php
2023,LiveWire S2 Del Mar,-,Allround,Electric,https://bikez.com/motorcycles/livewire_s2_del_mar_2023.php
2023,Lohia Fame,-,Scooter,Electric,https://bikez.com/motorcycles/lohia_fame_2023.php
2023,Longjia Nevada 250i,-,Allround,249 ccm,https://bikez.com/motorcycles/longjia_nevada_250i_2023.php
2023,Luojia LJ125-12,-,Custom/cruiser,125 ccm,https://bikez.com/motorcycles/luojia_lj125-12_2023.php
2023,Luojia LJ125-16,-,Allround,125 ccm,https://bikez.com/motorcycles/luojia_lj125-16_2023.php
2023,Macbor Eight Mile,-,Allround,124 ccm,https://bikez.com/motorcycles/macbor_eight_mile_2023.php
2023,Macbor Eight Mile 500 Scrambler,-,Allround,471 ccm,https://bikez.com/motorcycles/macbor_eight_mile_500_scrambler_2023.php
2023,Macbor Eight Mile 500 Street,-,Allround,471 ccm,https://bikez.com/motorcycles/macbor_eight_mile_500_street_2023.php
2023,Macbor Fun 125 Plus,-,Allround,125 ccm,https://bikez.com/motorcycles/macbor_fun_125_plus_2023.php
2023,Macbor Johnny Be Good,-,Custom/cruiser,124 ccm,https://bikez.com/motorcycles/macbor_johnny_be_good_2023.php
2023,Macbor Lord Martin,-,Allround,124 ccm,https://bikez.com/motorcycles/macbor_lord_martin_2023.php
2023,Macbor Montana XR5 500,-,Super motard,471 ccm,https://bikez.com/motorcycles/macbor_montana_xr5_500_2023.php
2023,Macbor Rockster 125,-,Custom/cruiser,125 ccm,https://bikez.com/motorcycles/macbor_rockster_125_2023.php
2023,Mahindra Mojo 300,-,Allround,300 ccm,https://bikez.com/motorcycles/mahindra_mojo_300_2023.php
2023,Malaguti Drakon 125,-,Naked bike,125 ccm,https://bikez.com/motorcycles/malaguti_drakon_125_2023.php
2023,Malaguti Dune 125X Black Edition,-,Enduro/offroad,124 ccm,https://bikez.com/motorcycles/malaguti_dune_125x_black_edition_2023.php
2023,Malaguti Madison 125,Show rating,Scooter,125 ccm,https://bikez.com/motorcycles/malaguti_madison_125_2023.php
2023,Malaguti Madison 200 City,-,Scooter,181 ccm,https://bikez.com/motorcycles/malaguti_madison_200_city_2023.php
2023,Malaguti XAM,-,Prototype/concept model,Electric,https://bikez.com/motorcycles/malaguti_xam_2023.php
2023,Malaguti XSM125,-,Super motard,125 ccm,https://bikez.com/motorcycles/malaguti_xsm125_2023.php
2023,Malaguti XTM125,-,Enduro/offroad,125 ccm,https://bikez.com/motorcycles/malaguti_xtm125_2023.php
2023,Marine Turbine Technologies 420 RR,-,Sport,1 ccm,https://bikez.com/motorcycles/marine_turbine_technologies_420_rr_2023.php
2023,Mash British Seven 125,-,Allround,124 ccm,https://bikez.com/motorcycles/mash_british_seven_125_2023.php
2023,Mash City 2.0 50,-,Scooter,50 ccm,https://bikez.com/motorcycles/mash_city_20_50_2023.php
2023,Mash E-City 2.0 50,-,Scooter,Electric,https://bikez.com/motorcycles/mash_e-city_20_50_2023.php
2023,Mash Legend R 50,-,Scooter,50 ccm,https://bikez.com/motorcycles/mash_legend_r_50_2023.php
2023,Mash Legend R Naked 50,-,Scooter,50 ccm,https://bikez.com/motorcycles/mash_legend_r_naked_50_2023.php
2023,Mash Six Hundred 650,-,Sport,644 ccm,https://bikez.com/motorcycles/mash_six_hundred_650_2023.php
2023,Mash X-Ride 50,-,Allround,50 ccm,https://bikez.com/motorcycles/mash_x-ride_50_2023.php
2023,Mash X-Ride 650,-,Enduro/offroad,644 ccm,https://bikez.com/motorcycles/mash_x-ride_650_2023.php
2023,Mash X-Ride Trail 650,-,Enduro/offroad,644 ccm,https://bikez.com/motorcycles/mash_x-ride_trail_650_2023.php
2023,Metisse MK 5 Street Scrambler,-,Classic,997 ccm,https://bikez.com/motorcycles/metisse_mk_5_street_scrambler_2023.php
2023,MH Tray 125,-,Allround,125 ccm,https://bikez.com/motorcycles/mh_tray_125_2023.php
2023,MH Viro 350,-,Scooter,350 ccm,https://bikez.com/motorcycles/mh_viro_350_2023.php
2023,MH XRT 125,-,Sport,125 ccm,https://bikez.com/motorcycles/mh_xrt_125_2023.php
2023,Mikilon Defender 250,Show rating,Enduro/offroad,223 ccm,https://bikez.com/motorcycles/mikilon_defender_250_2023.php
2023,Mikilon MZK 250,-,Cross/motocross,250 ccm,https://bikez.com/motorcycles/mikilon_mzk_250_2023.php
2023,Mikilon Pentora 110,-,ATV,107 ccm,https://bikez.com/motorcycles/mikilon_pentora_110_2023.php
2023,Mikilon Pentora 150,-,ATV,150 ccm,https://bikez.com/motorcycles/mikilon_pentora_150_2023.php
2023,Mitt 125 Alpha,-,Scooter,125 ccm,https://bikez.com/motorcycles/mitt_125_alpha_2023.php
2023,Mitt 125 GP,-,Sport,124 ccm,https://bikez.com/motorcycles/mitt_125_gp_2023.php
2023,Mitt 125 Legend,-,Sport,124 ccm,https://bikez.com/motorcycles/mitt_125_legend_2023.php
2023,Mitt 125 Legrand,-,Scooter,125 ccm,https://bikez.com/motorcycles/mitt_125_legrand_2023.php
2023,Mitt 125 MB Twin Custom,-,Custom/cruiser,125 ccm,https://bikez.com/motorcycles/mitt_125_mb_twin_custom_2023.php
2023,Mitt 125 RT Super,-,Scooter,125 ccm,https://bikez.com/motorcycles/mitt_125_rt_super_2023.php
2023,Mitt 125 Urban,-,Scooter,125 ccm,https://bikez.com/motorcycles/mitt_125_urban_2023.php
2023,Mitt 125 XRS,-,Scooter,125 ccm,https://bikez.com/motorcycles/mitt_125_xrs_2023.php
2023,Mitt 301 Legend,-,Sport,234 ccm,https://bikez.com/motorcycles/mitt_301_legend_2023.php
2023,Mitt 440 GP-R,-,Sport,389 ccm,https://bikez.com/motorcycles/mitt_440_gp-r_2023.php
2023,Mitt 50 Alpha,-,Scooter,49 ccm,https://bikez.com/motorcycles/mitt_50_alpha_2023.php
2023,Mitt 50 RT,-,Scooter,49 ccm,https://bikez.com/motorcycles/mitt_50_rt_2023.php
2023,Mitt 50 XRS,-,Scooter,49 ccm,https://bikez.com/motorcycles/mitt_50_xrs_2023.php
2023,Mitt 530 TT Adventure,-,Enduro/offroad,476 ccm,https://bikez.com/motorcycles/mitt_530_tt_adventure_2023.php
2023,Modenas Karisma 125S,-,Scooter,125 ccm,https://bikez.com/motorcycles/modenas_karisma_125s_2023.php
2023,Moto Guzzi V100 Mandello,Show rating,Sport,1042 ccm,https://bikez.com/motorcycles/moto_guzzi_v100_mandello_2023.php
2023,Moto Guzzi V100 Mandello S,Show rating,Sport,1042 ccm,https://bikez.com/motorcycles/moto_guzzi_v100_mandello_s_2023.php
2023,Moto Guzzi V7 Gucci Palace,-,Classic,853 ccm,https://bikez.com/motorcycles/moto_guzzi_v7_gucci_palace_2023.php
2023,Moto Guzzi V7 Special 850,Show rating,Classic,853 ccm,https://bikez.com/motorcycles/moto_guzzi_v7_special_850_2023.php
2023,Moto Guzzi V7 Stone SE,Show rating,Classic,853 ccm,https://bikez.com/motorcycles/moto_guzzi_v7_stone_se_2023.php
2023,Moto Guzzi V85 TT,-,Enduro/offroad,853 ccm,https://bikez.com/motorcycles/moto_guzzi_v85_tt_2023.php
2023,Moto Guzzi V85 TT Evocative Graphics,Show rating,Enduro/offroad,853 ccm,https://bikez.com/motorcycles/moto_guzzi_v85_tt_evocative_graphics_2023.php
2023,Moto Guzzi V85 TT Guardia dOnore,-,Enduro/offroad,853 ccm,https://bikez.com/motorcycles/moto_guzzi_v85_tt_guardia_donore_2023.php
2023,Moto Guzzi V85 TT Travel,Show rating,Enduro/offroad,853 ccm,https://bikez.com/motorcycles/moto_guzzi_v85_tt_travel_2023.php
2023,Moto Guzzi V9 Bobber,-,Allround,853 ccm,https://bikez.com/motorcycles/moto_guzzi_v9_bobber_2023.php
2023,Moto Guzzi V9 Bobber Special Edition,-,Allround,853 ccm,https://bikez.com/motorcycles/moto_guzzi_v9_bobber_special_edition_2023.php
2023,Moto Guzzi V9 Roamer,Show rating,Classic,853 ccm,https://bikez.com/motorcycles/moto_guzzi_v9_roamer_2023.php
2023,Moto Morini Seiemmezzo 650 SCR,-,Naked bike,649 ccm,https://bikez.com/motorcycles/moto_morini_seiemmezzo_650_scr_2023.php
2023,Moto Morini Seiemmezzo 650 STR,-,Sport,649 ccm,https://bikez.com/motorcycles/moto_morini_seiemmezzo_650_str_2023.php
2023,Moto Morini X-Cape,-,Super motard,649 ccm,https://bikez.com/motorcycles/moto_morini_x-cape_2023.php
2023,Motoposh Bida 110,-,Scooter,110 ccm,https://bikez.com/motorcycles/motoposh_bida_110_2023.php
2023,Motron Breezy 50,-,Scooter,50 ccm,https://bikez.com/motorcycles/motron_breezy_50_2023.php
2023,Motron Cubertino,-,Scooter,Electric,https://bikez.com/motorcycles/motron_cubertino_2023.php
2023,Motron Ideo 125,-,Scooter,125 ccm,https://bikez.com/motorcycles/motron_ideo_125_2023.php
2023,Motron Ideo 50,-,Scooter,50 ccm,https://bikez.com/motorcycles/motron_ideo_50_2023.php
2023,Motron Nomad 125,-,Naked bike,125 ccm,https://bikez.com/motorcycles/motron_nomad_125_2023.php
2023,Motron Revolver 125,-,Custom/cruiser,125 ccm,https://bikez.com/motorcycles/motron_revolver_125_2023.php
2023,Motron Ventura 125,-,Scooter,125 ccm,https://bikez.com/motorcycles/motron_ventura_125_2023.php
2023,Motron Vizion,-,"Minibike, sport",Electric,https://bikez.com/motorcycles/motron_vizion_2023.php
2023,Motron Voltz,-,Scooter,Electric,https://bikez.com/motorcycles/motron_voltz_2023.php
2023,Motron Whizz,-,Scooter,Electric,https://bikez.com/motorcycles/motron_whizz_2023.php
2023,Motron X Nord 125,-,Allround,125 ccm,https://bikez.com/motorcycles/motron_x_nord_125_2023.php
2023,Motron X Nord 125 Touring,-,Touring,125 ccm,https://bikez.com/motorcycles/motron_x_nord_125_touring_2023.php
2023,MV Agusta Ampelio,-,Prototype/concept model,Electric,https://bikez.com/motorcycles/mv_agusta_ampelio_2023.php
2023,MV Agusta Brutale 1000 Nurburgring,Show rating,Naked bike,998 ccm,https://bikez.com/motorcycles/mv_agusta_brutale_1000_nurburgring_2023.php
2023,MV Agusta Brutale 1000 Nurburgring Racing,Show rating,Naked bike,998 ccm,https://bikez.com/motorcycles/mv_agusta_brutale_1000_nurburgring_racing_2023.php
2023,MV Agusta Brutale 1000 RR,Show rating,Naked bike,998 ccm,https://bikez.com/motorcycles/mv_agusta_brutale_1000_rr_2023.php
2023,MV Agusta Brutale 1000 RS,Show rating,Naked bike,998 ccm,https://bikez.com/motorcycles/mv_agusta_brutale_1000_rs_2023.php
2023,MV Agusta Brutale 800 RR,Show rating,Naked bike,798 ccm,https://bikez.com/motorcycles/mv_agusta_brutale_800_rr_2023.php
2023,MV Agusta Brutale Rosso,Show rating,Naked bike,798 ccm,https://bikez.com/motorcycles/mv_agusta_brutale_rosso_2023.php
2023,MV Agusta Concept 921 S,Show rating,Prototype/concept model,921 ccm,https://bikez.com/motorcycles/mv_agusta_concept_921_s_2023.php
2023,MV Agusta Dragster RC Racing,Show rating,Naked bike,798 ccm,https://bikez.com/motorcycles/mv_agusta_dragster_rc_racing_2023.php
2023,MV Agusta Dragster RC SCS,Show rating,Naked bike,798 ccm,https://bikez.com/motorcycles/mv_agusta_dragster_rc_scs_2023.php
2023,MV Agusta Dragster Rosso,Show rating,Naked bike,798 ccm,https://bikez.com/motorcycles/mv_agusta_dragster_rosso_2023.php
2023,MV Agusta Dragster RR,Show rating,Naked bike,798 ccm,https://bikez.com/motorcycles/mv_agusta_dragster_rr_2023.php
2023,MV Agusta Dragster RR SCS,Show rating,Naked bike,798 ccm,https://bikez.com/motorcycles/mv_agusta_dragster_rr_scs_2023.php
2023,MV Agusta F3 R,-,Sport,798 ccm,https://bikez.com/motorcycles/mv_agusta_f3_r_2023.php
2023,MV Agusta F3 RC,Show rating,Sport,798 ccm,https://bikez.com/motorcycles/mv_agusta_f3_rc_2023.php
2023,MV Agusta F3 RC Racing,Show rating,Sport,798 ccm,https://bikez.com/motorcycles/mv_agusta_f3_rc_racing_2023.php
2023,MV Agusta F3 Rosso,Show rating,Sport,798 ccm,https://bikez.com/motorcycles/mv_agusta_f3_rosso_2023.php
2023,MV Agusta F3 RR,Show rating,Sport,798 ccm,https://bikez.com/motorcycles/mv_agusta_f3_rr_2023.php
2023,MV Agusta Lucky Explorer 5.5,-,Super motard,554 ccm,https://bikez.com/motorcycles/mv_agusta_lucky_explorer_55_2023.php
2023,MV Agusta Lucky Explorer 9.5,Show rating,Enduro/offroad,931 ccm,https://bikez.com/motorcycles/mv_agusta_lucky_explorer_95_2023.php
2023,MV Agusta Rush 1000,Show rating,Naked bike,998 ccm,https://bikez.com/motorcycles/mv_agusta_rush_1000_2023.php
2023,MV Agusta Superveloce 1000 Serie Oro,-,Classic,998 ccm,https://bikez.com/motorcycles/mv_agusta_superveloce_1000_serie_oro_2023.php
2023,MV Agusta Superveloce 800,Show rating,Classic,798 ccm,https://bikez.com/motorcycles/mv_agusta_superveloce_800_2023.php
2023,MV Agusta Superveloce Ago,Show rating,Sport,798 ccm,https://bikez.com/motorcycles/mv_agusta_superveloce_ago_2023.php
2023,MV Agusta Superveloce Alpine,Show rating,Sport,798 ccm,https://bikez.com/motorcycles/mv_agusta_superveloce_alpine_2023.php
2023,MV Agusta Superveloce S,Show rating,Sport,798 ccm,https://bikez.com/motorcycles/mv_agusta_superveloce_s_2023.php
2023,MV Agusta Turismo Veloce Lusso,Show rating,Sport touring,798 ccm,https://bikez.com/motorcycles/mv_agusta_turismo_veloce_lusso_2023.php
2023,MV Agusta Turismo Veloce Lusso SCS,Show rating,Sport touring,798 ccm,https://bikez.com/motorcycles/mv_agusta_turismo_veloce_lusso_scs_2023.php
2023,MV Agusta Turismo Veloce R,-,Sport touring,798 ccm,https://bikez.com/motorcycles/mv_agusta_turismo_veloce_r_2023.php
2023,MV Agusta Turismo Veloce RC SCS,Show rating,Sport touring,798 ccm,https://bikez.com/motorcycles/mv_agusta_turismo_veloce_rc_scs_2023.php
2023,MV Agusta Turismo Veloce Rosso,Show rating,Sport,798 ccm,https://bikez.com/motorcycles/mv_agusta_turismo_veloce_rosso_2023.php
2023,Neco NC-N01,-,Naked bike,124 ccm,https://bikez.com/motorcycles/neco_nc-n01_2023.php
2023,Nipponia Miro 130,-,Scooter,129 ccm,https://bikez.com/motorcycles/nipponia_miro_130_2023.php
2023,Niu MQi,-,Scooter,Electric,https://bikez.com/motorcycles/niu_mqi_2023.php
2023,Niu MQi GT EVO,-,Scooter,Electric,https://bikez.com/motorcycles/niu_mqi_gt_evo_2023.php
2023,Norton Commando 961 Cafe,-,Classic,961 ccm,https://bikez.com/motorcycles/norton_commando_961_cafe_2023.php
2023,Norton Commando 961 Sport,-,Classic,961 ccm,https://bikez.com/motorcycles/norton_commando_961_sport_2023.php
2023,Norton V4CR,-,Prototype/concept model,1200 ccm,https://bikez.com/motorcycles/norton_v4cr_2023.php
2023,Norton V4SV Superbike,-,Sport,1200 ccm,https://bikez.com/motorcycles/norton_v4sv_superbike_2023.php
2023,Nuuk Ciklo P 2.0,-,Scooter,Electric,https://bikez.com/motorcycles/nuuk_ciklo_p_20_2023.php
2023,Okinawa OKHI-90,-,Scooter,Electric,https://bikez.com/motorcycles/okinawa_okhi-90_2023.php
2023,Orcal NK01 125,-,Allround,125 ccm,https://bikez.com/motorcycles/orcal_nk01_125_2023.php
2023,Orcal Sirio 125,-,Allround,125 ccm,https://bikez.com/motorcycles/orcal_sirio_125_2023.php
2023,Orcal SK01 125,Show rating,Naked bike,125 ccm,https://bikez.com/motorcycles/orcal_sk01_125_2023.php
2023,Oset 12.5 Racing,-,"Minibike, cross",Electric,https://bikez.com/motorcycles/oset_125_racing_2023.php
2023,Oset 16.0 Racing,-,"Minibike, cross",Electric,https://bikez.com/motorcycles/oset_160_racing_2023.php
2023,Oset 20.0 Racing,-,"Minibike, cross",Electric,https://bikez.com/motorcycles/oset_200_racing_2023.php
2023,Oset 24.0 Racing,-,Trial,Electric,https://bikez.com/motorcycles/oset_240_racing_2023.php
2023,Oset MX-10,-,"Minibike, cross",Electric,https://bikez.com/motorcycles/oset_mx-10_2023.php
2023,Paton S1-R Lightweight,-,Sport,649 ccm,https://bikez.com/motorcycles/paton_s1-r_lightweight_2023.php
2023,Peugeot Django 125,-,Scooter,125 ccm,https://bikez.com/motorcycles/peugeot_django_125_2023.php
2023,Peugeot Django 50,-,Scooter,50 ccm,https://bikez.com/motorcycles/peugeot_django_50_2023.php
2023,Peugeot E-Ludix,-,Scooter,Electric,https://bikez.com/motorcycles/peugeot_e-ludix_2023.php
2023,Peugeot Kisbee 50 Active,-,Scooter,50 ccm,https://bikez.com/motorcycles/peugeot_kisbee_50_active_2023.php
2023,Peugeot Metropolis Allure,-,Scooter,399 ccm,https://bikez.com/motorcycles/peugeot_metropolis_allure_2023.php
2023,Peugeot Pulsion 125 Allure,-,Scooter,125 ccm,https://bikez.com/motorcycles/peugeot_pulsion_125_allure_2023.php
2023,Peugeot Speedfight 50,-,Scooter,50 ccm,https://bikez.com/motorcycles/peugeot_speedfight_50_2023.php
2023,Peugeot Tweet 125 Active,-,Scooter,125 ccm,https://bikez.com/motorcycles/peugeot_tweet_125_active_2023.php
2023,Peugeot Tweet 50 Active,-,Scooter,50 ccm,https://bikez.com/motorcycles/peugeot_tweet_50_active_2023.php
2023,Peugeot XP400,Show rating,Scooter,400 ccm,https://bikez.com/motorcycles/peugeot_xp400_2023.php
2023,PGO GTA  50,-,Scooter,49 ccm,https://bikez.com/motorcycles/pgo_gta_50_2023.php
2023,PGO GTC 50,-,Scooter,49 ccm,https://bikez.com/motorcycles/pgo_gtc_50_2023.php
2023,PGO GTC MK 50,-,Scooter,49 ccm,https://bikez.com/motorcycles/pgo_gtc_mk_50_2023.php
2023,Piaggio 1,-,Scooter,Electric,https://bikez.com/motorcycles/piaggio_1_2023.php
2023,Piaggio 1 Active,-,Scooter,Electric,https://bikez.com/motorcycles/piaggio_1_active_2023.php
2023,Piaggio 1 FCW,-,Scooter,Electric,https://bikez.com/motorcycles/piaggio_1_fcw_2023.php
2023,Piaggio 1 FCW Active,-,Scooter,Electric,https://bikez.com/motorcycles/piaggio_1_fcw_active_2023.php
2023,Piaggio 1 Plus,-,Scooter,Electric,https://bikez.com/motorcycles/piaggio_1_plus_2023.php
2023,Piaggio Beverly 300,Show rating,Scooter,278 ccm,https://bikez.com/motorcycles/piaggio_beverly_300_2023.php
2023,Piaggio Beverly 400,Show rating,Scooter,399 ccm,https://bikez.com/motorcycles/piaggio_beverly_400_2023.php
2023,Piaggio Beverly S 300,-,Scooter,278 ccm,https://bikez.com/motorcycles/piaggio_beverly_s_300_2023.php
2023,Piaggio Beverly S 400,Show rating,Scooter,399 ccm,https://bikez.com/motorcycles/piaggio_beverly_s_400_2023.php
2023,Piaggio Liberty 125,-,Scooter,124 ccm,https://bikez.com/motorcycles/piaggio_liberty_125_2023.php
2023,Piaggio Liberty 150,-,Scooter,155 ccm,https://bikez.com/motorcycles/piaggio_liberty_150_2023.php
2023,Piaggio Liberty 50,-,Scooter,49 ccm,https://bikez.com/motorcycles/piaggio_liberty_50_2023.php
2023,Piaggio Liberty Baci Perugina 125,-,Scooter,124 ccm,https://bikez.com/motorcycles/piaggio_liberty_baci_perugina_125_2023.php
2023,Piaggio Liberty S 125,Show rating,Scooter,124 ccm,https://bikez.com/motorcycles/piaggio_liberty_s_125_2023.php
2023,Piaggio Liberty S 150,-,Scooter,155 ccm,https://bikez.com/motorcycles/piaggio_liberty_s_150_2023.php
2023,Piaggio Liberty S 50,-,Scooter,49 ccm,https://bikez.com/motorcycles/piaggio_liberty_s_50_2023.php
2023,Piaggio Medley 125,-,Scooter,125 ccm,https://bikez.com/motorcycles/piaggio_medley_125_2023.php
2023,Piaggio Medley 150,-,Scooter,155 ccm,https://bikez.com/motorcycles/piaggio_medley_150_2023.php
2023,Piaggio Medley S 125,Show rating,Scooter,125 ccm,https://bikez.com/motorcycles/piaggio_medley_s_125_2023.php
2023,Piaggio Medley S 150,Show rating,Scooter,155 ccm,https://bikez.com/motorcycles/piaggio_medley_s_150_2023.php
2023,Piaggio MP3 300,-,Scooter,278 ccm,https://bikez.com/motorcycles/piaggio_mp3_300_2023.php
2023,Piaggio MP3 400,-,Scooter,399 ccm,https://bikez.com/motorcycles/piaggio_mp3_400_2023.php
2023,Piaggio MP3 530 Exclusive 530,Show rating,Scooter,530 ccm,https://bikez.com/motorcycles/piaggio_mp3_530_exclusive_530_2023.php
2023,Piaggio MP3 Sport 300,-,Scooter,278 ccm,https://bikez.com/motorcycles/piaggio_mp3_sport_300_2023.php
2023,Piaggio MP3 Sport 400,-,Scooter,399 ccm,https://bikez.com/motorcycles/piaggio_mp3_sport_400_2023.php
2023,Piaggio NRG 50,-,Scooter,49 ccm,https://bikez.com/motorcycles/piaggio_nrg_50_2023.php
2023,Piaggio Typhoon 50,-,Scooter,49 ccm,https://bikez.com/motorcycles/piaggio_typhoon_50_2023.php
2023,Piaggio Zip 50,-,Scooter,49 ccm,https://bikez.com/motorcycles/piaggio_zip_50_2023.php
2023,Piaggio Zip S 50,-,Scooter,49 ccm,https://bikez.com/motorcycles/piaggio_zip_s_50_2023.php
2023,Polaris Outlaw 110,-,ATV,112 ccm,https://bikez.com/motorcycles/polaris_outlaw_110_2023.php
2023,Polaris Outlaw 70,-,ATV,70 ccm,https://bikez.com/motorcycles/polaris_outlaw_70_2023.php
2023,Polaris Phoenix 200,-,ATV,196 ccm,https://bikez.com/motorcycles/polaris_phoenix_200_2023.php
2023,Polaris Sportsman 110,-,ATV,112 ccm,https://bikez.com/motorcycles/polaris_sportsman_110_2023.php
2023,Polaris Sportsman 450 H.O.,-,ATV,499 ccm,https://bikez.com/motorcycles/polaris_sportsman_450_ho_2023.php
2023,Polaris Sportsman 570,-,ATV,567 ccm,https://bikez.com/motorcycles/polaris_sportsman_570_2023.php
2023,Polaris Sportsman 850,-,ATV,850 ccm,https://bikez.com/motorcycles/polaris_sportsman_850_2023.php
2023,Polaris Sportsman XP 1000,-,ATV,952 ccm,https://bikez.com/motorcycles/polaris_sportsman_xp_1000_2023.php
2023,Polini 910 Carena RS,-,"Minibike, sport",40 ccm,https://bikez.com/motorcycles/polini_910_carena_rs_2023.php
2023,Qingqi QM125-2X Cafe,-,Allround,125 ccm,https://bikez.com/motorcycles/qingqi_qm125-2x_cafe_2023.php
2023,Qingqi QM50QT-2,-,Scooter,49 ccm,https://bikez.com/motorcycles/qingqi_qm50qt-2_2023.php
2023,QJmotor SRK250RS,-,Allround,249 ccm,https://bikez.com/motorcycles/qjmotor_srk250rs_2023.php
2023,QJmotor SRK700,-,Naked bike,698 ccm,https://bikez.com/motorcycles/qjmotor_srk700_2023.php
2023,QJmotor SRT800X,-,Naked bike,754 ccm,https://bikez.com/motorcycles/qjmotor_srt800x_2023.php
2023,Qooder QV3,-,Allround,346 ccm,https://bikez.com/motorcycles/qooder_qv3_2023.php
2023,Quantya Eco1,-,Scooter,Electric,https://bikez.com/motorcycles/quantya_eco1_2023.php
2023,Raybar  Fuego 200,-,Enduro/offroad,200 ccm,https://bikez.com/motorcycles/raybar_fuego_200_2023.php
2023,Redneck Undresser Standard,-,Custom/cruiser,1442 ccm,https://bikez.com/motorcycles/redneck_undresser_standard_2023.php
2023,Revolt RV400,-,Sport,Electric,https://bikez.com/motorcycles/revolt_rv400_2023.php
2023,Rewaco PUR3 Gran Turismo,-,Custom/cruiser,1499 ccm,https://bikez.com/motorcycles/rewaco_pur3_gran_turismo_2023.php
2023,Rieju Aventura 125,-,Enduro/offroad,125 ccm,https://bikez.com/motorcycles/rieju_aventura_125_2023.php
2023,Rieju Aventura 500 Legend,Show rating,Prototype/concept model,500 ccm,https://bikez.com/motorcycles/rieju_aventura_500_legend_2023.php
2023,Rieju Century,-,Sport,125 ccm,https://bikez.com/motorcycles/rieju_century_2023.php
2023,Rieju E-City 1.2,-,Scooter,Electric,https://bikez.com/motorcycles/rieju_e-city_12_2023.php
2023,Rieju E-City 3,-,Scooter,Electric,https://bikez.com/motorcycles/rieju_e-city_3_2023.php
2023,Rieju Marathon 125 Pro,-,Enduro/offroad,125 ccm,https://bikez.com/motorcycles/rieju_marathon_125_pro_2023.php
2023,Rieju Marathon 125 SM Pro,-,Super motard,125 ccm,https://bikez.com/motorcycles/rieju_marathon_125_sm_pro_2023.php
2023,Rieju MR 200 Ranger,-,Enduro/offroad,199 ccm,https://bikez.com/motorcycles/rieju_mr_200_ranger_2023.php
2023,Rieju MR 250 Pro,-,Enduro/offroad,250 ccm,https://bikez.com/motorcycles/rieju_mr_250_pro_2023.php
2023,Rieju MR 250 Racing,-,Enduro/offroad,250 ccm,https://bikez.com/motorcycles/rieju_mr_250_racing_2023.php
2023,Rieju MR 300 Pro,Show rating,Enduro/offroad,299 ccm,https://bikez.com/motorcycles/rieju_mr_300_pro_2023.php
2023,Rieju MR 300 Racing,-,Enduro/offroad,299 ccm,https://bikez.com/motorcycles/rieju_mr_300_racing_2023.php
2023,Rieju MR 300 Ranger,Show rating,Enduro/offroad,299 ccm,https://bikez.com/motorcycles/rieju_mr_300_ranger_2023.php
2023,Rieju MR Six Days France,-,Enduro/offroad,299 ccm,https://bikez.com/motorcycles/rieju_mr_six_days_france_2023.php
2023,Rieju MRT 125 LC,-,Enduro/offroad,125 ccm,https://bikez.com/motorcycles/rieju_mrt_125_lc_2023.php
2023,Rieju MRT 125 SM LC,-,Super motard,125 ccm,https://bikez.com/motorcycles/rieju_mrt_125_sm_lc_2023.php
2023,Rieju MRT 50,-,Enduro/offroad,50 ccm,https://bikez.com/motorcycles/rieju_mrt_50_2023.php
2023,Rieju MRT 50 Pro,-,Enduro/offroad,50 ccm,https://bikez.com/motorcycles/rieju_mrt_50_pro_2023.php
2023,Rieju MRT 50 SM,-,Super motard,50 ccm,https://bikez.com/motorcycles/rieju_mrt_50_sm_2023.php
2023,Rieju MRT 50 SM Pro,Show rating,Super motard,50 ccm,https://bikez.com/motorcycles/rieju_mrt_50_sm_pro_2023.php
2023,Rieju MRT 50 SM Trophy,-,Super motard,50 ccm,https://bikez.com/motorcycles/rieju_mrt_50_sm_trophy_2023.php
2023,Rieju Nuuk Urban 6,-,"Minibike, cross",Electric,https://bikez.com/motorcycles/rieju_nuuk_urban_6_2023.php
2023,Rieju Tango 125i,-,Allround,125 ccm,https://bikez.com/motorcycles/rieju_tango_125i_2023.php
2023,Rieju Tango 125i Scrambler,-,Naked bike,125 ccm,https://bikez.com/motorcycles/rieju_tango_125i_scrambler_2023.php
2023,Road Hopper Type 2i,-,Custom/cruiser,1202 ccm,https://bikez.com/motorcycles/road_hopper_type_2i_2023.php
2023,Rokon Hunter,-,Enduro/offroad,208 ccm,https://bikez.com/motorcycles/rokon_hunter_2023.php
2023,Rokon Preppers,-,Enduro/offroad,208 ccm,https://bikez.com/motorcycles/rokon_preppers_2023.php
2023,Royal Alloy GP 300 S LC,Show rating,Scooter,278 ccm,https://bikez.com/motorcycles/royal_alloy_gp_300_s_lc_2023.php
2023,Royal Alloy GT 125i,-,Scooter,125 ccm,https://bikez.com/motorcycles/royal_alloy_gt_125i_2023.php
2023,Royal Alloy TG 300 S,-,Scooter,278 ccm,https://bikez.com/motorcycles/royal_alloy_tg_300_s_2023.php
2023,Ryvid Anthem,-,Allround,Electric,https://bikez.com/motorcycles/ryvid_anthem_2023.php
2023,Sanya SY125-8C,-,Custom/cruiser,124 ccm,https://bikez.com/motorcycles/sanya_sy125-8c_2023.php
2023,Savic Alpha,-,Allround,Electric,https://bikez.com/motorcycles/savic_alpha_2023.php
2023,Savic Delta,-,Allround,Electric,https://bikez.com/motorcycles/savic_delta_2023.php
2023,Saxxx Ecooter E2Max,-,Scooter,Electric,https://bikez.com/motorcycles/saxxx_ecooter_e2max_2023.php
2023,Saxxx Ecooter E2S,-,Scooter,Electric,https://bikez.com/motorcycles/saxxx_ecooter_e2s_2023.php
2023,Scomadi TT125,-,Scooter,125 ccm,https://bikez.com/motorcycles/scomadi_tt125_2023.php
2023,Scomadi TT200,-,Scooter,181 ccm,https://bikez.com/motorcycles/scomadi_tt200_2023.php
2023,Scorpa 125 SCT Factory,-,Trial,124 ccm,https://bikez.com/motorcycles/scorpa_125_sct_factory_2023.php
2023,Scorpa 125 TY Adventure,-,Trial,124 ccm,https://bikez.com/motorcycles/scorpa_125_ty_adventure_2023.php
2023,Scorpa 125 TY Long Ride,-,Trial,124 ccm,https://bikez.com/motorcycles/scorpa_125_ty_long_ride_2023.php
2023,Scorpa 250 SCT Factory,-,Trial,249 ccm,https://bikez.com/motorcycles/scorpa_250_sct_factory_2023.php
2023,Scorpa 300 SCT Factory,-,Trial,294 ccm,https://bikez.com/motorcycles/scorpa_300_sct_factory_2023.php
2023,Seat Mo 125,-,Scooter,Electric,https://bikez.com/motorcycles/seat_mo_125_2023.php
2023,Seat MO 125 Performance,-,Scooter,Electric,https://bikez.com/motorcycles/seat_mo_125_performance_2023.php
2023,Seat MO 50,-,Scooter,Electric,https://bikez.com/motorcycles/seat_mo_50_2023.php
2023,Senke SK150-8,Show rating,Allround,162 ccm,https://bikez.com/motorcycles/senke_sk150-8_2023.php
2023,Senke SK300 T-Leopard,Show rating,Naked bike,280 ccm,https://bikez.com/motorcycles/senke_sk300_t-leopard_2023.php
2023,Serpento Aspid 125,-,Allround,125 ccm,https://bikez.com/motorcycles/serpento_aspid_125_2023.php
2023,Serpento Bronco 200,-,ATV,197 ccm,https://bikez.com/motorcycles/serpento_bronco_200_2023.php
2023,Serpento Defender RR 150,-,Enduro/offroad,150 ccm,https://bikez.com/motorcycles/serpento_defender_rr_150_2023.php
2023,Serpento Falcon 150,-,Sport,149 ccm,https://bikez.com/motorcycles/serpento_falcon_150_2023.php
2023,Serpento Hammer 200,-,ATV,197 ccm,https://bikez.com/motorcycles/serpento_hammer_200_2023.php
2023,Serpento Hurricane 200,-,Sport,193 ccm,https://bikez.com/motorcycles/serpento_hurricane_200_2023.php
2023,Serpento Kaiza 150,-,Allround,149 ccm,https://bikez.com/motorcycles/serpento_kaiza_150_2023.php
2023,Serpento Naga R 200,-,Naked bike,193 ccm,https://bikez.com/motorcycles/serpento_naga_r_200_2023.php
2023,Serpento Nova 150,Show rating,Allround,150 ccm,https://bikez.com/motorcycles/serpento_nova_150_2023.php
2023,Serpento RS2 125,-,Scooter,125 ccm,https://bikez.com/motorcycles/serpento_rs2_125_2023.php
2023,Serpento Tornado 250,-,Allround,249 ccm,https://bikez.com/motorcycles/serpento_tornado_250_2023.php
2023,Serpento Traxx 200,-,Enduro/offroad,196 ccm,https://bikez.com/motorcycles/serpento_traxx_200_2023.php
2023,Serpento Yara R 200,-,Enduro/offroad,196 ccm,https://bikez.com/motorcycles/serpento_yara_r_200_2023.php
2023,Sherco 125 SE Factory,-,Enduro/offroad,125 ccm,https://bikez.com/motorcycles/sherco_125_se_factory_2023.php
2023,Sherco 125 ST Factory Replica,-,Trial,125 ccm,https://bikez.com/motorcycles/sherco_125_st_factory_replica_2023.php
2023,Sherco 125 ST-R Racing EN,-,Trial,123 ccm,https://bikez.com/motorcycles/sherco_125_st-r_racing_en_2023.php
2023,Sherco 125 TY Adventure,-,Trial,124 ccm,https://bikez.com/motorcycles/sherco_125_ty_adventure_2023.php
2023,Sherco 125 TY Long Ride,-,Enduro/offroad,124 ccm,https://bikez.com/motorcycles/sherco_125_ty_long_ride_2023.php
2023,Sherco 250 SE Factory,Show rating,Enduro/offroad,249 ccm,https://bikez.com/motorcycles/sherco_250_se_factory_2023.php
2023,Sherco 250 SEF Factory,-,Enduro/offroad,248 ccm,https://bikez.com/motorcycles/sherco_250_sef_factory_2023.php
2023,Sherco 250 ST Factory Replica,-,Trial,250 ccm,https://bikez.com/motorcycles/sherco_250_st_factory_replica_2023.php
2023,Sherco 250 ST-R Racing EN,-,Trial,249 ccm,https://bikez.com/motorcycles/sherco_250_st-r_racing_en_2023.php
2023,Sherco 300 SE Factory,-,Enduro/offroad,293 ccm,https://bikez.com/motorcycles/sherco_300_se_factory_2023.php
2023,Sherco 300 SEF Factory,-,Enduro/offroad,304 ccm,https://bikez.com/motorcycles/sherco_300_sef_factory_2023.php
2023,Sherco 300 ST Factory Replica,-,Trial,294 ccm,https://bikez.com/motorcycles/sherco_300_st_factory_replica_2023.php
2023,Sherco 300 ST Racing,-,Trial,294 ccm,https://bikez.com/motorcycles/sherco_300_st_racing_2023.php
2023,Sherco 300 ST-R Racing EN,-,Trial,294 ccm,https://bikez.com/motorcycles/sherco_300_st-r_racing_en_2023.php
2023,Sherco 450 SEF Factory,-,Enduro/offroad,449 ccm,https://bikez.com/motorcycles/sherco_450_sef_factory_2023.php
2023,Sherco 50 SE-R,-,Enduro/offroad,50 ccm,https://bikez.com/motorcycles/sherco_50_se-r_2023.php
2023,Sherco 50 SE-RS,-,Enduro/offroad,50 ccm,https://bikez.com/motorcycles/sherco_50_se-rs_2023.php
2023,Sherco 50 SM-R,-,Super motard,50 ccm,https://bikez.com/motorcycles/sherco_50_sm-r_2023.php
2023,Sherco 50 SM-RS,-,Super motard,50 ccm,https://bikez.com/motorcycles/sherco_50_sm-rs_2023.php
2023,Sherco 500 SEF Factory,-,Enduro/offroad,478 ccm,https://bikez.com/motorcycles/sherco_500_sef_factory_2023.php
2023,Shineray XY250-11,-,Sport,249 ccm,https://bikez.com/motorcycles/shineray_xy250-11_2023.php
2023,Shineray XY250Y-23,-,Cross/motocross,249 ccm,https://bikez.com/motorcycles/shineray_xy250y-23_2023.php
2023,Shineray XY400-390K,-,Sport,397 ccm,https://bikez.com/motorcycles/shineray_xy400-390k_2023.php
2023,Silence S01 Plus,-,Scooter,Electric,https://bikez.com/motorcycles/silence_s01_plus_2023.php
2023,Sinnis Connect 125,-,Scooter,125 ccm,https://bikez.com/motorcycles/sinnis_connect_125_2023.php
2023,Sinnis Hero-X 125,-,Scooter,125 ccm,https://bikez.com/motorcycles/sinnis_hero-x_125_2023.php
2023,Sinnis SM-XE 125,-,Enduro/offroad,124 ccm,https://bikez.com/motorcycles/sinnis_sm-xe_125_2023.php
2023,Skygo Boss 150,-,Allround,145 ccm,https://bikez.com/motorcycles/skygo_boss_150_2023.php
2023,Skygo KP V150,-,Scooter,145 ccm,https://bikez.com/motorcycles/skygo_kp_v150_2023.php
2023,Sommer Diesel 516,-,Allround,516 ccm,https://bikez.com/motorcycles/sommer_diesel_516_2023.php
2023,Soriano Giaguaro V1R,-,Sport,Electric,https://bikez.com/motorcycles/soriano_giaguaro_v1r_2023.php
2023,Soriano Giaguaro V1S,-,Naked bike,Electric,https://bikez.com/motorcycles/soriano_giaguaro_v1s_2023.php
2023,Stark Varg,-,Cross/motocross,Electric,https://bikez.com/motorcycles/stark_varg_2023.php
2023,Stels 100RS,-,ATV,91 ccm,https://bikez.com/motorcycles/stels_100rs_2023.php
2023,Super Gato CG 150,-,Allround,149 ccm,https://bikez.com/motorcycles/super_gato_cg_150_2023.php
2023,Super Soco CPX,-,Scooter,Electric,https://bikez.com/motorcycles/super_soco_cpx_2023.php
2023,Super Soco Cux,-,Scooter,Electric,https://bikez.com/motorcycles/super_soco_cux_2023.php
2023,Super Soco TC,-,Naked bike,Electric,https://bikez.com/motorcycles/super_soco_tc_2023.php
2023,Super Soco TC Max,-,Naked bike,Electric,https://bikez.com/motorcycles/super_soco_tc_max_2023.php
2023,Super Soco TS Street Hunter,-,Naked bike,Electric,https://bikez.com/motorcycles/super_soco_ts_street_hunter_2023.php
2023,Super Soco TSX,-,Sport,Electric,https://bikez.com/motorcycles/super_soco_tsx_2023.php
2023,Surron Storm Bee F,-,Enduro/offroad,Electric,https://bikez.com/motorcycles/surron_storm_bee_f_2023.php
2023,Suzuki Address 125,Show rating,Scooter,125 ccm,https://bikez.com/motorcycles/suzuki_address_125_2023.php
2023,Suzuki Avenis,-,Scooter,124 ccm,https://bikez.com/motorcycles/suzuki_avenis_2023.php
2023,Suzuki AX4 Evolution,-,Allround,113 ccm,https://bikez.com/motorcycles/suzuki_ax4_evolution_2023.php
2023,Suzuki Best 125 Fi,-,Scooter,124 ccm,https://bikez.com/motorcycles/suzuki_best_125_fi_2023.php
2023,Suzuki Boulevard C50,-,Custom/cruiser,805 ccm,https://bikez.com/motorcycles/suzuki_boulevard_c50_2023.php
2023,Suzuki Boulevard C50T,-,Touring,805 ccm,https://bikez.com/motorcycles/suzuki_boulevard_c50t_2023.php
2023,Suzuki Boulevard M109R B O S S,-,Custom/cruiser,1783 ccm,https://bikez.com/motorcycles/suzuki_boulevard_m109r_b_o_s_s_2023.php
2023,Suzuki Burgman 200,-,Scooter,200 ccm,https://bikez.com/motorcycles/suzuki_burgman_200_2023.php
2023,Suzuki Burgman 400,-,Scooter,399 ccm,https://bikez.com/motorcycles/suzuki_burgman_400_2023.php
2023,Suzuki Burgman Street 125EX,-,Scooter,124 ccm,https://bikez.com/motorcycles/suzuki_burgman_street_125ex_2023.php
2023,Suzuki DR-Z125L,-,Enduro/offroad,124 ccm,https://bikez.com/motorcycles/suzuki_dr-z125l_2023.php
2023,Suzuki DR-Z400E Cape York,-,Enduro/offroad,398 ccm,https://bikez.com/motorcycles/suzuki_dr-z400e_cape_york_2023.php
2023,Suzuki DR-Z400S,Show rating,Enduro/offroad,398 ccm,https://bikez.com/motorcycles/suzuki_dr-z400s_2023.php
2023,Suzuki DR-Z400SM,Show rating,Super motard,398 ccm,https://bikez.com/motorcycles/suzuki_dr-z400sm_2023.php
2023,Suzuki DR-Z50,-,"Minibike, cross",49 ccm,https://bikez.com/motorcycles/suzuki_dr-z50_2023.php
2023,Suzuki DR650S,-,Super motard,644 ccm,https://bikez.com/motorcycles/suzuki_dr650s_2023.php
2023,Suzuki Gixxer,-,Naked bike,155 ccm,https://bikez.com/motorcycles/suzuki_gixxer_2023.php
2023,Suzuki Gixxer 250,-,Naked bike,249 ccm,https://bikez.com/motorcycles/suzuki_gixxer_250_2023.php
2023,Suzuki Gixxer SF,-,Sport,155 ccm,https://bikez.com/motorcycles/suzuki_gixxer_sf_2023.php
2023,Suzuki Gixxer SF 250,-,Sport,249 ccm,https://bikez.com/motorcycles/suzuki_gixxer_sf_250_2023.php
2023,Suzuki GSX-8S,Show rating,Naked bike,776 ccm,https://bikez.com/motorcycles/suzuki_gsx-8s_2023.php
2023,Suzuki GSX-R1000,-,Sport,1000 ccm,https://bikez.com/motorcycles/suzuki_gsx-r1000_2023.php
2023,Suzuki GSX-R1000R,-,Sport,1000 ccm,https://bikez.com/motorcycles/suzuki_gsx-r1000r_2023.php
2023,Suzuki GSX-R1000RZ,-,Sport,1000 ccm,https://bikez.com/motorcycles/suzuki_gsx-r1000rz_2023.php
2023,Suzuki GSX-R125,-,Sport,124 ccm,https://bikez.com/motorcycles/suzuki_gsx-r125_2023.php
2023,Suzuki GSX-R600,-,Sport,599 ccm,https://bikez.com/motorcycles/suzuki_gsx-r600_2023.php
2023,Suzuki GSX-R600Z,-,Sport,599 ccm,https://bikez.com/motorcycles/suzuki_gsx-r600z_2023.php
2023,Suzuki GSX-R750,Show rating,Sport,750 ccm,https://bikez.com/motorcycles/suzuki_gsx-r750_2023.php
2023,Suzuki GSX-R750Z,-,Sport,750 ccm,https://bikez.com/motorcycles/suzuki_gsx-r750z_2023.php
2023,Suzuki GSX-S1000,Show rating,Sport,999 ccm,https://bikez.com/motorcycles/suzuki_gsx-s1000_2023.php
2023,Suzuki GSX-S1000GT,-,Sport touring,1000 ccm,https://bikez.com/motorcycles/suzuki_gsx-s1000gt_2023.php
2023,Suzuki GSX-S1000GT Plus,-,Sport touring,1000 ccm,https://bikez.com/motorcycles/suzuki_gsx-s1000gt_plus_2023.php
2023,Suzuki GSX-S125,-,Naked bike,124 ccm,https://bikez.com/motorcycles/suzuki_gsx-s125_2023.php
2023,Suzuki GSX-S750Z,-,Naked bike,749 ccm,https://bikez.com/motorcycles/suzuki_gsx-s750z_2023.php
2023,Suzuki GSX-S950,Show rating,Naked bike,999 ccm,https://bikez.com/motorcycles/suzuki_gsx-s950_2023.php
2023,Suzuki GSX250R,-,Sport,248 ccm,https://bikez.com/motorcycles/suzuki_gsx250r_2023.php
2023,Suzuki Hayabusa,Show rating,Sport,1340 ccm,https://bikez.com/motorcycles/suzuki_hayabusa_2023.php
2023,Suzuki Hayabusa GP Edition,-,Sport,1340 ccm,https://bikez.com/motorcycles/suzuki_hayabusa_gp_edition_2023.php
2023,Suzuki JR80,-,"Minibike, cross",79 ccm,https://bikez.com/motorcycles/suzuki_jr80_2023.php
2023,Suzuki Katana,Show rating,Sport,999 ccm,https://bikez.com/motorcycles/suzuki_katana_2023.php
2023,Suzuki KingQuad 400ASi,-,ATV,376 ccm,https://bikez.com/motorcycles/suzuki_kingquad_400asi_2023.php
2023,Suzuki KingQuad 400FSi,-,ATV,376 ccm,https://bikez.com/motorcycles/suzuki_kingquad_400fsi_2023.php
2023,Suzuki KingQuad 500AXi,-,ATV,493 ccm,https://bikez.com/motorcycles/suzuki_kingquad_500axi_2023.php
2023,Suzuki KingQuad 750AXi,-,ATV,722 ccm,https://bikez.com/motorcycles/suzuki_kingquad_750axi_2023.php
2023,Suzuki QuadSport Z50,-,ATV,49 ccm,https://bikez.com/motorcycles/suzuki_quadsport_z50_2023.php
2023,Suzuki QuadSport Z90,-,ATV,90 ccm,https://bikez.com/motorcycles/suzuki_quadsport_z90_2023.php
2023,Suzuki Raider J Crossover,-,Scooter,113 ccm,https://bikez.com/motorcycles/suzuki_raider_j_crossover_2023.php
2023,Suzuki RM-Z250,-,Cross/motocross,249 ccm,https://bikez.com/motorcycles/suzuki_rm-z250_2023.php
2023,Suzuki RM-Z450,-,Cross/motocross,449 ccm,https://bikez.com/motorcycles/suzuki_rm-z450_2023.php
2023,Suzuki RM85,-,Cross/motocross,85 ccm,https://bikez.com/motorcycles/suzuki_rm85_2023.php
2023,Suzuki Satria F150,Show rating,Scooter,147 ccm,https://bikez.com/motorcycles/suzuki_satria_f150_2023.php
2023,Suzuki Skydrive Sport,-,Scooter,113 ccm,https://bikez.com/motorcycles/suzuki_skydrive_sport_2023.php
2023,Suzuki Smash 115,-,Scooter,113 ccm,https://bikez.com/motorcycles/suzuki_smash_115_2023.php
2023,Suzuki SV650,Show rating,Naked bike,645 ccm,https://bikez.com/motorcycles/suzuki_sv650_2023.php
2023,Suzuki SV650X,-,Naked bike,645 ccm,https://bikez.com/motorcycles/suzuki_sv650x_2023.php
2023,Suzuki Trojan,-,Enduro/offroad,199 ccm,https://bikez.com/motorcycles/suzuki_trojan_2023.php
2023,Suzuki V-Strom 1050,-,Super motard,1037 ccm,https://bikez.com/motorcycles/suzuki_v-strom_1050_2023.php
2023,Suzuki V-Strom 1050DE,-,Super motard,1037 ccm,https://bikez.com/motorcycles/suzuki_v-strom_1050de_2023.php
2023,Suzuki V-Strom 1050DE Adventure,-,Super motard,1037 ccm,https://bikez.com/motorcycles/suzuki_v-strom_1050de_adventure_2023.php
2023,Suzuki V-Strom 1050XT,-,Super motard,1037 ccm,https://bikez.com/motorcycles/suzuki_v-strom_1050xt_2023.php
2023,Suzuki V-Strom 1050XT Adventure,-,Super motard,1037 ccm,https://bikez.com/motorcycles/suzuki_v-strom_1050xt_adventure_2023.php
2023,Suzuki V-Strom 1050XT Tour,-,Super motard,1037 ccm,https://bikez.com/motorcycles/suzuki_v-strom_1050xt_tour_2023.php
2023,Suzuki V-Strom 250SX,-,Super motard,249 ccm,https://bikez.com/motorcycles/suzuki_v-strom_250sx_2023.php
2023,Suzuki V-Strom 650,Show rating,Super motard,645 ccm,https://bikez.com/motorcycles/suzuki_v-strom_650_2023.php
2023,Suzuki V-Strom 650XT,Show rating,Super motard,645 ccm,https://bikez.com/motorcycles/suzuki_v-strom_650xt_2023.php
2023,Suzuki V-Strom 650XT Adventure,-,Super motard,645 ccm,https://bikez.com/motorcycles/suzuki_v-strom_650xt_adventure_2023.php
2023,Suzuki V-Strom 800DE,Show rating,Super motard,776 ccm,https://bikez.com/motorcycles/suzuki_v-strom_800de_2023.php
2023,Suzuki V-Strom 800DE Adventure,-,Super motard,776 ccm,https://bikez.com/motorcycles/suzuki_v-strom_800de_adventure_2023.php
2023,SWM Custom V1200 Stormbreaker,-,Custom/cruiser,1202 ccm,https://bikez.com/motorcycles/swm_custom_v1200_stormbreaker_2023.php
2023,SWM Hoku 125,-,Naked bike,125 ccm,https://bikez.com/motorcycles/swm_hoku_125_2023.php
2023,SWM Hoku 400,-,Naked bike,378 ccm,https://bikez.com/motorcycles/swm_hoku_400_2023.php
2023,SWM RS125R,-,Enduro/offroad,125 ccm,https://bikez.com/motorcycles/swm_rs125r_2023.php
2023,SWM RS300R,-,Enduro/offroad,298 ccm,https://bikez.com/motorcycles/swm_rs300r_2023.php
2023,SWM RS500R,-,Enduro/offroad,501 ccm,https://bikez.com/motorcycles/swm_rs500r_2023.php
2023,SWM Six6 500,-,Allround,445 ccm,https://bikez.com/motorcycles/swm_six6_500_2023.php
2023,SWM SM 125 R,-,Enduro/offroad,125 ccm,https://bikez.com/motorcycles/swm_sm_125_r_2023.php
2023,Sym ADX 125,Show rating,Scooter,125 ccm,https://bikez.com/motorcycles/sym_adx_125_2023.php
2023,Sym Crox 50,-,Scooter,50 ccm,https://bikez.com/motorcycles/sym_crox_50_2023.php
2023,Sym Cruisym Alpha 125,-,Scooter,125 ccm,https://bikez.com/motorcycles/sym_cruisym_alpha_125_2023.php
2023,Sym Cruisym Alpha 300,Show rating,Scooter,278 ccm,https://bikez.com/motorcycles/sym_cruisym_alpha_300_2023.php
2023,Sym DRGBT 160,-,Scooter,158 ccm,https://bikez.com/motorcycles/sym_drgbt_160_2023.php
2023,Sym eX Pro,-,Scooter,Electric,https://bikez.com/motorcycles/sym_ex_pro_2023.php
2023,Sym Fiddle 125,-,Scooter,125 ccm,https://bikez.com/motorcycles/sym_fiddle_125_2023.php
2023,Sym FNX 125,-,Scooter,125 ccm,https://bikez.com/motorcycles/sym_fnx_125_2023.php
2023,Sym Jet  14 50,-,Scooter,50 ccm,https://bikez.com/motorcycles/sym_jet_14_50_2023.php
2023,Sym Jet 14 125 LC,-,Scooter,125 ccm,https://bikez.com/motorcycles/sym_jet_14_125_lc_2023.php
2023,Sym Jet 14 200,-,Scooter,159 ccm,https://bikez.com/motorcycles/sym_jet_14_200_2023.php
2023,Sym Jet 4 RX 50,-,Scooter,50 ccm,https://bikez.com/motorcycles/sym_jet_4_rx_50_2023.php
2023,Sym Jet X 125,-,Scooter,125 ccm,https://bikez.com/motorcycles/sym_jet_x_125_2023.php
2023,Sym Joymax  Z Plus 250,Show rating,Scooter,249 ccm,https://bikez.com/motorcycles/sym_joymax_z_plus_250_2023.php
2023,Sym Joymax  Z Plus 300,-,Scooter,278 ccm,https://bikez.com/motorcycles/sym_joymax_z_plus_300_2023.php
2023,Sym Joymax Z Plus 125,-,Scooter,125 ccm,https://bikez.com/motorcycles/sym_joymax_z_plus_125_2023.php
2023,Sym Joyride 300,-,Scooter,278 ccm,https://bikez.com/motorcycles/sym_joyride_300_2023.php
2023,Sym Joyride S 125,-,Scooter,124 ccm,https://bikez.com/motorcycles/sym_joyride_s_125_2023.php
2023,Sym Joyride S 200,-,Scooter,175 ccm,https://bikez.com/motorcycles/sym_joyride_s_200_2023.php
2023,Sym Maxsym 400,-,Custom/cruiser,399 ccm,https://bikez.com/motorcycles/sym_maxsym_400_2023.php
2023,Sym Maxsym TL 508,Show rating,Scooter,508 ccm,https://bikez.com/motorcycles/sym_maxsym_tl_508_2023.php
2023,Sym Mio 50,-,Scooter,49 ccm,https://bikez.com/motorcycles/sym_mio_50_2023.php
2023,Sym Orbit III 125,-,Scooter,125 ccm,https://bikez.com/motorcycles/sym_orbit_iii_125_2023.php
2023,Sym Symnh T 125,-,Super motard,124 ccm,https://bikez.com/motorcycles/sym_symnh_t_125_2023.php
2023,Sym Symnh X 125,-,Naked bike,124 ccm,https://bikez.com/motorcycles/sym_symnh_x_125_2023.php
2023,Sym Symphony 125,Show rating,Scooter,125 ccm,https://bikez.com/motorcycles/sym_symphony_125_2023.php
2023,Sym Symphony 200,-,Scooter,169 ccm,https://bikez.com/motorcycles/sym_symphony_200_2023.php
2023,Sym Symphony Cargo 125,-,Scooter,125 ccm,https://bikez.com/motorcycles/sym_symphony_cargo_125_2023.php
2023,Sym Symphony Cargo 50,-,Scooter,50 ccm,https://bikez.com/motorcycles/sym_symphony_cargo_50_2023.php
2023,Sym Symphony ST 200,Show rating,Scooter,169 ccm,https://bikez.com/motorcycles/sym_symphony_st_200_2023.php
2023,Sym Symphony ST 50,-,Scooter,50 ccm,https://bikez.com/motorcycles/sym_symphony_st_50_2023.php
2023,Sym VF 125,-,Scooter,123 ccm,https://bikez.com/motorcycles/sym_vf_125_2023.php
2023,Sym VF 185,-,Scooter,183 ccm,https://bikez.com/motorcycles/sym_vf_185_2023.php
2023,Sym XPro 50,-,Scooter,49 ccm,https://bikez.com/motorcycles/sym_xpro_50_2023.php
2023,Tacita T-Cruise Turismo,-,Touring,Electric,https://bikez.com/motorcycles/tacita_t-cruise_turismo_2023.php
2023,Tacita T-Cruise Urban,-,Custom/cruiser,Electric,https://bikez.com/motorcycles/tacita_t-cruise_urban_2023.php
2023,Tacita T-Race Cross,-,Cross/motocross,Electric,https://bikez.com/motorcycles/tacita_t-race_cross_2023.php
2023,Tacita T-Race Rally,-,Enduro/offroad,Electric,https://bikez.com/motorcycles/tacita_t-race_rally_2023.php
2023,Tacita T-Race Rally Deserto,-,Enduro/offroad,Electric,https://bikez.com/motorcycles/tacita_t-race_rally_deserto_2023.php
2023,Tacita T-Race Rally T,-,Enduro/offroad,Electric,https://bikez.com/motorcycles/tacita_t-race_rally_t_2023.php
2023,Tao Motor Blade 50,-,Scooter,50 ccm,https://bikez.com/motorcycles/tao_motor_blade_50_2023.php
2023,Tao Motor Classic 50,-,Scooter,49 ccm,https://bikez.com/motorcycles/tao_motor_classic_50_2023.php
2023,Tao Motor NewSpeed 50,-,Scooter,49 ccm,https://bikez.com/motorcycles/tao_motor_newspeed_50_2023.php
2023,Tao Motor Racer 50,-,Allround,49 ccm,https://bikez.com/motorcycles/tao_motor_racer_50_2023.php
2023,Tao Motor Vip 50,-,Scooter,49 ccm,https://bikez.com/motorcycles/tao_motor_vip_50_2023.php
2023,TGB Blade LandMaster 600,-,ATV,561 ccm,https://bikez.com/motorcycles/tgb_blade_landmaster_600_2023.php
2023,TGB Bullet 50,Show rating,Scooter,49 ccm,https://bikez.com/motorcycles/tgb_bullet_50_2023.php
2023,TGB Target 600,-,ATV,561 ccm,https://bikez.com/motorcycles/tgb_target_600_2023.php
2023,TGB Xrace 50,-,Scooter,49 ccm,https://bikez.com/motorcycles/tgb_xrace_50_2023.php
2023,Thumpstar TSF 150 X3,-,Trial,150 ccm,https://bikez.com/motorcycles/thumpstar_tsf_150_x3_2023.php
2023,Thumpstar TSF 230 X3,-,Trial,230 ccm,https://bikez.com/motorcycles/thumpstar_tsf_230_x3_2023.php
2023,Thumpstar TSF 250 X3,-,Trial,250 ccm,https://bikez.com/motorcycles/thumpstar_tsf_250_x3_2023.php
2023,Thumpstar TSF 300 N1,-,Trial,300 ccm,https://bikez.com/motorcycles/thumpstar_tsf_300_n1_2023.php
2023,Thumpstar TSR 140 SW,-,"Minibike, cross",140 ccm,https://bikez.com/motorcycles/thumpstar_tsr_140_sw_2023.php
2023,Thumpstar TSX 50 JR,-,"Minibike, cross",50 ccm,https://bikez.com/motorcycles/thumpstar_tsx_50_jr_2023.php
2023,Thumpstar TSX 50 SR,-,"Minibike, cross",50 ccm,https://bikez.com/motorcycles/thumpstar_tsx_50_sr_2023.php
2023,TM Racing EN 125 FI 2T,-,Enduro/offroad,125 ccm,https://bikez.com/motorcycles/tm_racing_en_125_fi_2t_2023.php
2023,TM Racing EN 144 Fi 2T,-,Enduro/offroad,143 ccm,https://bikez.com/motorcycles/tm_racing_en_144_fi_2t_2023.php
2023,TM Racing EN 250 ES Fi 4T,-,Enduro/offroad,250 ccm,https://bikez.com/motorcycles/tm_racing_en_250_es_fi_4t_2023.php
2023,TM Racing EN 250 Fi ES 2T,-,Enduro/offroad,249 ccm,https://bikez.com/motorcycles/tm_racing_en_250_fi_es_2t_2023.php
2023,TM Racing EN 300 ES Fi 2T,-,Enduro/offroad,293 ccm,https://bikez.com/motorcycles/tm_racing_en_300_es_fi_2t_2023.php
2023,TM Racing EN 300 Fi 4T,-,Enduro/offroad,299 ccm,https://bikez.com/motorcycles/tm_racing_en_300_fi_4t_2023.php
2023,TM Racing EN 450 ES Fi 4T,-,Enduro/offroad,449 ccm,https://bikez.com/motorcycles/tm_racing_en_450_es_fi_4t_2023.php
2023,TM Racing EN 530 Fi 4T,-,Enduro/offroad,528 ccm,https://bikez.com/motorcycles/tm_racing_en_530_fi_4t_2023.php
2023,TM Racing FT 450 ES Fi 4T,-,Super motard,449 ccm,https://bikez.com/motorcycles/tm_racing_ft_450_es_fi_4t_2023.php
2023,TM Racing MX 112 2T Junior,-,Cross/motocross,112 ccm,https://bikez.com/motorcycles/tm_racing_mx_112_2t_junior_2023.php
2023,TM Racing MX 125 2T,-,Cross/motocross,124 ccm,https://bikez.com/motorcycles/tm_racing_mx_125_2t_2023.php
2023,TM Racing MX 144 2T,-,Cross/motocross,143 ccm,https://bikez.com/motorcycles/tm_racing_mx_144_2t_2023.php
2023,TM Racing MX 250 ES 2T,-,Cross/motocross,249 ccm,https://bikez.com/motorcycles/tm_racing_mx_250_es_2t_2023.php
2023,TM Racing MX 250 ES Fi 4T,-,Cross/motocross,250 ccm,https://bikez.com/motorcycles/tm_racing_mx_250_es_fi_4t_2023.php
2023,TM Racing MX 300 ES 2T,-,Cross/motocross,293 ccm,https://bikez.com/motorcycles/tm_racing_mx_300_es_2t_2023.php
2023,TM Racing MX 300 ES Fi 4T,-,Cross/motocross,299 ccm,https://bikez.com/motorcycles/tm_racing_mx_300_es_fi_4t_2023.php
2023,TM Racing MX 450 Fi 4T,Show rating,Cross/motocross,449 ccm,https://bikez.com/motorcycles/tm_racing_mx_450_fi_4t_2023.php
2023,TM Racing MX 530 ES Fi 4T,-,Cross/motocross,528 ccm,https://bikez.com/motorcycles/tm_racing_mx_530_es_fi_4t_2023.php
2023,TM Racing MX 85 2T Junior,-,Cross/motocross,85 ccm,https://bikez.com/motorcycles/tm_racing_mx_85_2t_junior_2023.php
2023,TM Racing SMK 450 ES Fi 4T,-,Super motard,449 ccm,https://bikez.com/motorcycles/tm_racing_smk_450_es_fi_4t_2023.php
2023,TM Racing SMR 125 Fi 2T,-,Super motard,125 ccm,https://bikez.com/motorcycles/tm_racing_smr_125_fi_2t_2023.php
2023,TM Racing SMR 300 Fi ES 2T,-,Super motard,293 ccm,https://bikez.com/motorcycles/tm_racing_smr_300_fi_es_2t_2023.php
2023,TM Racing SMR 450ES Fi 4T,-,Super motard,449 ccm,https://bikez.com/motorcycles/tm_racing_smr_450es_fi_4t_2023.php
2023,TM Racing SMX 85 Junior 2T,-,Super motard,80 ccm,https://bikez.com/motorcycles/tm_racing_smx_85_junior_2t_2023.php
2023,Tork Kratos R,-,Naked bike,Electric,https://bikez.com/motorcycles/tork_kratos_r_2023.php
2023,Torrot Muvi,-,Scooter,Electric,https://bikez.com/motorcycles/torrot_muvi_2023.php
2023,Torrot Muvi Business,-,Scooter,Electric,https://bikez.com/motorcycles/torrot_muvi_business_2023.php
2023,Travertson V-Rex,-,Naked bike,1250 ccm,https://bikez.com/motorcycles/travertson_v-rex_2023.php
2023,Triumph Bonneville Bobber,-,Allround,1200 ccm,https://bikez.com/motorcycles/triumph_bonneville_bobber_2023.php
2023,Triumph Bonneville Bobber Gold Line,-,Allround,1200 ccm,https://bikez.com/motorcycles/triumph_bonneville_bobber_gold_line_2023.php
2023,Triumph Bonneville Speedmaster,Show rating,Classic,1200 ccm,https://bikez.com/motorcycles/triumph_bonneville_speedmaster_2023.php
2023,Triumph Bonneville Speedmaster Gold Line,-,Classic,1200 ccm,https://bikez.com/motorcycles/triumph_bonneville_speedmaster_gold_line_2023.php
2023,Triumph Bonneville T100,-,Allround,900 ccm,https://bikez.com/motorcycles/triumph_bonneville_t100_2023.php
2023,Triumph Bonneville T100 Gold Line,-,Allround,900 ccm,https://bikez.com/motorcycles/triumph_bonneville_t100_gold_line_2023.php
2023,Triumph Bonneville T120,-,Classic,1200 ccm,https://bikez.com/motorcycles/triumph_bonneville_t120_2023.php
2023,Triumph Bonneville T120 Black Gold Line,-,Classic,1200 ccm,https://bikez.com/motorcycles/triumph_bonneville_t120_black_gold_line_2023.php
2023,Triumph Bonneville T120 Gold Line,-,Classic,1200 ccm,https://bikez.com/motorcycles/triumph_bonneville_t120_gold_line_2023.php
2023,Triumph Rocket 3 GT,-,Custom/cruiser,2458 ccm,https://bikez.com/motorcycles/triumph_rocket_3_gt_2023.php
2023,Triumph Rocket 3 GT 221,-,Custom/cruiser,2458 ccm,https://bikez.com/motorcycles/triumph_rocket_3_gt_221_2023.php
2023,Triumph Rocket 3 R,-,Custom/cruiser,2458 ccm,https://bikez.com/motorcycles/triumph_rocket_3_r_2023.php
2023,Triumph Rocket 3 R 221,-,Custom/cruiser,2458 ccm,https://bikez.com/motorcycles/triumph_rocket_3_r_221_2023.php
2023,Triumph Scrambler 1200 XC,-,Classic,1200 ccm,https://bikez.com/motorcycles/triumph_scrambler_1200_xc_2023.php
2023,Triumph Scrambler 1200 XC Gold Line,-,Classic,1200 ccm,https://bikez.com/motorcycles/triumph_scrambler_1200_xc_gold_line_2023.php
2023,Triumph Scrambler 1200 XE,-,Classic,1200 ccm,https://bikez.com/motorcycles/triumph_scrambler_1200_xe_2023.php
2023,Triumph Scrambler 1200 XE Gold Line,-,Classic,1200 ccm,https://bikez.com/motorcycles/triumph_scrambler_1200_xe_gold_line_2023.php
2023,Triumph Scrambler 900,-,Classic,900 ccm,https://bikez.com/motorcycles/triumph_scrambler_900_2023.php
2023,Triumph Speed Triple 1200 RR,Show rating,Sport,1160 ccm,https://bikez.com/motorcycles/triumph_speed_triple_1200_rr_2023.php
2023,Triumph Speed Triple 1200 RR Bond Edition,Show rating,Sport,1160 ccm,https://bikez.com/motorcycles/triumph_speed_triple_1200_rr_bond_edition_2023.php
2023,Triumph Speed Triple 1200 RS,Show rating,Naked bike,1160 ccm,https://bikez.com/motorcycles/triumph_speed_triple_1200_rs_2023.php
2023,Triumph Speed Twin 1200,-,Classic,1200 ccm,https://bikez.com/motorcycles/triumph_speed_twin_1200_2023.php
2023,Triumph Speed Twin 900,Show rating,Classic,900 ccm,https://bikez.com/motorcycles/triumph_speed_twin_900_2023.php
2023,Triumph Street Scrambler Gold Line,-,Classic,900 ccm,https://bikez.com/motorcycles/triumph_street_scrambler_gold_line_2023.php
2023,Triumph Street Triple R,Show rating,Naked bike,765 ccm,https://bikez.com/motorcycles/triumph_street_triple_r_2023.php
2023,Triumph Street Triple R Low,Show rating,Naked bike,765 ccm,https://bikez.com/motorcycles/triumph_street_triple_r_low_2023.php
2023,Triumph Street Triple RS,Show rating,Naked bike,765 ccm,https://bikez.com/motorcycles/triumph_street_triple_rs_2023.php
2023,Triumph Street Twin Gold Line,-,Classic,900 ccm,https://bikez.com/motorcycles/triumph_street_twin_gold_line_2023.php
2023,Triumph TE-1,-,Prototype/concept model,Electric,https://bikez.com/motorcycles/triumph_te-1_2023.php
2023,Triumph Thruxton RS,Show rating,Classic,1200 ccm,https://bikez.com/motorcycles/triumph_thruxton_rs_2023.php
2023,Triumph Tiger 1200 GT,Show rating,Allround,1160 ccm,https://bikez.com/motorcycles/triumph_tiger_1200_gt_2023.php
2023,Triumph Tiger 1200 GT Explorer,Show rating,Allround,1160 ccm,https://bikez.com/motorcycles/triumph_tiger_1200_gt_explorer_2023.php
2023,Triumph Tiger 1200 GT Pro,Show rating,Allround,1160 ccm,https://bikez.com/motorcycles/triumph_tiger_1200_gt_pro_2023.php
2023,Triumph Tiger 1200 Rally Explorer,Show rating,Allround,1160 ccm,https://bikez.com/motorcycles/triumph_tiger_1200_rally_explorer_2023.php
2023,Triumph Tiger 1200 Rally Pro,Show rating,Allround,1160 ccm,https://bikez.com/motorcycles/triumph_tiger_1200_rally_pro_2023.php
2023,Triumph Tiger 850 Sport,Show rating,Sport,888 ccm,https://bikez.com/motorcycles/triumph_tiger_850_sport_2023.php
2023,Triumph Tiger 900 GT,Show rating,Enduro/offroad,888 ccm,https://bikez.com/motorcycles/triumph_tiger_900_gt_2023.php
2023,Triumph Tiger 900 GT Low,Show rating,Enduro/offroad,888 ccm,https://bikez.com/motorcycles/triumph_tiger_900_gt_low_2023.php
2023,Triumph Tiger 900 GT Pro,Show rating,Enduro/offroad,888 ccm,https://bikez.com/motorcycles/triumph_tiger_900_gt_pro_2023.php
2023,Triumph Tiger 900 Rally,Show rating,Enduro/offroad,888 ccm,https://bikez.com/motorcycles/triumph_tiger_900_rally_2023.php
2023,Triumph Tiger 900 Rally Pro,Show rating,Enduro/offroad,888 ccm,https://bikez.com/motorcycles/triumph_tiger_900_rally_pro_2023.php
2023,Triumph Tiger Sport 660,Show rating,Allround,660 ccm,https://bikez.com/motorcycles/triumph_tiger_sport_660_2023.php
2023,Triumph Trident 660,Show rating,Naked bike,660 ccm,https://bikez.com/motorcycles/triumph_trident_660_2023.php
2023,TRS On-E Kids 20,-,"Minibike, cross",Electric,https://bikez.com/motorcycles/trs_on-e_kids_20_2023.php
2023,TRS TRRS One RR 125,-,Trial,124 ccm,https://bikez.com/motorcycles/trs_trrs_one_rr_125_2023.php
2023,TRS TRRS One RR 250,-,Trial,248 ccm,https://bikez.com/motorcycles/trs_trrs_one_rr_250_2023.php
2023,TRS TRRS One RR 280,-,Trial,272 ccm,https://bikez.com/motorcycles/trs_trrs_one_rr_280_2023.php
2023,TRS TRRS One RR 300,-,Trial,294 ccm,https://bikez.com/motorcycles/trs_trrs_one_rr_300_2023.php
2023,TRS TRRS XTrack RR 125,-,Trial,124 ccm,https://bikez.com/motorcycles/trs_trrs_xtrack_rr_125_2023.php
2023,TRS TRRS XTrack RR 250,-,Trial,248 ccm,https://bikez.com/motorcycles/trs_trrs_xtrack_rr_250_2023.php
2023,TRS TRRS XTrack RR 300,-,Trial,294 ccm,https://bikez.com/motorcycles/trs_trrs_xtrack_rr_300_2023.php
2023,TVS Apache RR310,-,Sport,312 ccm,https://bikez.com/motorcycles/tvs_apache_rr310_2023.php
2023,TVS Apache RTR 160,-,Sport,160 ccm,https://bikez.com/motorcycles/tvs_apache_rtr_160_2023.php
2023,TVS Apache RTR 165RP,-,Sport,165 ccm,https://bikez.com/motorcycles/tvs_apache_rtr_165rp_2023.php
2023,TVS Apache RTR 180,-,Naked bike,177 ccm,https://bikez.com/motorcycles/tvs_apache_rtr_180_2023.php
2023,TVS Apache RTR 200,-,Naked bike,198 ccm,https://bikez.com/motorcycles/tvs_apache_rtr_200_2023.php
2023,TVS iQube,-,Scooter,Electric,https://bikez.com/motorcycles/tvs_iqube_2023.php
2023,TVS Jupiter,-,Scooter,110 ccm,https://bikez.com/motorcycles/tvs_jupiter_2023.php
2023,TVS Jupiter 125,-,Scooter,125 ccm,https://bikez.com/motorcycles/tvs_jupiter_125_2023.php
2023,TVS NTorq 125,-,Scooter,125 ccm,https://bikez.com/motorcycles/tvs_ntorq_125_2023.php
2023,TVS Radeon,-,Allround,110 ccm,https://bikez.com/motorcycles/tvs_radeon_2023.php
2023,TVS Raider 125,-,Allround,125 ccm,https://bikez.com/motorcycles/tvs_raider_125_2023.php
2023,TVS Scooty Pep Plus,-,Scooter,88 ccm,https://bikez.com/motorcycles/tvs_scooty_pep_plus_2023.php
2023,TVS Sport,-,Allround,110 ccm,https://bikez.com/motorcycles/tvs_sport_2023.php
2023,TVS Star City,-,Sport,110 ccm,https://bikez.com/motorcycles/tvs_star_city_2023.php
2023,TVS XL 100,-,Scooter,100 ccm,https://bikez.com/motorcycles/tvs_xl_100_2023.php
2023,TVS Zest 110,-,Scooter,110 ccm,https://bikez.com/motorcycles/tvs_zest_110_2023.php
2023,Ultra California Kid Bobber,-,Custom/cruiser,1852 ccm,https://bikez.com/motorcycles/ultra_california_kid_bobber_2023.php
2023,UM DSR 125 EX,-,Enduro/offroad,125 ccm,https://bikez.com/motorcycles/um_dsr_125_ex_2023.php
2023,UM DSR 125 SM,-,Super motard,125 ccm,https://bikez.com/motorcycles/um_dsr_125_sm_2023.php
2023,UM Renegade Freedom 125,Show rating,Custom/cruiser,125 ccm,https://bikez.com/motorcycles/um_renegade_freedom_125_2023.php
2023,UM Renegade Vegas 125,Show rating,Sport,125 ccm,https://bikez.com/motorcycles/um_renegade_vegas_125_2023.php
2023,UM Renegade Vegas 300,-,Sport,300 ccm,https://bikez.com/motorcycles/um_renegade_vegas_300_2023.php
2023,UM Xtreet RS 125,-,Naked bike,124 ccm,https://bikez.com/motorcycles/um_xtreet_rs_125_2023.php
2023,Unu Move 2kW,-,Scooter,Electric,https://bikez.com/motorcycles/unu_move_2kw_2023.php
2023,Unu Pro 4kW,-,Scooter,Electric,https://bikez.com/motorcycles/unu_pro_4kw_2023.php
2023,Ural CT,-,Classic,749 ccm,https://bikez.com/motorcycles/ural_ct_2023.php
2023,Ural Electric,-,Prototype/concept model,Electric,https://bikez.com/motorcycles/ural_electric_2023.php
2023,Ural Gear Up,-,Classic,749 ccm,https://bikez.com/motorcycles/ural_gear_up_2023.php
2023,Ural Gear Up Sahara,-,Classic,749 ccm,https://bikez.com/motorcycles/ural_gear_up_sahara_2023.php
2023,Vastro 125 Rio,-,Scooter,125 ccm,https://bikez.com/motorcycles/vastro_125_rio_2023.php
2023,Veli VL350RS,-,Sport,350 ccm,https://bikez.com/motorcycles/veli_vl350rs_2023.php
2023,Veli VMX3000 E-Dirtbike,-,Enduro/offroad,1 ccm,https://bikez.com/motorcycles/veli_vmx3000_e-dirtbike_2023.php
2023,Veli VMX9,-,Enduro/offroad,1 ccm,https://bikez.com/motorcycles/veli_vmx9_2023.php
2023,Velocifero Tennis 125,-,Scooter,124 ccm,https://bikez.com/motorcycles/velocifero_tennis_125_2023.php
2023,Velocifero Tennis Elettrico,-,Scooter,Electric,https://bikez.com/motorcycles/velocifero_tennis_elettrico_2023.php
2023,Vent Baja 125 4T,-,Enduro/offroad,125 ccm,https://bikez.com/motorcycles/vent_baja_125_4t_2023.php
2023,Vent Baja 125 RR 4T,-,Enduro/offroad,125 ccm,https://bikez.com/motorcycles/vent_baja_125_rr_4t_2023.php
2023,Vent Baja 50,-,Enduro/offroad,50 ccm,https://bikez.com/motorcycles/vent_baja_50_2023.php
2023,Vent Baja 50 2T Kids,-,"Minibike, cross",50 ccm,https://bikez.com/motorcycles/vent_baja_50_2t_kids_2023.php
2023,Vent Baja 50 RR,-,Enduro/offroad,50 ccm,https://bikez.com/motorcycles/vent_baja_50_rr_2023.php
2023,Vent Baja RR 125 4T,-,Enduro/offroad,125 ccm,https://bikez.com/motorcycles/vent_baja_rr_125_4t_2023.php
2023,Vent Derapage 125 4T,-,Super motard,125 ccm,https://bikez.com/motorcycles/vent_derapage_125_4t_2023.php
2023,Vent Derapage 125 RR,-,Super motard,125 ccm,https://bikez.com/motorcycles/vent_derapage_125_rr_2023.php
2023,Vent Derapage 50,-,Super motard,50 ccm,https://bikez.com/motorcycles/vent_derapage_50_2023.php
2023,Vent Derapage RR 125 4T,-,Super motard,125 ccm,https://bikez.com/motorcycles/vent_derapage_rr_125_4t_2023.php
2023,Vent Derapage RR 50,-,Super motard,50 ccm,https://bikez.com/motorcycles/vent_derapage_rr_50_2023.php
2023,Vent X-Rude,-,Enduro/offroad,125 ccm,https://bikez.com/motorcycles/vent_x-rude_2023.php
2023,Vento Alpina 300,-,Allround,300 ccm,https://bikez.com/motorcycles/vento_alpina_300_2023.php
2023,Vento Blast 125,-,Scooter,125 ccm,https://bikez.com/motorcycles/vento_blast_125_2023.php
2023,Vento Crossmax 150,-,Cross/motocross,150 ccm,https://bikez.com/motorcycles/vento_crossmax_150_2023.php
2023,Vento Crossover 250 Pro,-,Cross/motocross,250 ccm,https://bikez.com/motorcycles/vento_crossover_250_pro_2023.php
2023,Vento Falkon 200,-,Naked bike,200 ccm,https://bikez.com/motorcycles/vento_falkon_200_2023.php
2023,Vento GTS 300,Show rating,Enduro/offroad,272 ccm,https://bikez.com/motorcycles/vento_gts_300_2023.php
2023,Vento Intrepid 125,-,Scooter,125 ccm,https://bikez.com/motorcycles/vento_intrepid_125_2023.php
2023,Vento Rocketman Carrera 250,-,Sport,250 ccm,https://bikez.com/motorcycles/vento_rocketman_carrera_250_2023.php
2023,Vento Rocketman Sport 250,-,Sport,250 ccm,https://bikez.com/motorcycles/vento_rocketman_sport_250_2023.php
2023,Vento Screamer Sportivo 250,Show rating,Naked bike,250 ccm,https://bikez.com/motorcycles/vento_screamer_sportivo_250_2023.php
2023,Vento Spirit 150ZX,-,Scooter,150 ccm,https://bikez.com/motorcycles/vento_spirit_150zx_2023.php
2023,Vento Volare 150,-,Scooter,150 ccm,https://bikez.com/motorcycles/vento_volare_150_2023.php
2023,Vento Workman 125,-,Allround,125 ccm,https://bikez.com/motorcycles/vento_workman_125_2023.php
2023,Vento Xplor 150,-,Allround,150 ccm,https://bikez.com/motorcycles/vento_xplor_150_2023.php
2023,Vertigo Dougie Lampkin Replica,-,Trial,300 ccm,https://bikez.com/motorcycles/vertigo_dougie_lampkin_replica_2023.php
2023,Vertigo Nitro 125,-,Trial,125 ccm,https://bikez.com/motorcycles/vertigo_nitro_125_2023.php
2023,Vertigo Nitro 225,-,Trial,225 ccm,https://bikez.com/motorcycles/vertigo_nitro_225_2023.php
2023,Vertigo Nitro 250,-,Trial,247 ccm,https://bikez.com/motorcycles/vertigo_nitro_250_2023.php
2023,Vertigo Nitro 280,-,Trial,280 ccm,https://bikez.com/motorcycles/vertigo_nitro_280_2023.php
2023,Vertigo Nitro 300,-,Trial,300 ccm,https://bikez.com/motorcycles/vertigo_nitro_300_2023.php
2023,Vervemoto Classic S 125i,-,Classic,125 ccm,https://bikez.com/motorcycles/vervemoto_classic_s_125i_2023.php
2023,Vervemoto Tracker 250i,-,Enduro/offroad,249 ccm,https://bikez.com/motorcycles/vervemoto_tracker_250i_2023.php
2023,Vespa 50 Justin Bieber,-,Scooter,50 ccm,https://bikez.com/motorcycles/vespa_50_justin_bieber_2023.php
2023,Vespa 946 Bunny,-,Scooter,155 ccm,https://bikez.com/motorcycles/vespa_946_bunny_2023.php
2023,Vespa Elettrica 45 kmh,-,Scooter,Electric,https://bikez.com/motorcycles/vespa_elettrica_45_kmh_2023.php
2023,Vespa Elettrica 70 kmh,-,Scooter,Electric,https://bikez.com/motorcycles/vespa_elettrica_70_kmh_2023.php
2023,Vespa Elettrica Red 25 kmh,-,Scooter,Electric,https://bikez.com/motorcycles/vespa_elettrica_red_25_kmh_2023.php
2023,Vespa GTS 125,-,Scooter,124 ccm,https://bikez.com/motorcycles/vespa_gts_125_2023.php
2023,Vespa GTS 300,-,Scooter,278 ccm,https://bikez.com/motorcycles/vespa_gts_300_2023.php
2023,Vespa GTS Super 125,-,Scooter,124 ccm,https://bikez.com/motorcycles/vespa_gts_super_125_2023.php
2023,Vespa GTS Super 300,-,Scooter,278 ccm,https://bikez.com/motorcycles/vespa_gts_super_300_2023.php
2023,Vespa GTS SuperSport 125,-,Scooter,124 ccm,https://bikez.com/motorcycles/vespa_gts_supersport_125_2023.php
2023,Vespa GTS SuperSport 300,-,Scooter,278 ccm,https://bikez.com/motorcycles/vespa_gts_supersport_300_2023.php
2023,Vespa GTS SuperTech 125,-,Scooter,124 ccm,https://bikez.com/motorcycles/vespa_gts_supertech_125_2023.php
2023,Vespa GTS SuperTech 300,-,Scooter,278 ccm,https://bikez.com/motorcycles/vespa_gts_supertech_300_2023.php
2023,Vespa GTV,-,Scooter,300 ccm,https://bikez.com/motorcycles/vespa_gtv_2023.php
2023,Vespa Pic Nic 125,-,Scooter,124 ccm,https://bikez.com/motorcycles/vespa_pic_nic_125_2023.php
2023,Vespa Pic Nic 50,-,Scooter,50 ccm,https://bikez.com/motorcycles/vespa_pic_nic_50_2023.php
2023,Vespa Primavera 125,-,Scooter,124 ccm,https://bikez.com/motorcycles/vespa_primavera_125_2023.php
2023,Vespa Primavera 150,-,Scooter,155 ccm,https://bikez.com/motorcycles/vespa_primavera_150_2023.php
2023,Vespa Primavera 50,-,Scooter,50 ccm,https://bikez.com/motorcycles/vespa_primavera_50_2023.php
2023,Vespa Primavera Red 125,-,Scooter,125 ccm,https://bikez.com/motorcycles/vespa_primavera_red_125_2023.php
2023,Vespa Primavera S 125,-,Scooter,124 ccm,https://bikez.com/motorcycles/vespa_primavera_s_125_2023.php
2023,Vespa Primavera S 150,-,Scooter,155 ccm,https://bikez.com/motorcycles/vespa_primavera_s_150_2023.php
2023,Vespa Primavera S 50,-,Scooter,50 ccm,https://bikez.com/motorcycles/vespa_primavera_s_50_2023.php
2023,Vespa Primavera Touring 125,-,Scooter,124 ccm,https://bikez.com/motorcycles/vespa_primavera_touring_125_2023.php
2023,Vespa Primavera Touring 150,-,Scooter,155 ccm,https://bikez.com/motorcycles/vespa_primavera_touring_150_2023.php
2023,Vespa Primavera Touring 50,-,Scooter,50 ccm,https://bikez.com/motorcycles/vespa_primavera_touring_50_2023.php
2023,Vespa Sei Giorni 300 II,-,Scooter,278 ccm,https://bikez.com/motorcycles/vespa_sei_giorni_300_ii_2023.php
2023,Vespa Sprint 125,-,Scooter,124 ccm,https://bikez.com/motorcycles/vespa_sprint_125_2023.php
2023,Vespa Sprint 50,-,Scooter,50 ccm,https://bikez.com/motorcycles/vespa_sprint_50_2023.php
2023,Vespa Sprint Racing Sixties 125,-,Scooter,124 ccm,https://bikez.com/motorcycles/vespa_sprint_racing_sixties_125_2023.php
2023,Vespa Sprint S 125,-,Scooter,124 ccm,https://bikez.com/motorcycles/vespa_sprint_s_125_2023.php
2023,Vespa Sprint S 150,-,Scooter,155 ccm,https://bikez.com/motorcycles/vespa_sprint_s_150_2023.php
2023,Vespa Sprint S 50,-,Scooter,50 ccm,https://bikez.com/motorcycles/vespa_sprint_s_50_2023.php
2023,Viarelli Enzero,-,Scooter,Electric,https://bikez.com/motorcycles/viarelli_enzero_2023.php
2023,Viarelli GT1,-,Scooter,49 ccm,https://bikez.com/motorcycles/viarelli_gt1_2023.php
2023,Viarelli Matador,-,Scooter,49 ccm,https://bikez.com/motorcycles/viarelli_matador_2023.php
2023,Viarelli Monztro Electric,-,Scooter,Electric,https://bikez.com/motorcycles/viarelli_monztro_electric_2023.php
2023,Vins Duecinquanta Competizione,-,Sport,250 ccm,https://bikez.com/motorcycles/vins_duecinquanta_competizione_2023.php
2023,Vins Duecinquanta Strada,-,Sport,250 ccm,https://bikez.com/motorcycles/vins_duecinquanta_strada_2023.php
2023,Vins EV-01,-,Sport,Electric,https://bikez.com/motorcycles/vins_ev-01_2023.php
2023,Voge Brivido 125R,Show rating,Naked bike,125 ccm,https://bikez.com/motorcycles/voge_brivido_125r_2023.php
2023,Voge Brivido 300R,-,Naked bike,292 ccm,https://bikez.com/motorcycles/voge_brivido_300r_2023.php
2023,Voge Sfida SR4,-,Enduro/offroad,350 ccm,https://bikez.com/motorcycles/voge_sfida_sr4_2023.php
2023,Voge Trofeo 300AC,-,Naked bike,292 ccm,https://bikez.com/motorcycles/voge_trofeo_300ac_2023.php
2023,Voge Trofeo 525ACX,-,Allround,494 ccm,https://bikez.com/motorcycles/voge_trofeo_525acx_2023.php
2023,Volta VS1,-,Scooter,Electric,https://bikez.com/motorcycles/volta_vs1_2023.php
2023,Voxan Wattman,-,Sport,Electric,https://bikez.com/motorcycles/voxan_wattman_2023.php
2023,WK MXI 125,-,Scooter,124 ccm,https://bikez.com/motorcycles/wk_mxi_125_2023.php
2023,Yadea E8S Pro,-,Scooter,Electric,https://bikez.com/motorcycles/yadea_e8s_pro_2023.php
2023,Yadea Fierider,-,Scooter,Electric,https://bikez.com/motorcycles/yadea_fierider_2023.php
2023,Yadea Keeness,-,Naked bike,Electric,https://bikez.com/motorcycles/yadea_keeness_2023.php
2023,Yadea M6L,-,Scooter,Electric,https://bikez.com/motorcycles/yadea_m6l_2023.php
2023,Yadea VoltGuard Pro,-,Scooter,Electric,https://bikez.com/motorcycles/yadea_voltguard_pro_2023.php
2023,Yamaha Aerox 155,-,Scooter,155 ccm,https://bikez.com/motorcycles/yamaha_aerox_155_2023.php
2023,Yamaha Bolt R-Spec,-,Custom/cruiser,942 ccm,https://bikez.com/motorcycles/yamaha_bolt_r-spec_2023.php
2023,Yamaha Delight 125,-,Scooter,125 ccm,https://bikez.com/motorcycles/yamaha_delight_125_2023.php
2023,Yamaha Fascino 125Fi,-,Scooter,125 ccm,https://bikez.com/motorcycles/yamaha_fascino_125fi_2023.php
2023,Yamaha Fazzio 125,-,Scooter,125 ccm,https://bikez.com/motorcycles/yamaha_fazzio_125_2023.php
2023,Yamaha Fino 125,-,Scooter,125 ccm,https://bikez.com/motorcycles/yamaha_fino_125_2023.php
2023,Yamaha FJR1300ES,Show rating,Sport touring,1298 ccm,https://bikez.com/motorcycles/yamaha_fjr1300es_2023.php
2023,Yamaha FreeGo 125,Show rating,Scooter,125 ccm,https://bikez.com/motorcycles/yamaha_freego_125_2023.php
2023,Yamaha FZ 25,-,Naked bike,249 ccm,https://bikez.com/motorcycles/yamaha_fz_25_2023.php
2023,Yamaha FZ-FI,-,Naked bike,149 ccm,https://bikez.com/motorcycles/yamaha_fz-fi_2023.php
2023,Yamaha FZ-S Fi,-,Naked bike,149 ccm,https://bikez.com/motorcycles/yamaha_fz-s_fi_2023.php
2023,Yamaha FZ-S Fi Ver 4 DLX,-,Naked bike,149 ccm,https://bikez.com/motorcycles/yamaha_fz-s_fi_ver_4_dlx_2023.php
2023,Yamaha FZ-X,-,Classic,149 ccm,https://bikez.com/motorcycles/yamaha_fz-x_2023.php
2023,Yamaha FZS 25,-,Naked bike,249 ccm,https://bikez.com/motorcycles/yamaha_fzs_25_2023.php
2023,Yamaha Grizzly 90,-,ATV,90 ccm,https://bikez.com/motorcycles/yamaha_grizzly_90_2023.php
2023,Yamaha Grizzly EPS,-,ATV,686 ccm,https://bikez.com/motorcycles/yamaha_grizzly_eps_2023.php
2023,Yamaha Grizzly EPS SE,-,ATV,686 ccm,https://bikez.com/motorcycles/yamaha_grizzly_eps_se_2023.php
2023,Yamaha Grizzly EPS XT-R,-,ATV,686 ccm,https://bikez.com/motorcycles/yamaha_grizzly_eps_xt-r_2023.php
2023,Yamaha Jupiter Z1,-,Scooter,125 ccm,https://bikez.com/motorcycles/yamaha_jupiter_z1_2023.php
2023,Yamaha Kodiak 450,-,ATV,421 ccm,https://bikez.com/motorcycles/yamaha_kodiak_450_2023.php
2023,Yamaha Kodiak 700,-,ATV,686 ccm,https://bikez.com/motorcycles/yamaha_kodiak_700_2023.php
2023,Yamaha Lexi 125,-,Scooter,125 ccm,https://bikez.com/motorcycles/yamaha_lexi_125_2023.php
2023,Yamaha Mio M3 125,-,Scooter,125 ccm,https://bikez.com/motorcycles/yamaha_mio_m3_125_2023.php
2023,Yamaha MT-03,-,Sport,321 ccm,https://bikez.com/motorcycles/yamaha_mt-03_2023.php
2023,Yamaha MT-07,Show rating,Sport,689 ccm,https://bikez.com/motorcycles/yamaha_mt-07_2023.php
2023,Yamaha MT-09,Show rating,Naked bike,890 ccm,https://bikez.com/motorcycles/yamaha_mt-09_2023.php
2023,Yamaha MT-09 SP,Show rating,Naked bike,890 ccm,https://bikez.com/motorcycles/yamaha_mt-09_sp_2023.php
2023,Yamaha MT-10,Show rating,Naked bike,998 ccm,https://bikez.com/motorcycles/yamaha_mt-10_2023.php
2023,Yamaha MT-10 SP,-,Naked bike,998 ccm,https://bikez.com/motorcycles/yamaha_mt-10_sp_2023.php
2023,Yamaha MT-10 Tourer Edition,-,Sport touring,998 ccm,https://bikez.com/motorcycles/yamaha_mt-10_tourer_edition_2023.php
2023,Yamaha MT-125,Show rating,Naked bike,125 ccm,https://bikez.com/motorcycles/yamaha_mt-125_2023.php
2023,Yamaha MT-15,-,Naked bike,155 ccm,https://bikez.com/motorcycles/yamaha_mt-15_2023.php
2023,Yamaha MT-15 Ver 2.0,-,Naked bike,155 ccm,https://bikez.com/motorcycles/yamaha_mt-15_ver_20_2023.php
2023,Yamaha MT-25,Show rating,Naked bike,250 ccm,https://bikez.com/motorcycles/yamaha_mt-25_2023.php
2023,Yamaha Neos Electric,-,Scooter,Electric,https://bikez.com/motorcycles/yamaha_neos_electric_2023.php
2023,Yamaha Niken GT,Show rating,Naked bike,890 ccm,https://bikez.com/motorcycles/yamaha_niken_gt_2023.php
2023,Yamaha NMAX 125,-,Scooter,125 ccm,https://bikez.com/motorcycles/yamaha_nmax_125_2023.php
2023,Yamaha NMAX 155,-,Scooter,155 ccm,https://bikez.com/motorcycles/yamaha_nmax_155_2023.php
2023,Yamaha PW50,-,"Minibike, cross",49 ccm,https://bikez.com/motorcycles/yamaha_pw50_2023.php
2023,Yamaha R1,-,Sport,998 ccm,https://bikez.com/motorcycles/yamaha_r1_2023.php
2023,Yamaha R1 GYTR,-,Sport,998 ccm,https://bikez.com/motorcycles/yamaha_r1_gytr_2023.php
2023,Yamaha R125,-,Sport,125 ccm,https://bikez.com/motorcycles/yamaha_r125_2023.php
2023,Yamaha R15 V4,-,Sport,155 ccm,https://bikez.com/motorcycles/yamaha_r15_v4_2023.php
2023,Yamaha R15M,-,Sport,155 ccm,https://bikez.com/motorcycles/yamaha_r15m_2023.php
2023,Yamaha R15S,-,Sport,155 ccm,https://bikez.com/motorcycles/yamaha_r15s_2023.php
2023,Yamaha R1M,-,Sport,998 ccm,https://bikez.com/motorcycles/yamaha_r1m_2023.php
2023,Yamaha R25,-,Sport,250 ccm,https://bikez.com/motorcycles/yamaha_r25_2023.php
2023,Yamaha R3,-,Sport,321 ccm,https://bikez.com/motorcycles/yamaha_r3_2023.php
2023,Yamaha R6 GYTR,-,Sport,599 ccm,https://bikez.com/motorcycles/yamaha_r6_gytr_2023.php
2023,Yamaha R6 Race,-,Sport,599 ccm,https://bikez.com/motorcycles/yamaha_r6_race_2023.php
2023,Yamaha R7,-,Sport,689 ccm,https://bikez.com/motorcycles/yamaha_r7_2023.php
2023,Yamaha Raptor 700,-,ATV,686 ccm,https://bikez.com/motorcycles/yamaha_raptor_700_2023.php
2023,Yamaha Raptor 700R,-,ATV,686 ccm,https://bikez.com/motorcycles/yamaha_raptor_700r_2023.php
2023,Yamaha Raptor 700R SE,-,ATV,686 ccm,https://bikez.com/motorcycles/yamaha_raptor_700r_se_2023.php
2023,Yamaha Raptor 90,-,ATV,90 ccm,https://bikez.com/motorcycles/yamaha_raptor_90_2023.php
2023,Yamaha RayZR 125Fi,-,Scooter,125 ccm,https://bikez.com/motorcycles/yamaha_rayzr_125fi_2023.php
2023,Yamaha RayZR Street Rally 125Fi,-,Scooter,125 ccm,https://bikez.com/motorcycles/yamaha_rayzr_street_rally_125fi_2023.php
2023,Yamaha Super Tenere ES,-,Super motard,1199 ccm,https://bikez.com/motorcycles/yamaha_super_tenere_es_2023.php
2023,Yamaha Tenere 700,Show rating,Sport touring,689 ccm,https://bikez.com/motorcycles/yamaha_tenere_700_2023.php
2023,Yamaha Tenere 700 Rally,-,Sport touring,689 ccm,https://bikez.com/motorcycles/yamaha_tenere_700_rally_2023.php
2023,Yamaha Tenere 700 World Raid,-,Sport touring,689 ccm,https://bikez.com/motorcycles/yamaha_tenere_700_world_raid_2023.php
2023,Yamaha TMAX Tech Max,-,Scooter,562 ccm,https://bikez.com/motorcycles/yamaha_tmax_tech_max_2023.php
2023,Yamaha Tracer 7,Show rating,Sport touring,689 ccm,https://bikez.com/motorcycles/yamaha_tracer_7_2023.php
2023,Yamaha Tracer 7 GT,Show rating,Sport touring,689 ccm,https://bikez.com/motorcycles/yamaha_tracer_7_gt_2023.php
2023,Yamaha Tracer 9,Show rating,Sport touring,890 ccm,https://bikez.com/motorcycles/yamaha_tracer_9_2023.php
2023,Yamaha Tracer 9 GT,Show rating,Sport touring,890 ccm,https://bikez.com/motorcycles/yamaha_tracer_9_gt_2023.php
2023,Yamaha Tracer 9 GT Plus,Show rating,Sport touring,890 ccm,https://bikez.com/motorcycles/yamaha_tracer_9_gt_plus_2023.php
2023,Yamaha Tricity 125,-,Scooter,125 ccm,https://bikez.com/motorcycles/yamaha_tricity_125_2023.php
2023,Yamaha Tricity 155,-,Scooter,155 ccm,https://bikez.com/motorcycles/yamaha_tricity_155_2023.php
2023,Yamaha Tricity 300,-,Scooter,292 ccm,https://bikez.com/motorcycles/yamaha_tricity_300_2023.php
2023,Yamaha TT-R110,-,Enduro/offroad,110 ccm,https://bikez.com/motorcycles/yamaha_tt-r110_2023.php
2023,Yamaha TT-R110E,-,Enduro/offroad,110 ccm,https://bikez.com/motorcycles/yamaha_tt-r110e_2023.php
2023,Yamaha TT-R125,-,Enduro/offroad,124 ccm,https://bikez.com/motorcycles/yamaha_tt-r125_2023.php
2023,Yamaha TT-R125LE,-,Enduro/offroad,124 ccm,https://bikez.com/motorcycles/yamaha_tt-r125le_2023.php
2023,Yamaha TT-R230,-,Enduro/offroad,223 ccm,https://bikez.com/motorcycles/yamaha_tt-r230_2023.php
2023,Yamaha TT-R50,-,"Minibike, cross",49 ccm,https://bikez.com/motorcycles/yamaha_tt-r50_2023.php
2023,Yamaha TT-R50E,-,"Minibike, cross",49 ccm,https://bikez.com/motorcycles/yamaha_tt-r50e_2023.php
2023,Yamaha TW200,-,Enduro/offroad,196 ccm,https://bikez.com/motorcycles/yamaha_tw200_2023.php
2023,Yamaha V Star 250,-,Custom/cruiser,249 ccm,https://bikez.com/motorcycles/yamaha_v_star_250_2023.php
2023,Yamaha Vega Force,-,Scooter,125 ccm,https://bikez.com/motorcycles/yamaha_vega_force_2023.php
2023,Yamaha Vixion,-,Naked bike,150 ccm,https://bikez.com/motorcycles/yamaha_vixion_2023.php
2023,Yamaha WR250F,-,Enduro/offroad,250 ccm,https://bikez.com/motorcycles/yamaha_wr250f_2023.php
2023,Yamaha WR450F,Show rating,Enduro/offroad,450 ccm,https://bikez.com/motorcycles/yamaha_wr450f_2023.php
2023,Yamaha X-Ride 125,-,Scooter,125 ccm,https://bikez.com/motorcycles/yamaha_x-ride_125_2023.php
2023,Yamaha Xenter 125,-,Scooter,125 ccm,https://bikez.com/motorcycles/yamaha_xenter_125_2023.php
2023,Yamaha XMAX 125,-,Scooter,125 ccm,https://bikez.com/motorcycles/yamaha_xmax_125_2023.php
2023,Yamaha XMAX 125 Tech Max,-,Scooter,125 ccm,https://bikez.com/motorcycles/yamaha_xmax_125_tech_max_2023.php
2023,Yamaha XMAX 300,Show rating,Scooter,292 ccm,https://bikez.com/motorcycles/yamaha_xmax_300_2023.php
2023,Yamaha XMAX 300 Tech Max,-,Scooter,292 ccm,https://bikez.com/motorcycles/yamaha_xmax_300_tech_max_2023.php
2023,Yamaha XSR125,-,Naked bike,125 ccm,https://bikez.com/motorcycles/yamaha_xsr125_2023.php
2023,Yamaha XSR125 Legacy,-,Classic,125 ccm,https://bikez.com/motorcycles/yamaha_xsr125_legacy_2023.php
2023,Yamaha XSR155,-,Classic,155 ccm,https://bikez.com/motorcycles/yamaha_xsr155_2023.php
2023,Yamaha XSR700,-,Classic,689 ccm,https://bikez.com/motorcycles/yamaha_xsr700_2023.php
2023,Yamaha XSR700 Legacy,-,Classic,689 ccm,https://bikez.com/motorcycles/yamaha_xsr700_legacy_2023.php
2023,Yamaha XSR900,Show rating,Classic,890 ccm,https://bikez.com/motorcycles/yamaha_xsr900_2023.php
2023,Yamaha XT250,Show rating,Trial,249 ccm,https://bikez.com/motorcycles/yamaha_xt250_2023.php
2023,Yamaha YFZ450R,-,ATV,449 ccm,https://bikez.com/motorcycles/yamaha_yfz450r_2023.php
2023,Yamaha YFZ450R SE,-,ATV,449 ccm,https://bikez.com/motorcycles/yamaha_yfz450r_se_2023.php
2023,Yamaha YFZ50,-,ATV,50 ccm,https://bikez.com/motorcycles/yamaha_yfz50_2023.php
2023,Yamaha YZ125,Show rating,Cross/motocross,125 ccm,https://bikez.com/motorcycles/yamaha_yz125_2023.php
2023,Yamaha YZ125 Monster Energy,-,Cross/motocross,125 ccm,https://bikez.com/motorcycles/yamaha_yz125_monster_energy_2023.php
2023,Yamaha YZ125X,-,Enduro/offroad,125 ccm,https://bikez.com/motorcycles/yamaha_yz125x_2023.php
2023,Yamaha YZ250,-,Cross/motocross,249 ccm,https://bikez.com/motorcycles/yamaha_yz250_2023.php
2023,Yamaha YZ250 Monster Energy,-,Cross/motocross,249 ccm,https://bikez.com/motorcycles/yamaha_yz250_monster_energy_2023.php
2023,Yamaha YZ250F,Show rating,Cross/motocross,250 ccm,https://bikez.com/motorcycles/yamaha_yz250f_2023.php
2023,Yamaha YZ250F Monster Energy,-,Cross/motocross,250 ccm,https://bikez.com/motorcycles/yamaha_yz250f_monster_energy_2023.php
2023,Yamaha YZ250FX,-,Enduro/offroad,250 ccm,https://bikez.com/motorcycles/yamaha_yz250fx_2023.php
2023,Yamaha YZ250X,-,Enduro/offroad,249 ccm,https://bikez.com/motorcycles/yamaha_yz250x_2023.php
2023,Yamaha YZ450F,Show rating,Cross/motocross,449 ccm,https://bikez.com/motorcycles/yamaha_yz450f_2023.php
2023,Yamaha YZ450F Monster Energy,-,Cross/motocross,449 ccm,https://bikez.com/motorcycles/yamaha_yz450f_monster_energy_2023.php
2023,Yamaha YZ450FX,-,Enduro/offroad,450 ccm,https://bikez.com/motorcycles/yamaha_yz450fx_2023.php
2023,Yamaha YZ65,-,Enduro/offroad,65 ccm,https://bikez.com/motorcycles/yamaha_yz65_2023.php
2023,Yamaha YZ85,-,Cross/motocross,85 ccm,https://bikez.com/motorcycles/yamaha_yz85_2023.php
2023,Yamaha YZ85LW,-,Enduro/offroad,85 ccm,https://bikez.com/motorcycles/yamaha_yz85lw_2023.php
2023,Yamaha YZF-R1,Show rating,Sport,998 ccm,https://bikez.com/motorcycles/yamaha_yzf-r1_2023.php
2023,Yamaha YZF-R15M,-,Sport,155 ccm,https://bikez.com/motorcycles/yamaha_yzf-r15m_2023.php
2023,Yamaha YZF-R1M,-,Sport,998 ccm,https://bikez.com/motorcycles/yamaha_yzf-r1m_2023.php
2023,Yamaha YZF-R3,-,Sport,321 ccm,https://bikez.com/motorcycles/yamaha_yzf-r3_2023.php
2023,Yamaha YZF-R7,Show rating,Sport,689 ccm,https://bikez.com/motorcycles/yamaha_yzf-r7_2023.php
2023,Yamaha YZF-R7HO,-,Sport,689 ccm,https://bikez.com/motorcycles/yamaha_yzf-r7ho_2023.php
2023,Yamaha Zuma 125,-,Scooter,125 ccm,https://bikez.com/motorcycles/yamaha_zuma_125_2023.php
2023,Yamasaki Bushbuck,-,Allround,250 ccm,https://bikez.com/motorcycles/yamasaki_bushbuck_2023.php
2023,Yamasaki Cruiser,-,Custom/cruiser,124 ccm,https://bikez.com/motorcycles/yamasaki_cruiser_2023.php
2023,Yamasaki Mercury-2,-,Sport,250 ccm,https://bikez.com/motorcycles/yamasaki_mercury-2_2023.php
2023,YObykes Edge DX,-,Scooter,Electric,https://bikez.com/motorcycles/yobykes_edge_dx_2023.php
2023,Yuki 125i Via,-,Scooter,125 ccm,https://bikez.com/motorcycles/yuki_125i_via_2023.php
2023,Yuki 125i Vox,-,Allround,125 ccm,https://bikez.com/motorcycles/yuki_125i_vox_2023.php
2023,Zanella Patagonian Eagle 150,-,Custom/cruiser,149 ccm,https://bikez.com/motorcycles/zanella_patagonian_eagle_150_2023.php
2023,Zanella Sapucai 150,-,Allround,149 ccm,https://bikez.com/motorcycles/zanella_sapucai_150_2023.php
2023,Zero DS,-,Super motard,Electric,https://bikez.com/motorcycles/zero_ds_2023.php
2023,Zero DSR,-,Super motard,Electric,https://bikez.com/motorcycles/zero_dsr_2023.php
2023,Zero DSR X,-,Super motard,Electric,https://bikez.com/motorcycles/zero_dsr_x_2023.php
2023,Zero FX,-,Super motard,Electric,https://bikez.com/motorcycles/zero_fx_2023.php
2023,Zero FXE,-,Super motard,Electric,https://bikez.com/motorcycles/zero_fxe_2023.php
2023,Zero FXS,-,Super motard,Electric,https://bikez.com/motorcycles/zero_fxs_2023.php
2023,Zero S,-,Naked bike,Electric,https://bikez.com/motorcycles/zero_s_2023.php
2023,Zero SR,-,Naked bike,Electric,https://bikez.com/motorcycles/zero_sr_2023.php
2023,Zero SR-F,-,Sport,Electric,https://bikez.com/motorcycles/zero_sr-f_2023.php
2023,Zero SR-S,-,Sport,Electric,https://bikez.com/motorcycles/zero_sr-s_2023.php
2023,Zero Engineering Type 5,-,Classic,1570 ccm,https://bikez.com/motorcycles/zero_engineering_type_5_2023.php
2023,ZEV Imp,-,"Minibike, sport",Electric,https://bikez.com/motorcycles/zev_imp_2023.php
2023,ZEV LRC-X,-,Scooter,Electric,https://bikez.com/motorcycles/zev_lrc-x_2023.php
2023,Znen 947,-,Scooter,50 ccm,https://bikez.com/motorcycles/znen_947_2023.php
2023,Znen Aurora S 50,-,Scooter,50 ccm,https://bikez.com/motorcycles/znen_aurora_s_50_2023.php
2023,Znen Bull 150,-,Scooter,150 ccm,https://bikez.com/motorcycles/znen_bull_150_2023.php
2023,Znen Canoe 150,-,Scooter,150 ccm,https://bikez.com/motorcycles/znen_canoe_150_2023.php
2023,Znen Coral 125,Show rating,Scooter,125 ccm,https://bikez.com/motorcycles/znen_coral_125_2023.php
2023,Znen Cruise 125,-,Scooter,125 ccm,https://bikez.com/motorcycles/znen_cruise_125_2023.php
2023,Znen Fantasy,-,Scooter,50 ccm,https://bikez.com/motorcycles/znen_fantasy_2023.php
2023,Znen Fighter 150,-,Scooter,150 ccm,https://bikez.com/motorcycles/znen_fighter_150_2023.php
2023,Znen Hot,-,Scooter,50 ccm,https://bikez.com/motorcycles/znen_hot_2023.php
2023,Znen Lightning 150,-,Scooter,150 ccm,https://bikez.com/motorcycles/znen_lightning_150_2023.php
2023,Znen Marshal 150,-,Scooter,150 ccm,https://bikez.com/motorcycles/znen_marshal_150_2023.php
2023,Znen Snail,-,Scooter,50 ccm,https://bikez.com/motorcycles/znen_snail_2023.php
2023,Znen Tiger 150,-,Scooter,150 ccm,https://bikez.com/motorcycles/znen_tiger_150_2023.php
2023,Zongshen RC3,-,Sport,250 ccm,https://bikez.com/motorcycles/zongshen_rc3_2023.php
2023,Zongshen RZ3,-,Naked bike,250 ccm,https://bikez.com/motorcycles/zongshen_rz3_2023.php
2023,Zontes E-Mantis 125,-,Allround,124 ccm,https://bikez.com/motorcycles/zontes_e-mantis_125_2023.php
2023,Zontes ZT125-G1 Scrambler,-,Sport,125 ccm,https://bikez.com/motorcycles/zontes_zt125-g1_scrambler_2023.php
2023,Zontes ZT125-U1,-,Naked bike,125 ccm,https://bikez.com/motorcycles/zontes_zt125-u1_2023.php
2023,Zontes ZT310-M,-,Scooter,309 ccm,https://bikez.com/motorcycles/zontes_zt310-m_2023.php
2023,Zontes ZT350-GK Scrambler,-,Sport,348 ccm,https://bikez.com/motorcycles/zontes_zt350-gk_scrambler_2023.php
2023,Zontes ZT350-T,-,Sport,348 ccm,https://bikez.com/motorcycles/zontes_zt350-t_2023.php
2024,Access Xtreme Enduro SP300S,-,ATV,280 ccm,https://bikez.com/motorcycles/access_xtreme_enduro_sp300s_2024.php
2024,Aeon AI-3 More,-,Scooter,Electric,https://bikez.com/motorcycles/aeon_ai-3_more_2024.php
2024,Aeon Cobra 400 SM,-,ATV,346 ccm,https://bikez.com/motorcycles/aeon_cobra_400_sm_2024.php
2024,AJP PR7 650 Adventure,-,Enduro/offroad,600 ccm,https://bikez.com/motorcycles/ajp_pr7_650_adventure_2024.php
2024,AJP SPR 125 Enduro,-,Enduro/offroad,124 ccm,https://bikez.com/motorcycles/ajp_spr_125_enduro_2024.php
2024,AJS Barletta 125,-,Scooter,125 ccm,https://bikez.com/motorcycles/ajs_barletta_125_2024.php
2024,AJS Bilston 125,-,Sport,124 ccm,https://bikez.com/motorcycles/ajs_bilston_125_2024.php
2024,Apollino AM Thunder 125,-,Enduro/offroad,125 ccm,https://bikez.com/motorcycles/apollino_am_thunder_125_2024.php
2024,Aprilia RS 125,Show rating,Sport,124 ccm,https://bikez.com/motorcycles/aprilia_rs_125_2024.php
2024,Aprilia RS 457,Show rating,Sport,457 ccm,https://bikez.com/motorcycles/aprilia_rs_457_2024.php
2024,Aprilia RS 660,-,Sport,659 ccm,https://bikez.com/motorcycles/aprilia_rs_660_2024.php
2024,Aprilia RS 660 35kW,-,Sport,659 ccm,https://bikez.com/motorcycles/aprilia_rs_660_35kw_2024.php
2024,Aprilia RS 660 Extrema,-,Sport,659 ccm,https://bikez.com/motorcycles/aprilia_rs_660_extrema_2024.php
2024,Aprilia RSV4 1100,-,Sport,1099 ccm,https://bikez.com/motorcycles/aprilia_rsv4_1100_2024.php
2024,Aprilia RSV4 Factory 1100,-,Sport,1099 ccm,https://bikez.com/motorcycles/aprilia_rsv4_factory_1100_2024.php
2024,Aprilia RX 125,-,Enduro/offroad,124 ccm,https://bikez.com/motorcycles/aprilia_rx_125_2024.php
2024,Aprilia SR 125,-,Scooter,125 ccm,https://bikez.com/motorcycles/aprilia_sr_125_2024.php
2024,Aprilia SR 160,-,Scooter,160 ccm,https://bikez.com/motorcycles/aprilia_sr_160_2024.php
2024,Aprilia SR 160 Race,-,Scooter,160 ccm,https://bikez.com/motorcycles/aprilia_sr_160_race_2024.php
2024,Aprilia SR GT 125,-,Scooter,125 ccm,https://bikez.com/motorcycles/aprilia_sr_gt_125_2024.php
2024,Aprilia SR Storm 125,-,Scooter,125 ccm,https://bikez.com/motorcycles/aprilia_sr_storm_125_2024.php
2024,Aprilia SX 125,Show rating,Super motard,124 ccm,https://bikez.com/motorcycles/aprilia_sx_125_2024.php
2024,Aprilia SXR 125,-,Scooter,124 ccm,https://bikez.com/motorcycles/aprilia_sxr_125_2024.php
2024,Aprilia SXR 160,-,Scooter,160 ccm,https://bikez.com/motorcycles/aprilia_sxr_160_2024.php
2024,Aprilia SXR 50,-,Scooter,49 ccm,https://bikez.com/motorcycles/aprilia_sxr_50_2024.php
2024,Aprilia Tuareg 660,-,Super motard,659 ccm,https://bikez.com/motorcycles/aprilia_tuareg_660_2024.php
2024,Aprilia Tuono 125,-,Naked bike,124 ccm,https://bikez.com/motorcycles/aprilia_tuono_125_2024.php
2024,Aprilia Tuono 660,-,Sport,659 ccm,https://bikez.com/motorcycles/aprilia_tuono_660_2024.php
2024,Aprilia Tuono 660 Factory,-,Sport,659 ccm,https://bikez.com/motorcycles/aprilia_tuono_660_factory_2024.php
2024,Aprilia Tuono V4,-,Naked bike,1077 ccm,https://bikez.com/motorcycles/aprilia_tuono_v4_2024.php
2024,Aprilia Tuono V4 1100 Factory,Show rating,Naked bike,1077 ccm,https://bikez.com/motorcycles/aprilia_tuono_v4_1100_factory_2024.php
2024,Arch 1s,-,Allround,2032 ccm,https://bikez.com/motorcycles/arch_1s_2024.php
2024,Archive AM 60 SP Cafe Racer,-,Allround,125 ccm,https://bikez.com/motorcycles/archive_am_60_sp_cafe_racer_2024.php
2024,Archive AM Blackpearl 125,-,Custom/cruiser,125 ccm,https://bikez.com/motorcycles/archive_am_blackpearl_125_2024.php
2024,Arctic Cat Alterra 600,-,ATV,600 ccm,https://bikez.com/motorcycles/arctic_cat_alterra_600_2024.php
2024,Askoll XKP,-,Scooter,Electric,https://bikez.com/motorcycles/askoll_xkp_2024.php
2024,Ather Rizta,Show rating,Scooter,Electric,https://bikez.com/motorcycles/ather_rizta_2024.php
2024,Atlas Honda CB150F,-,Sport,149 ccm,https://bikez.com/motorcycles/atlas_honda_cb150f_2024.php
2024,Atlas Honda CD 70,-,Allround,72 ccm,https://bikez.com/motorcycles/atlas_honda_cd_70_2024.php
2024,Atlas Honda CG 125S,-,Allround,124 ccm,https://bikez.com/motorcycles/atlas_honda_cg_125s_2024.php
2024,Bajaj Dominar 400,-,Sport touring,373 ccm,https://bikez.com/motorcycles/bajaj_dominar_400_2024.php
2024,Bajaj Pulsar F250 ABS,-,Sport,250 ccm,https://bikez.com/motorcycles/bajaj_pulsar_f250_abs_2024.php
2024,Bajaj Pulsar N150,-,Sport,150 ccm,https://bikez.com/motorcycles/bajaj_pulsar_n150_2024.php
2024,Bajaj Pulsar N160,-,Allround,164 ccm,https://bikez.com/motorcycles/bajaj_pulsar_n160_2024.php
2024,Bajaj Pulsar N250 ABS,-,Sport,250 ccm,https://bikez.com/motorcycles/bajaj_pulsar_n250_abs_2024.php
2024,Bajaj Pulsar NS200,-,Naked bike,200 ccm,https://bikez.com/motorcycles/bajaj_pulsar_ns200_2024.php
2024,Bajaj Pulsar NS400z,-,Naked bike,373 ccm,https://bikez.com/motorcycles/bajaj_pulsar_ns400z_2024.php
2024,Benda Chinchilla 500,Show rating,Custom/cruiser,476 ccm,https://bikez.com/motorcycles/benda_chinchilla_500_2024.php
2024,Benda Darkflag 500,-,Custom/cruiser,496 ccm,https://bikez.com/motorcycles/benda_darkflag_500_2024.php
2024,Benda Napoleon 500,-,Custom/cruiser,476 ccm,https://bikez.com/motorcycles/benda_napoleon_500_2024.php
2024,Benelli 302S,-,Naked bike,300 ccm,https://bikez.com/motorcycles/benelli_302s_2024.php
2024,Benelli 502 Cruiser,-,Allround,500 ccm,https://bikez.com/motorcycles/benelli_502_cruiser_2024.php
2024,Benelli 752S,-,Naked bike,754 ccm,https://bikez.com/motorcycles/benelli_752s_2024.php
2024,Benelli BN 125,-,Naked bike,125 ccm,https://bikez.com/motorcycles/benelli_bn_125_2024.php
2024,Benelli Imperiale 400,-,Classic,374 ccm,https://bikez.com/motorcycles/benelli_imperiale_400_2024.php
2024,Benelli Leoncino 125,-,Enduro/offroad,125 ccm,https://bikez.com/motorcycles/benelli_leoncino_125_2024.php
2024,Benelli Leoncino 500,-,Super motard,500 ccm,https://bikez.com/motorcycles/benelli_leoncino_500_2024.php
2024,Benelli Leoncino 500 Trail,-,Allround,500 ccm,https://bikez.com/motorcycles/benelli_leoncino_500_trail_2024.php
2024,Benelli Leoncino 800,-,Naked bike,754 ccm,https://bikez.com/motorcycles/benelli_leoncino_800_2024.php
2024,Benelli Leoncino 800 Trail,-,Enduro/offroad,754 ccm,https://bikez.com/motorcycles/benelli_leoncino_800_trail_2024.php
2024,Benelli TNT 125,-,"Minibike, sport",125 ccm,https://bikez.com/motorcycles/benelli_tnt_125_2024.php
2024,Benelli TNT 135,-,"Minibike, sport",135 ccm,https://bikez.com/motorcycles/benelli_tnt_135_2024.php
2024,Benelli TNT 15,-,Allround,148 ccm,https://bikez.com/motorcycles/benelli_tnt_15_2024.php
2024,Benelli TNT 150i,-,Allround,150 ccm,https://bikez.com/motorcycles/benelli_tnt_150i_2024.php
2024,Benelli TNT 180S,-,Naked bike,175 ccm,https://bikez.com/motorcycles/benelli_tnt_180s_2024.php
2024,Benelli TNT 600i,-,Naked bike,600 ccm,https://bikez.com/motorcycles/benelli_tnt_600i_2024.php
2024,Benelli TRK 502,-,Allround,500 ccm,https://bikez.com/motorcycles/benelli_trk_502_2024.php
2024,Benelli TRK 502 X,-,Allround,500 ccm,https://bikez.com/motorcycles/benelli_trk_502_x_2024.php
2024,Benelli TRK 702,-,Allround,698 ccm,https://bikez.com/motorcycles/benelli_trk_702_2024.php
2024,Benelli TRK 702X,-,Allround,698 ccm,https://bikez.com/motorcycles/benelli_trk_702x_2024.php
2024,Bennche JS125,-,ATV,125 ccm,https://bikez.com/motorcycles/bennche_js125_2024.php
2024,Bennche Scorpion 200,-,Sport,177 ccm,https://bikez.com/motorcycles/bennche_scorpion_200_2024.php
2024,Beta Alp 200,-,Enduro/offroad,199 ccm,https://bikez.com/motorcycles/beta_alp_200_2024.php
2024,Beta Alp 4.0,-,Enduro/offroad,348 ccm,https://bikez.com/motorcycles/beta_alp_40_2024.php
2024,Beta Alp X,-,Enduro/offroad,348 ccm,https://bikez.com/motorcycles/beta_alp_x_2024.php
2024,Beta Evo 250 2T,-,Trial,250 ccm,https://bikez.com/motorcycles/beta_evo_250_2t_2024.php
2024,Beta Evo 2T 125,-,Trial,125 ccm,https://bikez.com/motorcycles/beta_evo_2t_125_2024.php
2024,Beta Evo 2T 300,-,Trial,297 ccm,https://bikez.com/motorcycles/beta_evo_2t_300_2024.php
2024,Beta Evo 2T 300 SS,-,Trial,297 ccm,https://bikez.com/motorcycles/beta_evo_2t_300_ss_2024.php
2024,Beta Evo 4T 300,-,Trial,297 ccm,https://bikez.com/motorcycles/beta_evo_4t_300_2024.php
2024,Beta Evo 80 Senior,-,Trial,80 ccm,https://bikez.com/motorcycles/beta_evo_80_senior_2024.php
2024,Beta Evo Factory  2T 125,-,Trial,125 ccm,https://bikez.com/motorcycles/beta_evo_factory_2t_125_2024.php
2024,Beta Evo Factory 2T 250,-,Trial,250 ccm,https://bikez.com/motorcycles/beta_evo_factory_2t_250_2024.php
2024,Beta Evo Factory 2T 300,-,Trial,297 ccm,https://bikez.com/motorcycles/beta_evo_factory_2t_300_2024.php
2024,Beta Evo Factory 4T 300,-,Trial,297 ccm,https://bikez.com/motorcycles/beta_evo_factory_4t_300_2024.php
2024,Beta RR 2T 125,-,Enduro/offroad,125 ccm,https://bikez.com/motorcycles/beta_rr_2t_125_2024.php
2024,Beta RR 2T 200,-,Enduro/offroad,190 ccm,https://bikez.com/motorcycles/beta_rr_2t_200_2024.php
2024,Beta RR 2T 250,-,Enduro/offroad,249 ccm,https://bikez.com/motorcycles/beta_rr_2t_250_2024.php
2024,Beta RR 2T 300,Show rating,Enduro/offroad,293 ccm,https://bikez.com/motorcycles/beta_rr_2t_300_2024.php
2024,Beta RR 2T 50,-,Enduro/offroad,50 ccm,https://bikez.com/motorcycles/beta_rr_2t_50_2024.php
2024,Beta RR 2T 50 Sport,Show rating,Enduro/offroad,50 ccm,https://bikez.com/motorcycles/beta_rr_2t_50_sport_2024.php
2024,Beta RR 4T 350,-,Enduro/offroad,349 ccm,https://bikez.com/motorcycles/beta_rr_4t_350_2024.php
2024,Beta RR 4T 390,-,Enduro/offroad,386 ccm,https://bikez.com/motorcycles/beta_rr_4t_390_2024.php
2024,Beta RR 4T 430,-,Enduro/offroad,431 ccm,https://bikez.com/motorcycles/beta_rr_4t_430_2024.php
2024,Beta RR 4T 480,-,Enduro/offroad,478 ccm,https://bikez.com/motorcycles/beta_rr_4t_480_2024.php
2024,Beta RR Racing 2T 125,-,Enduro/offroad,125 ccm,https://bikez.com/motorcycles/beta_rr_racing_2t_125_2024.php
2024,Beta RR Racing 2T 200,-,Enduro/offroad,190 ccm,https://bikez.com/motorcycles/beta_rr_racing_2t_200_2024.php
2024,Beta RR Racing 2T 250,-,Enduro/offroad,249 ccm,https://bikez.com/motorcycles/beta_rr_racing_2t_250_2024.php
2024,Beta RR Racing 2T 300,-,Enduro/offroad,293 ccm,https://bikez.com/motorcycles/beta_rr_racing_2t_300_2024.php
2024,Beta RR Racing 4T 350,-,Enduro/offroad,349 ccm,https://bikez.com/motorcycles/beta_rr_racing_4t_350_2024.php
2024,Beta RR Racing 4T 390,-,Enduro/offroad,385 ccm,https://bikez.com/motorcycles/beta_rr_racing_4t_390_2024.php
2024,Beta RR Racing 4T 430,-,Enduro/offroad,431 ccm,https://bikez.com/motorcycles/beta_rr_racing_4t_430_2024.php
2024,Beta RR Racing 4T 480,-,Enduro/offroad,478 ccm,https://bikez.com/motorcycles/beta_rr_racing_4t_480_2024.php
2024,Beta RX 2T 300,-,Cross/motocross,293 ccm,https://bikez.com/motorcycles/beta_rx_2t_300_2024.php
2024,Beta RX 4T 450,-,Cross/motocross,449 ccm,https://bikez.com/motorcycles/beta_rx_4t_450_2024.php
2024,Beta Xtrainer 250,-,Enduro/offroad,249 ccm,https://bikez.com/motorcycles/beta_xtrainer_250_2024.php
2024,Beta Xtrainer 300,-,Enduro/offroad,292 ccm,https://bikez.com/motorcycles/beta_xtrainer_300_2024.php
2024,Bimota BX450,-,Enduro/offroad,449 ccm,https://bikez.com/motorcycles/bimota_bx450_2024.php
2024,Bimota KB4,-,Sport,1043 ccm,https://bikez.com/motorcycles/bimota_kb4_2024.php
2024,Bimota KB4 RC,-,Sport,1043 ccm,https://bikez.com/motorcycles/bimota_kb4_rc_2024.php
2024,Bimota Tera,-,Sport,998 ccm,https://bikez.com/motorcycles/bimota_tera_2024.php
2024,Bimota Tesi H2,-,Sport,998 ccm,https://bikez.com/motorcycles/bimota_tesi_h2_2024.php
2024,BMW C 400 GT,-,Scooter,350 ccm,https://bikez.com/motorcycles/bmw_c_400_gt_2024.php
2024,BMW CE 02,-,Scooter,Electric,https://bikez.com/motorcycles/bmw_ce_02_2024.php
2024,BMW CE 04,-,Scooter,Electric,https://bikez.com/motorcycles/bmw_ce_04_2024.php
2024,BMW F 800 GS,-,Enduro/offroad,895 ccm,https://bikez.com/motorcycles/bmw_f_800_gs_2024.php
2024,BMW F 850 GS Adventure,-,Enduro/offroad,853 ccm,https://bikez.com/motorcycles/bmw_f_850_gs_adventure_2024.php
2024,BMW F 900 GS,-,Enduro/offroad,895 ccm,https://bikez.com/motorcycles/bmw_f_900_gs_2024.php
2024,BMW F 900 GS Adventure,-,Enduro/offroad,895 ccm,https://bikez.com/motorcycles/bmw_f_900_gs_adventure_2024.php
2024,BMW F 900 R,-,Sport,895 ccm,https://bikez.com/motorcycles/bmw_f_900_r_2024.php
2024,BMW F 900 XR,-,Sport,895 ccm,https://bikez.com/motorcycles/bmw_f_900_xr_2024.php
2024,BMW G 310 GS,-,Sport,313 ccm,https://bikez.com/motorcycles/bmw_g_310_gs_2024.php
2024,BMW G 310 R,-,Sport,313 ccm,https://bikez.com/motorcycles/bmw_g_310_r_2024.php
2024,BMW K 1600 B,-,Touring,1649 ccm,https://bikez.com/motorcycles/bmw_k_1600_b_2024.php
2024,BMW K 1600 Grand America,-,Touring,1649 ccm,https://bikez.com/motorcycles/bmw_k_1600_grand_america_2024.php
2024,BMW K 1600 GT,Show rating,Touring,1649 ccm,https://bikez.com/motorcycles/bmw_k_1600_gt_2024.php
2024,BMW K 1600 GTL,Show rating,Touring,1649 ccm,https://bikez.com/motorcycles/bmw_k_1600_gtl_2024.php
2024,BMW M 1000 R,-,Sport,999 ccm,https://bikez.com/motorcycles/bmw_m_1000_r_2024.php
2024,BMW M 1000 RR,-,Sport,999 ccm,https://bikez.com/motorcycles/bmw_m_1000_rr_2024.php
2024,BMW M 1000 XR,-,Sport,999 ccm,https://bikez.com/motorcycles/bmw_m_1000_xr_2024.php
2024,BMW R 12,Show rating,Custom/cruiser,1170 ccm,https://bikez.com/motorcycles/bmw_r_12_2024.php
2024,BMW R 12 nineT,-,Naked bike,1170 ccm,https://bikez.com/motorcycles/bmw_r_12_ninet_2024.php
2024,BMW R 1250 GS Adventure,Show rating,Enduro/offroad,1254 ccm,https://bikez.com/motorcycles/bmw_r_1250_gs_adventure_2024.php
2024,BMW R 1250 R,-,Naked bike,1254 ccm,https://bikez.com/motorcycles/bmw_r_1250_r_2024.php
2024,BMW R 1250 RS,-,Enduro/offroad,1254 ccm,https://bikez.com/motorcycles/bmw_r_1250_rs_2024.php
2024,BMW R 1250 RT,-,Enduro/offroad,1254 ccm,https://bikez.com/motorcycles/bmw_r_1250_rt_2024.php
2024,BMW R 1300 GS Trophy,Show rating,Enduro/offroad,1300 ccm,https://bikez.com/motorcycles/bmw_r_1300_gs_trophy_2024.php
2024,BMW R 18 Transcontinental,-,Touring,1802 ccm,https://bikez.com/motorcycles/bmw_r_18_transcontinental_2024.php
2024,BMW R18,-,Custom/cruiser,1802 ccm,https://bikez.com/motorcycles/bmw_r18_2024.php
2024,BMW R18 B,-,Touring,1802 ccm,https://bikez.com/motorcycles/bmw_r18_b_2024.php
2024,BMW R18 Classic,-,Touring,1802 ccm,https://bikez.com/motorcycles/bmw_r18_classic_2024.php
2024,BMW R18 Roctane,-,Custom/cruiser,1802 ccm,https://bikez.com/motorcycles/bmw_r18_roctane_2024.php
2024,BMW S 1000 R,-,Naked bike,999 ccm,https://bikez.com/motorcycles/bmw_s_1000_r_2024.php
2024,BMW S 1000 RR,-,Sport,999 ccm,https://bikez.com/motorcycles/bmw_s_1000_rr_2024.php
2024,BMW S 1000 XR,Show rating,Sport,999 ccm,https://bikez.com/motorcycles/bmw_s_1000_xr_2024.php
2024,Brixton Cromwell 1200,-,Sport,1222 ccm,https://bikez.com/motorcycles/brixton_cromwell_1200_2024.php
2024,Brixton Cromwell 1200 X,-,Sport,1222 ccm,https://bikez.com/motorcycles/brixton_cromwell_1200_x_2024.php
2024,Brixton Cromwell 125,-,Allround,125 ccm,https://bikez.com/motorcycles/brixton_cromwell_125_2024.php
2024,Brixton Felsberg 125,-,Allround,125 ccm,https://bikez.com/motorcycles/brixton_felsberg_125_2024.php
2024,Brixton Rayburn 125,-,Allround,125 ccm,https://bikez.com/motorcycles/brixton_rayburn_125_2024.php
2024,Brough Superior SS100,-,Classic,997 ccm,https://bikez.com/motorcycles/brough_superior_ss100_2024.php
2024,BSA Gold Star,-,Classic,652 ccm,https://bikez.com/motorcycles/bsa_gold_star_2024.php
2024,Can-Am Outlander 500,-,ATV,650 ccm,https://bikez.com/motorcycles/can-am_outlander_500_2024.php
2024,Can-Am Outlander 700,-,ATV,650 ccm,https://bikez.com/motorcycles/can-am_outlander_700_2024.php
2024,Can-Am Ryker 600,-,Touring,600 ccm,https://bikez.com/motorcycles/can-am_ryker_600_2024.php
2024,Can-Am Ryker 900,-,Touring,900 ccm,https://bikez.com/motorcycles/can-am_ryker_900_2024.php
2024,Can-Am Ryker Rally,-,Touring,900 ccm,https://bikez.com/motorcycles/can-am_ryker_rally_2024.php
2024,Can-Am Ryker Sport,-,Touring,900 ccm,https://bikez.com/motorcycles/can-am_ryker_sport_2024.php
2024,CCM Bobber,-,Naked bike,600 ccm,https://bikez.com/motorcycles/ccm_bobber_2024.php
2024,CCM Maverick,-,Naked bike,600 ccm,https://bikez.com/motorcycles/ccm_maverick_2024.php
2024,CCM RAF100,-,Classic,600 ccm,https://bikez.com/motorcycles/ccm_raf100_2024.php
2024,CCM Roadster,-,Classic,600 ccm,https://bikez.com/motorcycles/ccm_roadster_2024.php
2024,CCM Street Tracker,-,Naked bike,600 ccm,https://bikez.com/motorcycles/ccm_street_tracker_2024.php
2024,CF Moto 1250TR-G,-,Touring,1279 ccm,https://bikez.com/motorcycles/cf_moto_1250tr-g_2024.php
2024,CF Moto 250CL-X,-,Allround,249 ccm,https://bikez.com/motorcycles/cf_moto_250cl-x_2024.php
2024,CF Moto 250SR,Show rating,Sport,249 ccm,https://bikez.com/motorcycles/cf_moto_250sr_2024.php
2024,CF Moto 300CL-X,Show rating,Allround,292 ccm,https://bikez.com/motorcycles/cf_moto_300cl-x_2024.php
2024,CF Moto 300SR,-,Sport,298 ccm,https://bikez.com/motorcycles/cf_moto_300sr_2024.php
2024,CF Moto 450CL-C,-,Allround,449 ccm,https://bikez.com/motorcycles/cf_moto_450cl-c_2024.php
2024,CF Moto 450NK,Show rating,Naked bike,450 ccm,https://bikez.com/motorcycles/cf_moto_450nk_2024.php
2024,CF Moto 450SR,-,Sport,450 ccm,https://bikez.com/motorcycles/cf_moto_450sr_2024.php
2024,CF Moto 450SR S,-,Sport,450 ccm,https://bikez.com/motorcycles/cf_moto_450sr_s_2024.php
2024,CF Moto 650GT,-,Sport touring,649 ccm,https://bikez.com/motorcycles/cf_moto_650gt_2024.php
2024,CF Moto 650NK,-,Naked bike,649 ccm,https://bikez.com/motorcycles/cf_moto_650nk_2024.php
2024,CF Moto 700 CL-X Heritage,Show rating,Sport touring,693 ccm,https://bikez.com/motorcycles/cf_moto_700_cl-x_heritage_2024.php
2024,CF Moto 800 Adventura,-,Super motard,693 ccm,https://bikez.com/motorcycles/cf_moto_800_adventura_2024.php
2024,CF Moto 800MT Explore,-,Sport touring,799 ccm,https://bikez.com/motorcycles/cf_moto_800mt_explore_2024.php
2024,CF Moto 800NK,-,Naked bike,799 ccm,https://bikez.com/motorcycles/cf_moto_800nk_2024.php
2024,CF Moto CForce 1000 Touring,-,ATV,963 ccm,https://bikez.com/motorcycles/cf_moto_cforce_1000_touring_2024.php
2024,CF Moto Papio CL,-,"Minibike, cross",126 ccm,https://bikez.com/motorcycles/cf_moto_papio_cl_2024.php
2024,CF Moto ST Papio,-,"Minibike, sport",126 ccm,https://bikez.com/motorcycles/cf_moto_st_papio_2024.php
2024,Christini AWD 450 DS,-,Enduro/offroad,450 ccm,https://bikez.com/motorcycles/christini_awd_450_ds_2024.php
2024,Christini AWD 450 E,-,Enduro/offroad,450 ccm,https://bikez.com/motorcycles/christini_awd_450_e_2024.php
2024,Christini AWD E-Big Wheel,-,Enduro/offroad,Electric,https://bikez.com/motorcycles/christini_awd_e-big_wheel_2024.php
2024,Cleveland Mutiny 250,-,Enduro/offroad,249 ccm,https://bikez.com/motorcycles/cleveland_mutiny_250_2024.php
2024,Cleveland Mutiny 400,-,Enduro/offroad,397 ccm,https://bikez.com/motorcycles/cleveland_mutiny_400_2024.php
2024,Combat Motors Wraith,-,Naked bike,2163 ccm,https://bikez.com/motorcycles/combat_motors_wraith_2024.php
2024,CPI X-Large 300,-,Scooter,276 ccm,https://bikez.com/motorcycles/cpi_x-large_300_2024.php
2024,CSC Motorcycles E-RT3,-,Scooter,Electric,https://bikez.com/motorcycles/csc_motorcycles_e-rt3_2024.php
2024,CSC Motorcycles ES5,-,Scooter,Electric,https://bikez.com/motorcycles/csc_motorcycles_es5_2024.php
2024,CSC Motorcycles RX6,-,Allround,650 ccm,https://bikez.com/motorcycles/csc_motorcycles_rx6_2024.php
2024,CSC Motorcycles SG250 Cafe Racer,-,Allround,230 ccm,https://bikez.com/motorcycles/csc_motorcycles_sg250_cafe_racer_2024.php
2024,CSC Motorcycles TT250,-,Enduro/offroad,230 ccm,https://bikez.com/motorcycles/csc_motorcycles_tt250_2024.php
2024,Daelim B-Bone 125,-,Scooter,125 ccm,https://bikez.com/motorcycles/daelim_b-bone_125_2024.php
2024,Daelim Cordi 50,-,Scooter,50 ccm,https://bikez.com/motorcycles/daelim_cordi_50_2024.php
2024,Damon Hyperfighter Unlimited 15,-,Naked bike,Electric,https://bikez.com/motorcycles/damon_hyperfighter_unlimited_15_2024.php
2024,Docker Flash XX,-,Allround,49 ccm,https://bikez.com/motorcycles/docker_flash_xx_2024.php
2024,Ducati DesertX,-,Enduro/offroad,937 ccm,https://bikez.com/motorcycles/ducati_desertx_2024.php
2024,Ducati DesertX Rally,-,Enduro/offroad,937 ccm,https://bikez.com/motorcycles/ducati_desertx_rally_2024.php
2024,Ducati Diavel for Bentley,-,Naked bike,1158 ccm,https://bikez.com/motorcycles/ducati_diavel_for_bentley_2024.php
2024,Ducati Diavel V4,-,Naked bike,1158 ccm,https://bikez.com/motorcycles/ducati_diavel_v4_2024.php
2024,Ducati Hypermotard 698 Mono,Show rating,Super motard,659 ccm,https://bikez.com/motorcycles/ducati_hypermotard_698_mono_2024.php
2024,Ducati Hypermotard 698 Mono RWE,-,Super motard,659 ccm,https://bikez.com/motorcycles/ducati_hypermotard_698_mono_rwe_2024.php
2024,Ducati Hypermotard 950,-,Super motard,937 ccm,https://bikez.com/motorcycles/ducati_hypermotard_950_2024.php
2024,Ducati Hypermotard 950 RWE,-,Super motard,937 ccm,https://bikez.com/motorcycles/ducati_hypermotard_950_rwe_2024.php
2024,Ducati Hypermotard 950 SP,-,Super motard,937 ccm,https://bikez.com/motorcycles/ducati_hypermotard_950_sp_2024.php
2024,Ducati Monster,-,Naked bike,937 ccm,https://bikez.com/motorcycles/ducati_monster_2024.php
2024,Ducati Monster Plus,-,Naked bike,937 ccm,https://bikez.com/motorcycles/ducati_monster_plus_2024.php
2024,Ducati Monster Senna,-,Naked bike,937 ccm,https://bikez.com/motorcycles/ducati_monster_senna_2024.php
2024,Ducati Monster SP,-,Naked bike,937 ccm,https://bikez.com/motorcycles/ducati_monster_sp_2024.php
2024,Ducati Monster SP 30 Anniversario,-,Naked bike,937 ccm,https://bikez.com/motorcycles/ducati_monster_sp_30_anniversario_2024.php
2024,Ducati Multistrada V2,-,Sport,937 ccm,https://bikez.com/motorcycles/ducati_multistrada_v2_2024.php
2024,Ducati Multistrada V2 S,-,Sport,937 ccm,https://bikez.com/motorcycles/ducati_multistrada_v2_s_2024.php
2024,Ducati Multistrada V4,-,Sport touring,1158 ccm,https://bikez.com/motorcycles/ducati_multistrada_v4_2024.php
2024,Ducati Multistrada V4 RS,-,Sport,1103 ccm,https://bikez.com/motorcycles/ducati_multistrada_v4_rs_2024.php
2024,Ducati Multistrada V4S Grand Tour,-,Sport touring,1158 ccm,https://bikez.com/motorcycles/ducati_multistrada_v4s_grand_tour_2024.php
2024,Ducati Panigale V2,-,Sport,955 ccm,https://bikez.com/motorcycles/ducati_panigale_v2_2024.php
2024,Ducati Panigale V4,-,Sport,1103 ccm,https://bikez.com/motorcycles/ducati_panigale_v4_2024.php
2024,Ducati Panigale V4 R,-,Sport,998 ccm,https://bikez.com/motorcycles/ducati_panigale_v4_r_2024.php
2024,Ducati Panigale V4 S,-,Sport,1103 ccm,https://bikez.com/motorcycles/ducati_panigale_v4_s_2024.php
2024,Ducati Scrambler Icon,-,Allround,803 ccm,https://bikez.com/motorcycles/ducati_scrambler_icon_2024.php
2024,Ducati Streetfighter V2,Show rating,Naked bike,955 ccm,https://bikez.com/motorcycles/ducati_streetfighter_v2_2024.php
2024,Ducati Streetfighter V4,-,Naked bike,1103 ccm,https://bikez.com/motorcycles/ducati_streetfighter_v4_2024.php
2024,Ducati Streetfighter V4 SP2,-,Naked bike,1103 ccm,https://bikez.com/motorcycles/ducati_streetfighter_v4_sp2_2024.php
2024,Ducati Streetfighter V4 Supreme,-,Naked bike,1103 ccm,https://bikez.com/motorcycles/ducati_streetfighter_v4_supreme_2024.php
2024,Ducati Superleggera V4,-,Naked bike,998 ccm,https://bikez.com/motorcycles/ducati_superleggera_v4_2024.php
2024,Ducati Supersport 950,-,Sport,937 ccm,https://bikez.com/motorcycles/ducati_supersport_950_2024.php
2024,Ducati Supersport 950 S,-,Sport,937 ccm,https://bikez.com/motorcycles/ducati_supersport_950_s_2024.php
2024,Ducati XDiavel Dark,-,Sport,1262 ccm,https://bikez.com/motorcycles/ducati_xdiavel_dark_2024.php
2024,Ducati XDiavel Nera,-,Sport,1262 ccm,https://bikez.com/motorcycles/ducati_xdiavel_nera_2024.php
2024,Ducati XDiavel S,-,Sport,1262 ccm,https://bikez.com/motorcycles/ducati_xdiavel_s_2024.php
2024,Ebretti 518,-,Scooter,Electric,https://bikez.com/motorcycles/ebretti_518_2024.php
2024,Eccity Model 3,-,Scooter,Electric,https://bikez.com/motorcycles/eccity_model_3_2024.php
2024,Ecooter E3 S,-,Scooter,Electric,https://bikez.com/motorcycles/ecooter_e3_s_2024.php
2024,Electric Motion Epure Factor-e,-,Trial,Electric,https://bikez.com/motorcycles/electric_motion_epure_factor-e_2024.php
2024,Electric Motion Escape S,-,Enduro/offroad,Electric,https://bikez.com/motorcycles/electric_motion_escape_s_2024.php
2024,Energica Ego Plus,-,Sport,Electric,https://bikez.com/motorcycles/energica_ego_plus_2024.php
2024,Energica Esse Esse 9 Plus,-,Sport,Electric,https://bikez.com/motorcycles/energica_esse_esse_9_plus_2024.php
2024,Energica Eva Ribelle,-,Naked bike,Electric,https://bikez.com/motorcycles/energica_eva_ribelle_2024.php
2024,Energica Experia,-,Touring,Electric,https://bikez.com/motorcycles/energica_experia_2024.php
2024,Enfield Bullet 350,-,Classic,349 ccm,https://bikez.com/motorcycles/enfield_bullet_350_2024.php
2024,Enfield Classic 350,-,Classic,349 ccm,https://bikez.com/motorcycles/enfield_classic_350_2024.php
2024,Enfield Continental GT 650,-,Classic,648 ccm,https://bikez.com/motorcycles/enfield_continental_gt_650_2024.php
2024,Enfield Continental GT 650 Thunder,-,Classic,648 ccm,https://bikez.com/motorcycles/enfield_continental_gt_650_thunder_2024.php
2024,Enfield Himalayan 410,-,Enduro/offroad,411 ccm,https://bikez.com/motorcycles/enfield_himalayan_410_2024.php
2024,Enfield Himalayan 450,Show rating,Enduro/offroad,452 ccm,https://bikez.com/motorcycles/enfield_himalayan_450_2024.php
2024,Enfield HNTR 350,-,Classic,349 ccm,https://bikez.com/motorcycles/enfield_hntr_350_2024.php
2024,Enfield Hunter 350,Show rating,Classic,349 ccm,https://bikez.com/motorcycles/enfield_hunter_350_2024.php
2024,Enfield Interceptor 650,-,Classic,648 ccm,https://bikez.com/motorcycles/enfield_interceptor_650_2024.php
2024,Enfield Interceptor 650 Lightning,-,Classic,648 ccm,https://bikez.com/motorcycles/enfield_interceptor_650_lightning_2024.php
2024,Enfield Meteor 350,-,Classic,349 ccm,https://bikez.com/motorcycles/enfield_meteor_350_2024.php
2024,Enfield Scram 411,Show rating,Classic,411 ccm,https://bikez.com/motorcycles/enfield_scram_411_2024.php
2024,Enfield Shotgun 650,-,Classic,648 ccm,https://bikez.com/motorcycles/enfield_shotgun_650_2024.php
2024,Enfield Super Meteor 650,Show rating,Classic,648 ccm,https://bikez.com/motorcycles/enfield_super_meteor_650_2024.php
2024,Evolet Dhanno,-,Scooter,Electric,https://bikez.com/motorcycles/evolet_dhanno_2024.php
2024,Factory Bike FK 370,-,Naked bike,370 ccm,https://bikez.com/motorcycles/factory_bike_fk_370_2024.php
2024,Fantic Caballero Rally 125,-,Enduro/offroad,125 ccm,https://bikez.com/motorcycles/fantic_caballero_rally_125_2024.php
2024,Fantic Caballero Scrambler 500,-,Enduro/offroad,449 ccm,https://bikez.com/motorcycles/fantic_caballero_scrambler_500_2024.php
2024,Fantic Caballero Scrambler 700,-,Enduro/offroad,689 ccm,https://bikez.com/motorcycles/fantic_caballero_scrambler_700_2024.php
2024,Fantic XE 125,-,Enduro/offroad,125 ccm,https://bikez.com/motorcycles/fantic_xe_125_2024.php
2024,Fantic XE 300,-,Enduro/offroad,293 ccm,https://bikez.com/motorcycles/fantic_xe_300_2024.php
2024,Fantic XEF 450 Launch Version,-,Enduro/offroad,450 ccm,https://bikez.com/motorcycles/fantic_xef_450_launch_version_2024.php
2024,Fantic XEF 450 Rally Factory,-,Enduro/offroad,450 ccm,https://bikez.com/motorcycles/fantic_xef_450_rally_factory_2024.php
2024,Fantic XX 250 Launch Version,-,Cross/motocross,249 ccm,https://bikez.com/motorcycles/fantic_xx_250_launch_version_2024.php
2024,Fantic XXF 450 Launch Version,-,Cross/motocross,450 ccm,https://bikez.com/motorcycles/fantic_xxf_450_launch_version_2024.php
2024,FB Mondial Imola 125,-,Scooter,124 ccm,https://bikez.com/motorcycles/fb_mondial_imola_125_2024.php
2024,FB Mondial Imola 50,-,Scooter,50 ccm,https://bikez.com/motorcycles/fb_mondial_imola_50_2024.php
2024,Felo FW-03,-,Scooter,Electric,https://bikez.com/motorcycles/felo_fw-03_2024.php
2024,FGR Midalu 2500,-,Naked bike,2442 ccm,https://bikez.com/motorcycles/fgr_midalu_2500_2024.php
2024,Garelli Ciclone E4 Cross,-,Scooter,Electric,https://bikez.com/motorcycles/garelli_ciclone_e4_cross_2024.php
2024,Garelli Ciclone Sport,-,Scooter,Electric,https://bikez.com/motorcycles/garelli_ciclone_sport_2024.php
2024,GAS GAS EC 250,-,Enduro/offroad,249 ccm,https://bikez.com/motorcycles/gas_gas_ec_250_2024.php
2024,GAS GAS EC 250F,-,Enduro/offroad,250 ccm,https://bikez.com/motorcycles/gas_gas_ec_250f_2024.php
2024,GAS GAS EC 300,-,Enduro/offroad,293 ccm,https://bikez.com/motorcycles/gas_gas_ec_300_2024.php
2024,GAS GAS EC 350F,-,Enduro/offroad,350 ccm,https://bikez.com/motorcycles/gas_gas_ec_350f_2024.php
2024,GAS GAS EC 450F,-,Enduro/offroad,450 ccm,https://bikez.com/motorcycles/gas_gas_ec_450f_2024.php
2024,GAS GAS EC 500F,-,Enduro/offroad,511 ccm,https://bikez.com/motorcycles/gas_gas_ec_500f_2024.php
2024,GAS GAS ES 700,-,Enduro/offroad,693 ccm,https://bikez.com/motorcycles/gas_gas_es_700_2024.php
2024,GAS GAS MC 125,-,Cross/motocross,125 ccm,https://bikez.com/motorcycles/gas_gas_mc_125_2024.php
2024,GAS GAS MC 450F Factory,-,Cross/motocross,450 ccm,https://bikez.com/motorcycles/gas_gas_mc_450f_factory_2024.php
2024,GAS GAS MC 50,-,"Minibike, cross",50 ccm,https://bikez.com/motorcycles/gas_gas_mc_50_2024.php
2024,GAS GAS MC 65,-,"Minibike, cross",65 ccm,https://bikez.com/motorcycles/gas_gas_mc_65_2024.php
2024,GAS GAS MC 85 17-14,-,Cross/motocross,85 ccm,https://bikez.com/motorcycles/gas_gas_mc_85_17-14_2024.php
2024,GAS GAS MC 85 19-16,-,Cross/motocross,85 ccm,https://bikez.com/motorcycles/gas_gas_mc_85_19-16_2024.php
2024,GAS GAS MC-E 3,-,"Minibike, cross",Electric,https://bikez.com/motorcycles/gas_gas_mc-e_3_2024.php
2024,GAS GAS MC-E 5,-,"Minibike, cross",Electric,https://bikez.com/motorcycles/gas_gas_mc-e_5_2024.php
2024,GAS GAS RX 450F Replica,-,Enduro/offroad,449 ccm,https://bikez.com/motorcycles/gas_gas_rx_450f_replica_2024.php
2024,GAS GAS SM 700,-,Super motard,693 ccm,https://bikez.com/motorcycles/gas_gas_sm_700_2024.php
2024,GAS GAS TXT GP 250,-,Trial,248 ccm,https://bikez.com/motorcycles/gas_gas_txt_gp_250_2024.php
2024,GAS GAS TXT GP 300,-,Trial,294 ccm,https://bikez.com/motorcycles/gas_gas_txt_gp_300_2024.php
2024,Genata XrZ,-,Sport,125 ccm,https://bikez.com/motorcycles/genata_xrz_2024.php
2024,Genuine Scooter Buddy 50,-,Scooter,50 ccm,https://bikez.com/motorcycles/genuine_scooter_buddy_50_2024.php
2024,Goes Terrox 400,-,ATV,400 ccm,https://bikez.com/motorcycles/goes_terrox_400_2024.php
2024,Gogoro CrossOver,-,Scooter,Electric,https://bikez.com/motorcycles/gogoro_crossover_2024.php
2024,Gogoro Pulse,-,Scooter,Electric,https://bikez.com/motorcycles/gogoro_pulse_2024.php
2024,Gogoro SuperSport,-,Scooter,Electric,https://bikez.com/motorcycles/gogoro_supersport_2024.php
2024,Govecs Schwalbe,-,Scooter,Electric,https://bikez.com/motorcycles/govecs_schwalbe_2024.php
2024,GPX Moto TSE 300L,-,Enduro/offroad,294 ccm,https://bikez.com/motorcycles/gpx_moto_tse_300l_2024.php
2024,GPX Moto TSE 300R,-,Enduro/offroad,294 ccm,https://bikez.com/motorcycles/gpx_moto_tse_300r_2024.php
2024,GRC Moto GP10R 190,-,"Minibike, sport",187 ccm,https://bikez.com/motorcycles/grc_moto_gp10r_190_2024.php
2024,Hanway Bob 400H,-,Classic,389 ccm,https://bikez.com/motorcycles/hanway_bob_400h_2024.php
2024,Hanway Furious 125NK,-,Naked bike,124 ccm,https://bikez.com/motorcycles/hanway_furious_125nk_2024.php
2024,Hanway YP500,-,Classic,498 ccm,https://bikez.com/motorcycles/hanway_yp500_2024.php
2024,Haojin HJ200-18 A,-,Allround,200 ccm,https://bikez.com/motorcycles/haojin_hj200-18_a_2024.php
2024,Haojue DR 300,-,Naked bike,298 ccm,https://bikez.com/motorcycles/haojue_dr_300_2024.php
2024,Haojue TR 300,-,Custom/cruiser,298 ccm,https://bikez.com/motorcycles/haojue_tr_300_2024.php
2024,Haojue XCR 300,-,Naked bike,298 ccm,https://bikez.com/motorcycles/haojue_xcr_300_2024.php
2024,Harley-Davidson Breakout 117,Show rating,Custom/cruiser,1917 ccm,https://bikez.com/motorcycles/harley-davidson_breakout_117_2024.php
2024,Harley-Davidson CVO Pan America,-,Super motard,1252 ccm,https://bikez.com/motorcycles/harley-davidson_cvo_pan_america_2024.php
2024,Harley-Davidson CVO Road Glide,-,Touring,1983 ccm,https://bikez.com/motorcycles/harley-davidson_cvo_road_glide_2024.php
2024,Harley-Davidson CVO Road Glide ST,-,Touring,1983 ccm,https://bikez.com/motorcycles/harley-davidson_cvo_road_glide_st_2024.php
2024,Harley-Davidson CVO Street Glide,-,Touring,1983 ccm,https://bikez.com/motorcycles/harley-davidson_cvo_street_glide_2024.php
2024,Harley-Davidson Fat Boy 114,Show rating,Custom/cruiser,1868 ccm,https://bikez.com/motorcycles/harley-davidson_fat_boy_114_2024.php
2024,Harley-Davidson Freewheeler,-,Custom/cruiser,1868 ccm,https://bikez.com/motorcycles/harley-davidson_freewheeler_2024.php
2024,Harley-Davidson Heritage Classic 114,-,Custom/cruiser,1868 ccm,https://bikez.com/motorcycles/harley-davidson_heritage_classic_114_2024.php
2024,Harley-Davidson Hydra-Glide Revival,-,Touring,1868 ccm,https://bikez.com/motorcycles/harley-davidson_hydra-glide_revival_2024.php
2024,Harley-Davidson Low Rider S,-,Custom/cruiser,1917 ccm,https://bikez.com/motorcycles/harley-davidson_low_rider_s_2024.php
2024,Harley-Davidson Low Rider ST,-,Custom/cruiser,1923 ccm,https://bikez.com/motorcycles/harley-davidson_low_rider_st_2024.php
2024,Harley-Davidson Nightster,-,Sport,978 ccm,https://bikez.com/motorcycles/harley-davidson_nightster_2024.php
2024,Harley-Davidson Nightster Special,-,Sport,975 ccm,https://bikez.com/motorcycles/harley-davidson_nightster_special_2024.php
2024,Harley-Davidson Pan America 1250 Special,-,Super motard,1 ccm,https://bikez.com/motorcycles/harley-davidson_pan_america_1250_special_2024.php
2024,Harley-Davidson Road Glide,-,Touring,1917 ccm,https://bikez.com/motorcycles/harley-davidson_road_glide_2024.php
2024,Harley-Davidson Road Glide 3,-,Touring,1868 ccm,https://bikez.com/motorcycles/harley-davidson_road_glide_3_2024.php
2024,Harley-Davidson Road Glide Limited,-,Touring,1868 ccm,https://bikez.com/motorcycles/harley-davidson_road_glide_limited_2024.php
2024,Harley-Davidson Road King Special,-,Touring,1868 ccm,https://bikez.com/motorcycles/harley-davidson_road_king_special_2024.php
2024,Harley-Davidson Softail Standard,-,Custom/cruiser,1754 ccm,https://bikez.com/motorcycles/harley-davidson_softail_standard_2024.php
2024,Harley-Davidson Sportster S,-,Sport,1252 ccm,https://bikez.com/motorcycles/harley-davidson_sportster_s_2024.php
2024,Harley-Davidson Street Bob 114,Show rating,Custom/cruiser,1868 ccm,https://bikez.com/motorcycles/harley-davidson_street_bob_114_2024.php
2024,Harley-Davidson Street Glide,Show rating,Touring,1917 ccm,https://bikez.com/motorcycles/harley-davidson_street_glide_2024.php
2024,Harley-Davidson Tri Glide Ultra,Show rating,Touring,1868 ccm,https://bikez.com/motorcycles/harley-davidson_tri_glide_ultra_2024.php
2024,Harley-Davidson Ultra Limited,Show rating,Touring,1868 ccm,https://bikez.com/motorcycles/harley-davidson_ultra_limited_2024.php
2024,Harley-Davidson X440,-,Allround,440 ccm,https://bikez.com/motorcycles/harley-davidson_x440_2024.php
2024,Hartford Classic S 250i,-,Sport,223 ccm,https://bikez.com/motorcycles/hartford_classic_s_250i_2024.php
2024,Hartford CX-125 Crossover,-,Allround,124 ccm,https://bikez.com/motorcycles/hartford_cx-125_crossover_2024.php
2024,Hartford Vita 300,-,Scooter,276 ccm,https://bikez.com/motorcycles/hartford_vita_300_2024.php
2024,Herald Brat 125,-,Allround,124 ccm,https://bikez.com/motorcycles/herald_brat_125_2024.php
2024,Herald Brat 250,-,Allround,223 ccm,https://bikez.com/motorcycles/herald_brat_250_2024.php
2024,Herald Brat 250X,-,Allround,223 ccm,https://bikez.com/motorcycles/herald_brat_250x_2024.php
2024,Hero Destini 125 Xtec,-,Scooter,125 ccm,https://bikez.com/motorcycles/hero_destini_125_xtec_2024.php
2024,Hero Destini Prime,-,Scooter,125 ccm,https://bikez.com/motorcycles/hero_destini_prime_2024.php
2024,Hero Eco 150,-,Sport,149 ccm,https://bikez.com/motorcycles/hero_eco_150_2024.php
2024,Hero Glamour,-,Sport,125 ccm,https://bikez.com/motorcycles/hero_glamour_2024.php
2024,Hero Glamour Xtec,-,Sport,125 ccm,https://bikez.com/motorcycles/hero_glamour_xtec_2024.php
2024,Hero HF 100,-,Sport,97 ccm,https://bikez.com/motorcycles/hero_hf_100_2024.php
2024,Hero HF Deluxe,-,Sport,97 ccm,https://bikez.com/motorcycles/hero_hf_deluxe_2024.php
2024,Hero Hunter 150,Show rating,Sport,149 ccm,https://bikez.com/motorcycles/hero_hunter_150_2024.php
2024,Hero Karizma XMR,-,Sport,210 ccm,https://bikez.com/motorcycles/hero_karizma_xmr_2024.php
2024,Hero Mavrick 440,-,Allround,440 ccm,https://bikez.com/motorcycles/hero_mavrick_440_2024.php
2024,Hero Passion Plus,-,Sport,97 ccm,https://bikez.com/motorcycles/hero_passion_plus_2024.php
2024,Hero Passion Xtec,-,Sport,113 ccm,https://bikez.com/motorcycles/hero_passion_xtec_2024.php
2024,Hero Pleasure Plus Xtec,-,Scooter,111 ccm,https://bikez.com/motorcycles/hero_pleasure_plus_xtec_2024.php
2024,Hero Splendor Plus,-,Sport,97 ccm,https://bikez.com/motorcycles/hero_splendor_plus_2024.php
2024,Hero Splendor Plus Xtec,-,Sport,97 ccm,https://bikez.com/motorcycles/hero_splendor_plus_xtec_2024.php
2024,Hero Super Splendor,-,Sport,125 ccm,https://bikez.com/motorcycles/hero_super_splendor_2024.php
2024,Hero Super Splendor Xtec,-,Sport,125 ccm,https://bikez.com/motorcycles/hero_super_splendor_xtec_2024.php
2024,Hero Xoom LX,-,Scooter,111 ccm,https://bikez.com/motorcycles/hero_xoom_lx_2024.php
2024,Hero XPulse 200T,-,Allround,200 ccm,https://bikez.com/motorcycles/hero_xpulse_200t_2024.php
2024,Hero XPulse Pro 200,-,Enduro/offroad,200 ccm,https://bikez.com/motorcycles/hero_xpulse_pro_200_2024.php
2024,Hero Xtreme 125R,-,Naked bike,125 ccm,https://bikez.com/motorcycles/hero_xtreme_125r_2024.php
2024,Hero Xtreme 160R,-,Sport,163 ccm,https://bikez.com/motorcycles/hero_xtreme_160r_2024.php
2024,Hero Xtreme 200S,-,Sport,200 ccm,https://bikez.com/motorcycles/hero_xtreme_200s_2024.php
2024,Hero Electric Optima CX 2.0,-,Scooter,Electric,https://bikez.com/motorcycles/hero_electric_optima_cx_20_2024.php
2024,Hero Electric Optima CX 5.0,-,Scooter,Electric,https://bikez.com/motorcycles/hero_electric_optima_cx_50_2024.php
2024,Hero Electric Photon LP,-,Scooter,Electric,https://bikez.com/motorcycles/hero_electric_photon_lp_2024.php
2024,Honda Activa,-,Scooter,109 ccm,https://bikez.com/motorcycles/honda_activa_2024.php
2024,Honda ADV160,-,Scooter,157 ccm,https://bikez.com/motorcycles/honda_adv160_2024.php
2024,Honda Africa Twin Adventure Sports DCT,-,Enduro/offroad,1083 ccm,https://bikez.com/motorcycles/honda_africa_twin_adventure_sports_dct_2024.php
2024,Honda Africa Twin Adventure Sports ES,-,Enduro/offroad,1083 ccm,https://bikez.com/motorcycles/honda_africa_twin_adventure_sports_es_2024.php
2024,Honda CB1000R Black Edition,-,Naked bike,998 ccm,https://bikez.com/motorcycles/honda_cb1000r_black_edition_2024.php
2024,Honda CB125R,-,Naked bike,125 ccm,https://bikez.com/motorcycles/honda_cb125r______2024.php
2024,Honda CB300R,-,Sport,286 ccm,https://bikez.com/motorcycles/honda_cb300r_2024.php
2024,Honda CB750 Hornet,-,Naked bike,755 ccm,https://bikez.com/motorcycles/honda_cb750_hornet_2024.php
2024,Honda CBR1000RR,-,Sport,998 ccm,https://bikez.com/motorcycles/honda_cbr1000rr_2024.php
2024,Honda CBR1000RR ABS,-,Sport,999 ccm,https://bikez.com/motorcycles/honda_cbr1000rr_abs_2024.php
2024,Honda CBR1000RR-R Fireblade SP,-,Sport,1000 ccm,https://bikez.com/motorcycles/honda_cbr1000rr-r_fireblade_sp_2024.php
2024,Honda CBR500R,-,Sport,471 ccm,https://bikez.com/motorcycles/honda_cbr500r_2024.php
2024,Honda CBR600RR,-,Sport,599 ccm,https://bikez.com/motorcycles/honda_cbr600rr_2024.php
2024,Honda CBR600RR ABS,-,Sport,599 ccm,https://bikez.com/motorcycles/honda_cbr600rr_abs_2024.php
2024,Honda CRF 50 F,-,Enduro/offroad,50 ccm,https://bikez.com/motorcycles/honda_crf_50_f_2024.php
2024,Honda CRF1100L Africa Twin Adventure Sports,Show rating,Enduro/offroad,1084 ccm,https://bikez.com/motorcycles/honda_crf1100l_africa_twin_adventure_sports_2024.php
2024,Honda CRF110F,-,Enduro/offroad,109 ccm,https://bikez.com/motorcycles/honda_crf110f_2024.php
2024,Honda CRF125F,-,Cross/motocross,125 ccm,https://bikez.com/motorcycles/honda_crf125f_2024.php
2024,Honda CRF150R,-,Cross/motocross,150 ccm,https://bikez.com/motorcycles/honda_crf150r_2024.php
2024,Honda CRF150R Expert,-,Cross/motocross,150 ccm,https://bikez.com/motorcycles/honda_crf150r_expert_2024.php
2024,Honda CRF250F,-,Cross/motocross,250 ccm,https://bikez.com/motorcycles/honda_crf250f_2024.php
2024,Honda CRF250R,-,Cross/motocross,249 ccm,https://bikez.com/motorcycles/honda_crf250r_2024.php
2024,Honda CRF250RX,-,Enduro/offroad,249 ccm,https://bikez.com/motorcycles/honda_crf250rx_2024.php
2024,Honda CRF450R,-,Cross/motocross,450 ccm,https://bikez.com/motorcycles/honda_crf450r_2024.php
2024,Honda CRF450R-S,-,Cross/motocross,450 ccm,https://bikez.com/motorcycles/honda_crf450r-s_2024.php
2024,Honda CRF450RL,-,Cross/motocross,449 ccm,https://bikez.com/motorcycles/honda_crf450rl_2024.php
2024,Honda CRF450RWE,-,Cross/motocross,450 ccm,https://bikez.com/motorcycles/honda_crf450rwe_2024.php
2024,Honda CRF450RX,-,Enduro/offroad,450 ccm,https://bikez.com/motorcycles/honda_crf450rx_2024.php
2024,Honda CRF450X,-,Enduro/offroad,449 ccm,https://bikez.com/motorcycles/honda_crf450x_2024.php
2024,Honda FourTrax Foreman 4x4,-,ATV,518 ccm,https://bikez.com/motorcycles/honda_fourtrax_foreman_4x4_2024.php
2024,Honda Fury,-,Custom/cruiser,1312 ccm,https://bikez.com/motorcycles/honda_fury_2024.php
2024,Honda Gold Wing,-,Touring,1833 ccm,https://bikez.com/motorcycles/honda_gold_wing_2024.php
2024,Honda Gold Wing Automatic DCT,-,Touring,1833 ccm,https://bikez.com/motorcycles/honda_gold_wing_automatic_dct_2024.php
2024,Honda Gold Wing Tour,-,Touring,1833 ccm,https://bikez.com/motorcycles/honda_gold_wing_tour_2024.php
2024,Honda Gold Wing Tour Airbag Automatic DCT,-,Touring,1833 ccm,https://bikez.com/motorcycles/honda_gold_wing_tour_airbag_automatic_dct_2024.php
2024,Honda Grom,-,Sport,124 ccm,https://bikez.com/motorcycles/honda_grom_2024.php
2024,Honda Grom ABS,-,Sport,124 ccm,https://bikez.com/motorcycles/honda_grom_abs_2024.php
2024,Honda Grom SP,-,Sport,124 ccm,https://bikez.com/motorcycles/honda_grom_sp_2024.php
2024,Honda Metropolitan,-,Scooter,49 ccm,https://bikez.com/motorcycles/honda_metropolitan_2024.php
2024,Honda Monkey ABS,Show rating,Allround,124 ccm,https://bikez.com/motorcycles/honda_monkey_abs_2024.php
2024,Honda Montesa Cota 301RR,-,Trial,298 ccm,https://bikez.com/motorcycles/honda_montesa_cota_301rr_2024.php
2024,Honda Montesa Cota 4RT 260R,-,Trial,259 ccm,https://bikez.com/motorcycles/honda_montesa_cota_4rt_260r_2024.php
2024,Honda Montesa Cota 4RT 301RR Race Replica,-,Trial,298 ccm,https://bikez.com/motorcycles/honda_montesa_cota_4rt_301rr_race_replica_2024.php
2024,Honda NC750X DCT,-,Super motard,745 ccm,https://bikez.com/motorcycles/honda_nc750x_dct_2024.php
2024,Honda NT1100,-,Sport touring,1084 ccm,https://bikez.com/motorcycles/honda_nt1100_2024.php
2024,Honda Rebel 1100,Show rating,Custom/cruiser,1083 ccm,https://bikez.com/motorcycles/honda_rebel_1100_2024.php
2024,Honda Rebel 1100 DCT,Show rating,Custom/cruiser,1083 ccm,https://bikez.com/motorcycles/honda_rebel_1100_dct_2024.php
2024,Honda Rebel 1100T,-,Touring,1083 ccm,https://bikez.com/motorcycles/honda_rebel_1100t_2024.php
2024,Honda Rebel 300,-,Custom/cruiser,286 ccm,https://bikez.com/motorcycles/honda_rebel_300_2024.php
2024,Honda Rebel 300 ABS,-,Custom/cruiser,286 ccm,https://bikez.com/motorcycles/honda_rebel_300_abs_2024.php
2024,Honda Rebel 500,-,Sport,471 ccm,https://bikez.com/motorcycles/honda_rebel_500_2024.php
2024,Honda Rebel 500 ABS,-,Custom/cruiser,471 ccm,https://bikez.com/motorcycles/honda_rebel_500_abs_2024.php
2024,Honda Rebel 500 ABS SE,-,Sport,471 ccm,https://bikez.com/motorcycles/honda_rebel_500_abs_se_2024.php
2024,Honda Ruckus,-,Scooter,49 ccm,https://bikez.com/motorcycles/honda_ruckus_2024.php
2024,Honda SCL500,-,Sport,471 ccm,https://bikez.com/motorcycles/honda_scl500_2024.php
2024,Honda Shadow Aero,-,Custom/cruiser,745 ccm,https://bikez.com/motorcycles/honda_shadow_aero_2024.php
2024,Honda Shadow Aero ABS,-,Custom/cruiser,745 ccm,https://bikez.com/motorcycles/honda_shadow_aero_abs_2024.php
2024,Honda Shadow Phantom,-,Custom/cruiser,745 ccm,https://bikez.com/motorcycles/honda_shadow_phantom_2024.php
2024,Honda Shadow Phantom ABS,-,Custom/cruiser,745 ccm,https://bikez.com/motorcycles/honda_shadow_phantom_abs_2024.php
2024,Honda Shine,-,Allround,125 ccm,https://bikez.com/motorcycles/honda_shine_2024.php
2024,Honda Stunner,-,Sport,125 ccm,https://bikez.com/motorcycles/honda_stunner_2024.php
2024,Honda Super Cub C125  ABS,-,Scooter,124 ccm,https://bikez.com/motorcycles/honda_super_cub_c125_abs______2024.php
2024,Honda Trail 125,-,Allround,124 ccm,https://bikez.com/motorcycles/honda_trail_125_2024.php
2024,Honda Transalp,Show rating,Super motard,755 ccm,https://bikez.com/motorcycles/honda_transalp_2024.php
2024,Honda Unicorn,-,Allround,149 ccm,https://bikez.com/motorcycles/honda_unicorn_2024.php
2024,Honda Unicorn Dazzler,-,Allround,149 ccm,https://bikez.com/motorcycles/honda_unicorn_dazzler_2024.php
2024,Honda XR150L,-,Enduro/offroad,149 ccm,https://bikez.com/motorcycles/honda_xr150l_2024.php
2024,Horex VR6 Raw,-,Custom/cruiser,1218 ccm,https://bikez.com/motorcycles/horex_vr6_raw_2024.php
2024,Horwin EK DS,-,Scooter,Electric,https://bikez.com/motorcycles/horwin_ek_ds_2024.php
2024,Horwin SK DS,-,Scooter,Electric,https://bikez.com/motorcycles/horwin_sk_ds_2024.php
2024,Hunter Bobber 350,-,Custom/cruiser,320 ccm,https://bikez.com/motorcycles/hunter_bobber_350_2024.php
2024,Hunter Spyder 350,-,Custom/cruiser,320 ccm,https://bikez.com/motorcycles/hunter_spyder_350_2024.php
2024,Husqvarna 701 Enduro,Show rating,Enduro/offroad,693 ccm,https://bikez.com/motorcycles/husqvarna_701_enduro_2024.php
2024,Husqvarna 701 Supermoto,-,Super motard,693 ccm,https://bikez.com/motorcycles/husqvarna_701_supermoto_2024.php
2024,Husqvarna FC 250,-,Cross/motocross,250 ccm,https://bikez.com/motorcycles/husqvarna_fc_250_2024.php
2024,Husqvarna FC 250 Rockstar Edition,-,Cross/motocross,250 ccm,https://bikez.com/motorcycles/husqvarna_fc_250_rockstar_edition_2024.php
2024,Husqvarna FC 350,-,Cross/motocross,350 ccm,https://bikez.com/motorcycles/husqvarna_fc_350_2024.php
2024,Husqvarna FC 450,-,Cross/motocross,450 ccm,https://bikez.com/motorcycles/husqvarna_fc_450_2024.php
2024,Husqvarna FC 450 Rockstar Edition,-,Cross/motocross,450 ccm,https://bikez.com/motorcycles/husqvarna_fc_450_rockstar_edition_2024.php
2024,Husqvarna FE 250,-,Enduro/offroad,250 ccm,https://bikez.com/motorcycles/husqvarna_fe_250_2024.php
2024,Husqvarna FE 350,-,Enduro/offroad,350 ccm,https://bikez.com/motorcycles/husqvarna_fe_350_2024.php
2024,Husqvarna FE 350 Pro,-,Enduro/offroad,350 ccm,https://bikez.com/motorcycles/husqvarna_fe_350_pro_2024.php
2024,Husqvarna FE 450,-,Enduro/offroad,450 ccm,https://bikez.com/motorcycles/husqvarna_fe_450_2024.php
2024,Husqvarna FE 501,-,Enduro/offroad,511 ccm,https://bikez.com/motorcycles/husqvarna_fe_501_2024.php
2024,Husqvarna FS 450,-,Super motard,450 ccm,https://bikez.com/motorcycles/husqvarna_fs_450_2024.php
2024,Husqvarna FX 350,-,Enduro/offroad,350 ccm,https://bikez.com/motorcycles/husqvarna_fx_350_2024.php
2024,Husqvarna FX 450,-,Enduro/offroad,450 ccm,https://bikez.com/motorcycles/husqvarna_fx_450_2024.php
2024,Husqvarna Norden 901,Show rating,Sport touring,889 ccm,https://bikez.com/motorcycles/husqvarna_norden_901_2024.php
2024,Husqvarna Norden 901 Expedition,-,Sport touring,889 ccm,https://bikez.com/motorcycles/husqvarna_norden_901_expedition_2024.php
2024,Husqvarna Svartpilen 401,Show rating,Naked bike,399 ccm,https://bikez.com/motorcycles/husqvarna_svartpilen_401_2024.php
2024,Husqvarna Svartpilen 801,-,Naked bike,799 ccm,https://bikez.com/motorcycles/husqvarna_svartpilen_801_2024.php
2024,Husqvarna TC 125,-,Cross/motocross,125 ccm,https://bikez.com/motorcycles/husqvarna_tc_125_2024.php
2024,Husqvarna TC 250,-,Cross/motocross,249 ccm,https://bikez.com/motorcycles/husqvarna_tc_250_2024.php
2024,Husqvarna TC 50,-,Cross/motocross,49 ccm,https://bikez.com/motorcycles/husqvarna_tc_50_2024.php
2024,Husqvarna TC 65,-,Cross/motocross,65 ccm,https://bikez.com/motorcycles/husqvarna_tc_65_2024.php
2024,Husqvarna TC 85 17-14,-,Cross/motocross,85 ccm,https://bikez.com/motorcycles/husqvarna_tc_85_17-14_2024.php
2024,Husqvarna TC 85 19-16,-,Cross/motocross,85 ccm,https://bikez.com/motorcycles/husqvarna_tc_85_19-16_2024.php
2024,Husqvarna TE 150,-,Enduro/offroad,144 ccm,https://bikez.com/motorcycles/husqvarna_te_150_2024.php
2024,Husqvarna TE 250,-,Enduro/offroad,249 ccm,https://bikez.com/motorcycles/husqvarna_te_250_2024.php
2024,Husqvarna TE 300,-,Enduro/offroad,293 ccm,https://bikez.com/motorcycles/husqvarna_te_300_2024.php
2024,Husqvarna TE 300 Pro,-,Enduro/offroad,293 ccm,https://bikez.com/motorcycles/husqvarna_te_300_pro_2024.php
2024,Husqvarna TX 300,-,Enduro/offroad,293 ccm,https://bikez.com/motorcycles/husqvarna_tx_300_2024.php
2024,Husqvarna Vitpilen 401,-,Naked bike,399 ccm,https://bikez.com/motorcycles/husqvarna_vitpilen_401_2024.php
2024,Hyosung GV 125i S Aquila Evo,-,Custom/cruiser,125 ccm,https://bikez.com/motorcycles/hyosung_gv_125i_s_aquila_evo_2024.php
2024,Hyosung GV 300i S Aquila Evo,-,Custom/cruiser,296 ccm,https://bikez.com/motorcycles/hyosung_gv_300i_s_aquila_evo_2024.php
2024,Ice Bear R2,-,Scooter,50 ccm,https://bikez.com/motorcycles/ice_bear_r2_2024.php
2024,Ice Bear Rocket 50,-,Scooter,50 ccm,https://bikez.com/motorcycles/ice_bear_rocket_50_2024.php
2024,Ice Bear Vision 50,-,Scooter,50 ccm,https://bikez.com/motorcycles/ice_bear_vision_50_2024.php
2024,Indian Challenger,-,Custom/cruiser,1768 ccm,https://bikez.com/motorcycles/indian_challenger_2024.php
2024,Indian Challenger Dark Horse,-,Custom/cruiser,1768 ccm,https://bikez.com/motorcycles/indian_challenger_dark_horse_2024.php
2024,Indian Challenger Elite,-,Custom/cruiser,1768 ccm,https://bikez.com/motorcycles/indian_challenger_elite_2024.php
2024,Indian Chief,-,Custom/cruiser,1811 ccm,https://bikez.com/motorcycles/indian_chief_2024.php
2024,Indian Chief Bobber,-,Custom/cruiser,1811 ccm,https://bikez.com/motorcycles/indian_chief_bobber_2024.php
2024,Indian Chief Bobber Dark Horse,-,Custom/cruiser,1890 ccm,https://bikez.com/motorcycles/indian_chief_bobber_dark_horse_2024.php
2024,Indian Chief Dark Horse,-,Custom/cruiser,1890 ccm,https://bikez.com/motorcycles/indian_chief_dark_horse_2024.php
2024,Indian Chieftain,-,Custom/cruiser,1811 ccm,https://bikez.com/motorcycles/indian_chieftain_2024.php
2024,Indian Chieftain Dark Horse,-,Custom/cruiser,1890 ccm,https://bikez.com/motorcycles/indian_chieftain_dark_horse_2024.php
2024,Indian Chieftain Elite,-,Custom/cruiser,1890 ccm,https://bikez.com/motorcycles/indian_chieftain_elite_2024.php
2024,Indian Chieftain Limited,-,Custom/cruiser,1890 ccm,https://bikez.com/motorcycles/indian_chieftain_limited_2024.php
2024,Indian eFTR Mini,-,"Minibike, cross",Electric,https://bikez.com/motorcycles/indian_eftr_mini_2024.php
2024,Indian FTR,-,Custom/cruiser,1203 ccm,https://bikez.com/motorcycles/indian_ftr_2024.php
2024,Indian FTR 1200 R Carbon,-,Custom/cruiser,1203 ccm,https://bikez.com/motorcycles/indian_ftr_1200_r_carbon_2024.php
2024,Indian FTR Sport,-,Custom/cruiser,1203 ccm,https://bikez.com/motorcycles/indian_ftr_sport_2024.php
2024,Indian FTR X 100R Carbon,-,Custom/cruiser,1203 ccm,https://bikez.com/motorcycles/indian_ftr_x_100r_carbon_2024.php
2024,Indian Pursuit Dark Horse,-,Touring,1768 ccm,https://bikez.com/motorcycles/indian_pursuit_dark_horse_2024.php
2024,Indian Pursuit Elite,-,Touring,1768 ccm,https://bikez.com/motorcycles/indian_pursuit_elite_2024.php
2024,Indian Pursuit Limited,-,Touring,1768 ccm,https://bikez.com/motorcycles/indian_pursuit_limited_2024.php
2024,Indian Roadmaster,-,Touring,1890 ccm,https://bikez.com/motorcycles/indian_roadmaster_2024.php
2024,Indian Roadmaster Dark Horse,-,Touring,1890 ccm,https://bikez.com/motorcycles/indian_roadmaster_dark_horse_2024.php
2024,Indian Roadmaster Elite,-,Touring,1901 ccm,https://bikez.com/motorcycles/indian_roadmaster_elite_2024.php
2024,Indian Roadmaster Limited,-,Touring,1890 ccm,https://bikez.com/motorcycles/indian_roadmaster_limited_2024.php
2024,Indian Scout,-,Custom/cruiser,1133 ccm,https://bikez.com/motorcycles/indian_scout_2024.php
2024,Indian Scout Bobber,-,Custom/cruiser,1133 ccm,https://bikez.com/motorcycles/indian_scout_bobber_2024.php
2024,Indian Scout Bobber Sixty,-,Custom/cruiser,999 ccm,https://bikez.com/motorcycles/indian_scout_bobber_sixty_2024.php
2024,Indian Scout Bobber Twenty,-,Custom/cruiser,1133 ccm,https://bikez.com/motorcycles/indian_scout_bobber_twenty_2024.php
2024,Indian Scout Rogue,-,Custom/cruiser,1133 ccm,https://bikez.com/motorcycles/indian_scout_rogue_2024.php
2024,Indian Scout Rogue Sixty,-,Custom/cruiser,999 ccm,https://bikez.com/motorcycles/indian_scout_rogue_sixty_2024.php
2024,Indian Scout Sixty,-,Custom/cruiser,999 ccm,https://bikez.com/motorcycles/indian_scout_sixty_2024.php
2024,Indian Sport Chief,-,Custom/cruiser,1901 ccm,https://bikez.com/motorcycles/indian_sport_chief_2024.php
2024,Indian Springfield,-,Touring,1811 ccm,https://bikez.com/motorcycles/indian_springfield_2024.php
2024,Indian Springfield Dark Horse,-,Touring,1890 ccm,https://bikez.com/motorcycles/indian_springfield_dark_horse_2024.php
2024,Indian Super Chief,-,Touring,1811 ccm,https://bikez.com/motorcycles/indian_super_chief_2024.php
2024,Indian Super Chief Limited,-,Touring,1901 ccm,https://bikez.com/motorcycles/indian_super_chief_limited_2024.php
2024,Italika Sptfire 250,-,Allround,250 ccm,https://bikez.com/motorcycles/italika_sptfire_250_2024.php
2024,Italika V0RT-X300-R,-,Naked bike,292 ccm,https://bikez.com/motorcycles/italika_v0rt-x300-r_2024.php
2024,Italjet Dragster 125,-,Scooter,124 ccm,https://bikez.com/motorcycles/italjet_dragster_125_2024.php
2024,Italmoto Nevia 125,-,Scooter,125 ccm,https://bikez.com/motorcycles/italmoto_nevia_125_2024.php
2024,Izuka X-Trial 200,-,Enduro/offroad,199 ccm,https://bikez.com/motorcycles/izuka_x-trial_200_2024.php
2024,Janus Gryffin 450 Scrambler,-,Classic,445 ccm,https://bikez.com/motorcycles/janus_gryffin_450_scrambler_2024.php
2024,Janus Halcyon 450 Rambler,-,Touring,445 ccm,https://bikez.com/motorcycles/janus_halcyon_450_rambler_2024.php
2024,Jawa 300 CL,-,Custom/cruiser,295 ccm,https://bikez.com/motorcycles/jawa_300_cl_2024.php
2024,Jawa 350 2T Perak,-,Classic,334 ccm,https://bikez.com/motorcycles/jawa_350_2t_perak_2024.php
2024,Jawa 650 OHC,-,Classic,644 ccm,https://bikez.com/motorcycles/jawa_650_ohc_2024.php
2024,Jawa 650 OHC Sport,-,Classic,644 ccm,https://bikez.com/motorcycles/jawa_650_ohc_sport_2024.php
2024,Johammer J1.150,-,Allround,Electric,https://bikez.com/motorcycles/johammer_j1150_2024.php
2024,Jonway BWS 150,-,Scooter,150 ccm,https://bikez.com/motorcycles/jonway_bws_150_2024.php
2024,Kawasaki 1700 Vaquero ABS,-,Touring,1700 ccm,https://bikez.com/motorcycles/kawasaki_1700_vaquero_abs_2024.php
2024,Kawasaki D-Tracker X,-,Super motard,249 ccm,https://bikez.com/motorcycles/kawasaki_d-tracker_x_2024.php
2024,Kawasaki Eliminator,Show rating,Custom/cruiser,451 ccm,https://bikez.com/motorcycles/kawasaki_eliminator_2024.php
2024,Kawasaki Eliminator  SE ABS,-,Custom/cruiser,451 ccm,https://bikez.com/motorcycles/kawasaki_eliminator_se_abs_2024.php
2024,Kawasaki KLR 650,Show rating,Super motard,652 ccm,https://bikez.com/motorcycles/kawasaki_klr_650_2024.php
2024,Kawasaki KLX 110R,-,Enduro/offroad,112 ccm,https://bikez.com/motorcycles/kawasaki_klx_110r_2024.php
2024,Kawasaki KLX 110R L,-,Enduro/offroad,112 ccm,https://bikez.com/motorcycles/kawasaki_klx_110r_l_2024.php
2024,Kawasaki KLX 140R,-,Enduro/offroad,144 ccm,https://bikez.com/motorcycles/kawasaki_klx_140r_2024.php
2024,Kawasaki KLX 140R F,-,Enduro/offroad,144 ccm,https://bikez.com/motorcycles/kawasaki_klx_140r_f_2024.php
2024,Kawasaki KLX 140R L,-,Enduro/offroad,144 ccm,https://bikez.com/motorcycles/kawasaki_klx_140r_l_2024.php
2024,Kawasaki KLX 150,-,Super motard,144 ccm,https://bikez.com/motorcycles/kawasaki_klx_150_2024.php
2024,Kawasaki KLX 230R,-,Enduro/offroad,233 ccm,https://bikez.com/motorcycles/kawasaki_klx_230r_2024.php
2024,Kawasaki KLX 230R S,-,Enduro/offroad,233 ccm,https://bikez.com/motorcycles/kawasaki_klx_230r_s_2024.php
2024,Kawasaki KLX 230S,-,Enduro/offroad,233 ccm,https://bikez.com/motorcycles/kawasaki_klx_230s_2024.php
2024,Kawasaki KLX 300R,-,Enduro/offroad,292 ccm,https://bikez.com/motorcycles/kawasaki_klx_300r_2024.php
2024,Kawasaki KLX150 S,-,Enduro/offroad,144 ccm,https://bikez.com/motorcycles/kawasaki_klx150_s_2024.php
2024,Kawasaki KLX150 SE,-,Enduro/offroad,144 ccm,https://bikez.com/motorcycles/kawasaki_klx150_se_2024.php
2024,Kawasaki KLX150SM,-,Enduro/offroad,144 ccm,https://bikez.com/motorcycles/kawasaki_klx150sm_2024.php
2024,Kawasaki KLX150SM SE,-,Enduro/offroad,144 ccm,https://bikez.com/motorcycles/kawasaki_klx150sm_se_2024.php
2024,Kawasaki KLX230,-,Enduro/offroad,233 ccm,https://bikez.com/motorcycles/kawasaki_klx230_2024.php
2024,Kawasaki KLX230SM,-,Super motard,233 ccm,https://bikez.com/motorcycles/kawasaki_klx230sm_2024.php
2024,Kawasaki KLX300,-,Enduro/offroad,292 ccm,https://bikez.com/motorcycles/kawasaki_klx300_2024.php
2024,Kawasaki KLX300 SM,-,Super motard,292 ccm,https://bikez.com/motorcycles/kawasaki_klx300_sm_2024.php
2024,Kawasaki KX 450SR,-,Cross/motocross,449 ccm,https://bikez.com/motorcycles/kawasaki_kx_450sr_2024.php
2024,Kawasaki KX 65,-,Cross/motocross,64 ccm,https://bikez.com/motorcycles/kawasaki_kx_65_2024.php
2024,Kawasaki KX112,-,Cross/motocross,112 ccm,https://bikez.com/motorcycles/kawasaki_kx112_2024.php
2024,Kawasaki KX250,-,Cross/motocross,249 ccm,https://bikez.com/motorcycles/kawasaki_kx250_2024.php
2024,Kawasaki KX250 50th Anniversay Edition,-,Cross/motocross,249 ccm,https://bikez.com/motorcycles/kawasaki_kx250_50th_anniversay_edition_2024.php
2024,Kawasaki KX250X,-,Cross/motocross,249 ccm,https://bikez.com/motorcycles/kawasaki_kx250x_2024.php
2024,Kawasaki KX450,-,Cross/motocross,449 ccm,https://bikez.com/motorcycles/kawasaki_kx450_2024.php
2024,Kawasaki KX450 50th Anniversary Edition,-,Cross/motocross,449 ccm,https://bikez.com/motorcycles/kawasaki_kx450_50th_anniversary_edition_2024.php
2024,Kawasaki KX450X,-,Cross/motocross,449 ccm,https://bikez.com/motorcycles/kawasaki_kx450x_2024.php
2024,Kawasaki KX85,-,Cross/motocross,84 ccm,https://bikez.com/motorcycles/kawasaki_kx85_2024.php
2024,Kawasaki Ninja 1000SX ABS,-,Sport,1043 ccm,https://bikez.com/motorcycles/kawasaki_ninja_1000sx_abs_2024.php
2024,Kawasaki Ninja 500,-,Sport,451 ccm,https://bikez.com/motorcycles/kawasaki_ninja_500_2024.php
2024,Kawasaki Ninja 500 KRT Edition,-,Sport,451 ccm,https://bikez.com/motorcycles/kawasaki_ninja_500_krt_edition_2024.php
2024,Kawasaki Ninja 500 KRT Edition SE ABS,-,Sport,451 ccm,https://bikez.com/motorcycles/kawasaki_ninja_500_krt_edition_se_abs_2024.php
2024,Kawasaki Ninja 500 SE 40th Anniversary Edition ABS,-,Sport,451 ccm,https://bikez.com/motorcycles/kawasaki_ninja_500_se_40th_anniversary_edition_abs_2024.php
2024,Kawasaki Ninja 650,-,Sport,649 ccm,https://bikez.com/motorcycles/kawasaki_ninja_650_2024.php
2024,Kawasaki Ninja 7 Hybrid,-,Sport,451 ccm,https://bikez.com/motorcycles/kawasaki_ninja_7_hybrid_2024.php
2024,Kawasaki Ninja H2,-,Sport,998 ccm,https://bikez.com/motorcycles/kawasaki_ninja_h2_2024.php
2024,Kawasaki Ninja H2 Carbon,-,Sport,998 ccm,https://bikez.com/motorcycles/kawasaki_ninja_h2_carbon_2024.php
2024,Kawasaki Ninja H2 R,Show rating,Sport,998 ccm,https://bikez.com/motorcycles/kawasaki_ninja_h2_r_2024.php
2024,Kawasaki Ninja ZX-10R,-,Sport,998 ccm,https://bikez.com/motorcycles/kawasaki_ninja_zx-10r_2024.php
2024,Kawasaki Ninja ZX-10R 40th Anniversary Edition ABS,-,Sport,998 ccm,https://bikez.com/motorcycles/kawasaki_ninja_zx-10r_40th_anniversary_edition_abs_2024.php
2024,Kawasaki Ninja ZX-10R KRT Edition,-,Sport,998 ccm,https://bikez.com/motorcycles/kawasaki_ninja_zx-10r_krt_edition_2024.php
2024,Kawasaki Ninja ZX-14R 40th Anniversary Edition ABS,-,Sport,1441 ccm,https://bikez.com/motorcycles/kawasaki_ninja_zx-14r_40th_anniversary_edition_abs_2024.php
2024,Kawasaki Ninja ZX-14R ABS,Show rating,Sport,1441 ccm,https://bikez.com/motorcycles/kawasaki_ninja_zx-14r_abs_2024.php
2024,Kawasaki Ninja ZX-4R ABS,-,Sport,399 ccm,https://bikez.com/motorcycles/kawasaki_ninja_zx-4r_abs_2024.php
2024,Kawasaki Ninja ZX-4RR 40th Anniversary Edition,-,Sport,399 ccm,https://bikez.com/motorcycles/kawasaki_ninja_zx-4rr_40th_anniversary_edition_2024.php
2024,Kawasaki Ninja ZX-6R,-,Sport,636 ccm,https://bikez.com/motorcycles/kawasaki_ninja_zx-6r_2024.php
2024,Kawasaki Ninja ZX-6R 40th Anniversary Edition ABS,-,Sport,636 ccm,https://bikez.com/motorcycles/kawasaki_ninja_zx-6r_40th_anniversary_edition_abs_2024.php
2024,Kawasaki Ninja ZX-6R KRT Edition,-,Sport,636 ccm,https://bikez.com/motorcycles/kawasaki_ninja_zx-6r_krt_edition_2024.php
2024,Kawasaki Versys 1000,-,Allround,1043 ccm,https://bikez.com/motorcycles/kawasaki_versys_1000_2024.php
2024,Kawasaki Versys 650,Show rating,Allround,649 ccm,https://bikez.com/motorcycles/kawasaki_versys_650_2024.php
2024,Kawasaki Versys 650 LT ABS,-,Allround,649 ccm,https://bikez.com/motorcycles/kawasaki_versys_650_lt_abs_2024.php
2024,Kawasaki Versys-X 250,-,Sport,249 ccm,https://bikez.com/motorcycles/kawasaki_versys-x_250_2024.php
2024,Kawasaki Versys-X 300 ABS,-,Allround,296 ccm,https://bikez.com/motorcycles/kawasaki_versys-x_300_abs_2024.php
2024,Kawasaki Vulcan  900 Classic LT,Show rating,Touring,903 ccm,https://bikez.com/motorcycles/kawasaki_vulcan_900_classic_lt_2024.php
2024,Kawasaki Vulcan 1700 Voyager,Show rating,Touring,1700 ccm,https://bikez.com/motorcycles/kawasaki_vulcan_1700_voyager_2024.php
2024,Kawasaki Vulcan 900 Classic,-,Custom/cruiser,903 ccm,https://bikez.com/motorcycles/kawasaki_vulcan_900_classic_2024.php
2024,Kawasaki Vulcan 900 Custom,-,Custom/cruiser,903 ccm,https://bikez.com/motorcycles/kawasaki_vulcan_900_custom_2024.php
2024,Kawasaki Vulcan S,Show rating,Custom/cruiser,649 ccm,https://bikez.com/motorcycles/kawasaki_vulcan_s_2024.php
2024,Kawasaki Vulcan S  Cafe,-,Custom/cruiser,649 ccm,https://bikez.com/motorcycles/kawasaki_vulcan_s_cafe_2024.php
2024,Kawasaki W175 Cafe,-,Allround,177 ccm,https://bikez.com/motorcycles/kawasaki_w175_cafe_2024.php
2024,Kawasaki W800 ABS,-,Classic,773 ccm,https://bikez.com/motorcycles/kawasaki_w800_abs_2024.php
2024,Kawasaki Z H2 SE ABS,-,Naked bike,998 ccm,https://bikez.com/motorcycles/kawasaki_z_h2_se_abs_2024.php
2024,Kawasaki Z1000,-,Naked bike,1043 ccm,https://bikez.com/motorcycles/kawasaki_z1000_2024.php
2024,Kawasaki Z125 Pro,-,Naked bike,125 ccm,https://bikez.com/motorcycles/kawasaki_z125_pro_2024.php
2024,Kawasaki Z400,-,Naked bike,399 ccm,https://bikez.com/motorcycles/kawasaki_z400_2024.php
2024,Kawasaki Z500 ABS,-,Naked bike,451 ccm,https://bikez.com/motorcycles/kawasaki_z500_abs_2024.php
2024,Kawasaki Z500 SE ABS,-,Naked bike,451 ccm,https://bikez.com/motorcycles/kawasaki_z500_se_abs_2024.php
2024,Kawasaki Z650,Show rating,Naked bike,649 ccm,https://bikez.com/motorcycles/kawasaki_z650_2024.php
2024,Kawasaki Z650RS ABS,Show rating,Classic,649 ccm,https://bikez.com/motorcycles/kawasaki_z650rs_abs_2024.php
2024,Kawasaki Z7 Hybrid,-,Sport,451 ccm,https://bikez.com/motorcycles/kawasaki_z7_hybrid_2024.php
2024,Kawasaki Z7 Hybrid ABS,-,Sport,451 ccm,https://bikez.com/motorcycles/kawasaki_z7_hybrid_abs_2024.php
2024,Kawasaki Z900 ABS,-,Naked bike,948 ccm,https://bikez.com/motorcycles/kawasaki_z900_abs_2024.php
2024,Kawasaki Z900 SE ABS,-,Naked bike,948 ccm,https://bikez.com/motorcycles/kawasaki_z900_se_abs_2024.php
2024,Kawasaki Z900RS ABS,-,Classic,948 ccm,https://bikez.com/motorcycles/kawasaki_z900rs_abs_2024.php
2024,Kawasaki Z900RS Cafe ABS,-,Classic,948 ccm,https://bikez.com/motorcycles/kawasaki_z900rs_cafe_abs_2024.php
2024,Keeway Blog 150,-,Scooter,150 ccm,https://bikez.com/motorcycles/keeway_blog_150_2024.php
2024,Keeway C-Light 150,Show rating,Custom/cruiser,149 ccm,https://bikez.com/motorcycles/keeway_c-light_150_2024.php
2024,Keeway Cafe Racer 152,-,Classic,149 ccm,https://bikez.com/motorcycles/keeway_cafe_racer_152_2024.php
2024,Keeway Cafe Racer X 152,-,Allround,149 ccm,https://bikez.com/motorcycles/keeway_cafe_racer_x_152_2024.php
2024,Keeway CK 110,-,Scooter,107 ccm,https://bikez.com/motorcycles/keeway_ck_110_2024.php
2024,Keeway Fact 50,-,Scooter,50 ccm,https://bikez.com/motorcycles/keeway_fact_50_2024.php
2024,Keeway Fact Evo 125,-,Scooter,125 ccm,https://bikez.com/motorcycles/keeway_fact_evo_125_2024.php
2024,Keeway Fact Evo 50,-,Scooter,50 ccm,https://bikez.com/motorcycles/keeway_fact_evo_50_2024.php
2024,Keeway Fact X 125,-,Scooter,125 ccm,https://bikez.com/motorcycles/keeway_fact_x_125_2024.php
2024,Keeway Horse 150,-,Custom/cruiser,149 ccm,https://bikez.com/motorcycles/keeway_horse_150_2024.php
2024,Keeway Icon 110,-,Scooter,108 ccm,https://bikez.com/motorcycles/keeway_icon_110_2024.php
2024,Keeway K-Blade 125,-,Scooter,125 ccm,https://bikez.com/motorcycles/keeway_k-blade_125_2024.php
2024,Keeway K-Light 125,-,Custom/cruiser,124 ccm,https://bikez.com/motorcycles/keeway_k-light_125_2024.php
2024,Keeway K-Light 150,-,Custom/cruiser,149 ccm,https://bikez.com/motorcycles/keeway_k-light_150_2024.php
2024,Keeway K-Light 202,Show rating,Custom/cruiser,197 ccm,https://bikez.com/motorcycles/keeway_k-light_202_2024.php
2024,Keeway K-Light 250V,-,Custom/cruiser,249 ccm,https://bikez.com/motorcycles/keeway_k-light_250v_2024.php
2024,Keeway Patagonian Eagle 250,-,Custom/cruiser,249 ccm,https://bikez.com/motorcycles/keeway_patagonian_eagle_250_2024.php
2024,Keeway RK 125 E,-,Sport,125 ccm,https://bikez.com/motorcycles/keeway_rk_125_e_2024.php
2024,Keeway RK 150,-,Sport,149 ccm,https://bikez.com/motorcycles/keeway_rk_150_2024.php
2024,Keeway RK 150 E,-,Sport,149 ccm,https://bikez.com/motorcycles/keeway_rk_150_e_2024.php
2024,Keeway RK 150e Sport,Show rating,Sport,149 ccm,https://bikez.com/motorcycles/keeway_rk_150e_sport_2024.php
2024,Keeway RK 150e X,-,Enduro/offroad,149 ccm,https://bikez.com/motorcycles/keeway_rk_150e_x_2024.php
2024,Keeway RK 200,-,Sport,200 ccm,https://bikez.com/motorcycles/keeway_rk_200_2024.php
2024,Keeway RK V125C,-,Custom/cruiser,125 ccm,https://bikez.com/motorcycles/keeway_rk_v125c_2024.php
2024,Keeway RKF 125,-,Naked bike,125 ccm,https://bikez.com/motorcycles/keeway_rkf_125_2024.php
2024,Keeway Sixties 125i,-,Scooter,125 ccm,https://bikez.com/motorcycles/keeway_sixties_125i_2024.php
2024,Keeway Sixties 300i,-,Scooter,278 ccm,https://bikez.com/motorcycles/keeway_sixties_300i_2024.php
2024,Keeway SR 125,-,Enduro/offroad,125 ccm,https://bikez.com/motorcycles/keeway_sr_125_2024.php
2024,Keeway SR 202,-,Classic,200 ccm,https://bikez.com/motorcycles/keeway_sr_202_2024.php
2024,Keeway Superlight 125,-,Touring,124 ccm,https://bikez.com/motorcycles/keeway_superlight_125_2024.php
2024,Keeway Superlight 125 Limited,-,Custom/cruiser,124 ccm,https://bikez.com/motorcycles/keeway_superlight_125_limited_2024.php
2024,Keeway TX 150,-,Enduro/offroad,149 ccm,https://bikez.com/motorcycles/keeway_tx_150_2024.php
2024,Keeway TXM 125S,-,Super motard,125 ccm,https://bikez.com/motorcycles/keeway_txm_125s_2024.php
2024,Keeway V-Cruise,-,Custom/cruiser,125 ccm,https://bikez.com/motorcycles/keeway_v-cruise_2024.php
2024,Keeway V302 C,-,Custom/cruiser,298 ccm,https://bikez.com/motorcycles/keeway_v302_c_2024.php
2024,Keeway Versilia 125,-,Scooter,125 ccm,https://bikez.com/motorcycles/keeway_versilia_125_2024.php
2024,Keeway Versilia 150 Spesial,-,Scooter,150 ccm,https://bikez.com/motorcycles/keeway_versilia_150_spesial_2024.php
2024,Keeway Versilia 50,-,Scooter,50 ccm,https://bikez.com/motorcycles/keeway_versilia_50_2024.php
2024,Keeway Vieste 175,-,Scooter,172 ccm,https://bikez.com/motorcycles/keeway_vieste_175_2024.php
2024,Keeway Vieste 200XDV,-,Scooter,171 ccm,https://bikez.com/motorcycles/keeway_vieste_200xdv_2024.php
2024,Keeway Vieste 300,-,Scooter,278 ccm,https://bikez.com/motorcycles/keeway_vieste_300_2024.php
2024,Keeway Vieste 300XDV,-,Scooter,278 ccm,https://bikez.com/motorcycles/keeway_vieste_300xdv_2024.php
2024,Keeway X-Light 125,-,Sport,125 ccm,https://bikez.com/motorcycles/keeway_x-light_125_2024.php
2024,Keeway Zahara 125,-,Scooter,125 ccm,https://bikez.com/motorcycles/keeway_zahara_125_2024.php
2024,Keeway Zahara 50,-,Scooter,49 ccm,https://bikez.com/motorcycles/keeway_zahara_50_2024.php
2024,Kentoya Mojito 125,-,Scooter,125 ccm,https://bikez.com/motorcycles/kentoya_mojito_125_2024.php
2024,Kikker 5150 Hardknock 200,-,Classic,200 ccm,https://bikez.com/motorcycles/kikker_5150_hardknock_200_2024.php
2024,Kollter RS1,-,Naked bike,Electric,https://bikez.com/motorcycles/kollter_rs1_2024.php
2024,Kove 450 Rally,-,Enduro/offroad,449 ccm,https://bikez.com/motorcycles/kove_450_rally_2024.php
2024,Kove MX 250,-,Cross/motocross,249 ccm,https://bikez.com/motorcycles/kove_mx_250_2024.php
2024,KRC Easy,-,Scooter,Electric,https://bikez.com/motorcycles/krc_easy_2024.php
2024,KTM 125 Duke,-,Naked bike,125 ccm,https://bikez.com/motorcycles/ktm_125_duke_2024.php
2024,KTM 125 SX,-,Enduro/offroad,125 ccm,https://bikez.com/motorcycles/ktm_125_sx_2024.php
2024,KTM 1290 Super Adventure R,-,Allround,1301 ccm,https://bikez.com/motorcycles/ktm_1290_super_adventure_r_2024.php
2024,KTM 1290 Super Adventure S,Show rating,Allround,1301 ccm,https://bikez.com/motorcycles/ktm_1290_super_adventure_s_2024.php
2024,KTM 1290 Super Duke GT,-,Naked bike,1301 ccm,https://bikez.com/motorcycles/ktm_1290_super_duke_gt_2024.php
2024,KTM 1390 Super Duke R,-,Naked bike,1350 ccm,https://bikez.com/motorcycles/ktm_1390_super_duke_r_2024.php
2024,KTM 1390 Super Duke R Evo,-,Naked bike,1350 ccm,https://bikez.com/motorcycles/ktm_1390_super_duke_r_evo_2024.php
2024,KTM 150 EXC,-,Enduro/offroad,144 ccm,https://bikez.com/motorcycles/ktm_150_exc_2024.php
2024,KTM 250 EXC,-,Enduro/offroad,249 ccm,https://bikez.com/motorcycles/ktm_250_exc_2024.php
2024,KTM 250 EXC Six Days,-,Enduro/offroad,249 ccm,https://bikez.com/motorcycles/ktm_250_exc_six_days_2024.php
2024,KTM 250 EXC-F,-,Enduro/offroad,250 ccm,https://bikez.com/motorcycles/ktm_250_exc-f_2024.php
2024,KTM 250 EXC-F Six days,-,Enduro/offroad,250 ccm,https://bikez.com/motorcycles/ktm_250_exc-f_six_days_2024.php
2024,KTM 250 SX,-,Cross/motocross,249 ccm,https://bikez.com/motorcycles/ktm_250_sx_2024.php
2024,KTM 250 SX-F,-,Cross/motocross,250 ccm,https://bikez.com/motorcycles/ktm_250_sx-f_2024.php
2024,KTM 300 EXC,-,Enduro/offroad,293 ccm,https://bikez.com/motorcycles/ktm_300_exc_2024.php
2024,KTM 300 EXC HardEnduro,-,Enduro/offroad,293 ccm,https://bikez.com/motorcycles/ktm_300_exc_hardenduro_2024.php
2024,KTM 300 EXC Six Days,-,Enduro/offroad,293 ccm,https://bikez.com/motorcycles/ktm_300_exc_six_days_2024.php
2024,KTM 300 SX,-,Cross/motocross,293 ccm,https://bikez.com/motorcycles/ktm_300_sx_2024.php
2024,KTM 350 EXC-F,-,Enduro/offroad,350 ccm,https://bikez.com/motorcycles/ktm_350_exc-f_2024.php
2024,KTM 350 EXC-F Six Days,-,Enduro/offroad,350 ccm,https://bikez.com/motorcycles/ktm_350_exc-f_six_days_2024.php
2024,KTM 350 SX-F,-,Cross/motocross,350 ccm,https://bikez.com/motorcycles/ktm_350_sx-f_2024.php
2024,KTM 390 Adventure,Show rating,Enduro/offroad,373 ccm,https://bikez.com/motorcycles/ktm_390_adventure_2024.php
2024,KTM 390 Adventure SW,-,Enduro/offroad,373 ccm,https://bikez.com/motorcycles/ktm_390_adventure_sw_2024.php
2024,KTM 390 Duke,-,Naked bike,399 ccm,https://bikez.com/motorcycles/ktm_390_duke_2024.php
2024,KTM 450 EXC-F,-,Enduro/offroad,450 ccm,https://bikez.com/motorcycles/ktm_450_exc-f_2024.php
2024,KTM 450 EXC-F Six Days,-,Enduro/offroad,450 ccm,https://bikez.com/motorcycles/ktm_450_exc-f_six_days_2024.php
2024,KTM 450 Rally Replica,-,Enduro/offroad,449 ccm,https://bikez.com/motorcycles/ktm_450_rally_replica_2024.php
2024,KTM 450 SMR,-,Super motard,449 ccm,https://bikez.com/motorcycles/ktm_450_smr_2024.php
2024,KTM 450 SX-F,-,Cross/motocross,450 ccm,https://bikez.com/motorcycles/ktm_450_sx-f_2024.php
2024,KTM 450 SX-F Factory,-,Cross/motocross,450 ccm,https://bikez.com/motorcycles/ktm_450_sx-f_factory_2024.php
2024,KTM 50 SX,-,"Minibike, cross",49 ccm,https://bikez.com/motorcycles/ktm_50_sx_2024.php
2024,KTM 50 SX Factory,-,"Minibike, cross",49 ccm,https://bikez.com/motorcycles/ktm_50_sx_factory_2024.php
2024,KTM 500 EXC-F,-,Enduro/offroad,511 ccm,https://bikez.com/motorcycles/ktm_500_exc-f_2024.php
2024,KTM 500 EXC-F Six Days,-,Enduro/offroad,511 ccm,https://bikez.com/motorcycles/ktm_500_exc-f_six_days_2024.php
2024,KTM 65 SX,-,"Minibike, cross",65 ccm,https://bikez.com/motorcycles/ktm_65_sx_2024.php
2024,KTM 690 Enduro R,-,Enduro/offroad,693 ccm,https://bikez.com/motorcycles/ktm_690_enduro_r_2024.php
2024,KTM 690 SMC R,-,Super motard,693 ccm,https://bikez.com/motorcycles/ktm_690_smc_r_2024.php
2024,KTM 790 Adventure,Show rating,Allround,799 ccm,https://bikez.com/motorcycles/ktm_790_adventure_2024.php
2024,KTM 790 Duke,-,Naked bike,799 ccm,https://bikez.com/motorcycles/ktm_790_duke_2024.php
2024,KTM 85 SX 17-14,-,Cross/motocross,85 ccm,https://bikez.com/motorcycles/ktm_85_sx_17-14_2024.php
2024,KTM 85 SX 19-16,-,Cross/motocross,85 ccm,https://bikez.com/motorcycles/ktm_85_sx_19-16_2024.php
2024,KTM 890 Adventure,-,Enduro/offroad,889 ccm,https://bikez.com/motorcycles/ktm_890_adventure_2024.php
2024,KTM 890 Adventure R Rally,-,Enduro/offroad,889 ccm,https://bikez.com/motorcycles/ktm_890_adventure_r_rally_2024.php
2024,KTM 890 Duke R,-,Naked bike,889 ccm,https://bikez.com/motorcycles/ktm_890_duke_r_2024.php
2024,KTM 990 Duke,-,Naked bike,947 ccm,https://bikez.com/motorcycles/ktm_990_duke_2024.php
2024,KTM RC 8C,-,Sport,889 ccm,https://bikez.com/motorcycles/ktm_rc_8c_2024.php
2024,KTM SX-E 2,-,"Minibike, cross",Electric,https://bikez.com/motorcycles/ktm_sx-e_2_2024.php
2024,KTM SX-E 3,-,"Minibike, cross",Electric,https://bikez.com/motorcycles/ktm_sx-e_3_2024.php
2024,KTM SX-E 5,-,"Minibike, cross",Electric,https://bikez.com/motorcycles/ktm_sx-e_5_2024.php
2024,Kuba Brilliant 50 Pro-X,-,Scooter,50 ccm,https://bikez.com/motorcycles/kuba_brilliant_50_pro-x_2024.php
2024,Kuba TK03,Show rating,Allround,50 ccm,https://bikez.com/motorcycles/kuba_tk03_2024.php
2024,Kuberg Challenger,-,Trial,Electric,https://bikez.com/motorcycles/kuberg_challenger_2024.php
2024,Kymco Agility 50,-,Scooter,49 ccm,https://bikez.com/motorcycles/kymco_agility_50_2024.php
2024,Kymco Agility City 125i CBS,-,Scooter,125 ccm,https://bikez.com/motorcycles/kymco_agility_city_125i_cbs_2024.php
2024,Kymco AK 550,-,Scooter,550 ccm,https://bikez.com/motorcycles/kymco_ak_550_2024.php
2024,Kymco AK 550 Premium,-,Scooter,550 ccm,https://bikez.com/motorcycles/kymco_ak_550_premium_2024.php
2024,Kymco CV3,-,Scooter,550 ccm,https://bikez.com/motorcycles/kymco_cv3_2024.php
2024,Kymco DTX 320,-,Scooter,321 ccm,https://bikez.com/motorcycles/kymco_dtx_320_2024.php
2024,Kymco I-One,-,Scooter,Electric,https://bikez.com/motorcycles/kymco_i-one_2024.php
2024,Kymco MXU 150,-,ATV,149 ccm,https://bikez.com/motorcycles/kymco_mxu_150_2024.php
2024,Kymco MXU 300 T3B,-,ATV,270 ccm,https://bikez.com/motorcycles/kymco_mxu_300_t3b_2024.php
2024,Kymco MXU 465,-,ATV,443 ccm,https://bikez.com/motorcycles/kymco_mxu_465_2024.php
2024,Kymco MXU 500i T3B EPS,-,ATV,499 ccm,https://bikez.com/motorcycles/kymco_mxu_500i_t3b_eps_2024.php
2024,Kymco Super 8 R,-,Scooter,49 ccm,https://bikez.com/motorcycles/kymco_super_8_r_2024.php
2024,Kymco VSR 125,-,Naked bike,125 ccm,https://bikez.com/motorcycles/kymco_vsr_125_2024.php
2024,Kymco X-Town 125,-,Scooter,125 ccm,https://bikez.com/motorcycles/kymco_x-town_125_2024.php
2024,Lambretta G350 Special,-,Scooter,330 ccm,https://bikez.com/motorcycles/lambretta_g350_special_2024.php
2024,Lambretta V125 Special,-,Scooter,125 ccm,https://bikez.com/motorcycles/lambretta_v125_special_2024.php
2024,Lambretta V200 Special,-,Scooter,169 ccm,https://bikez.com/motorcycles/lambretta_v200_special_2024.php
2024,Lambretta V50 Special,-,Scooter,50 ccm,https://bikez.com/motorcycles/lambretta_v50_special_2024.php
2024,Lambretta X300,-,Scooter,275 ccm,https://bikez.com/motorcycles/lambretta_x300_2024.php
2024,Lance Havana Classic 50,-,Scooter,49 ccm,https://bikez.com/motorcycles/lance_havana_classic_50_2024.php
2024,Lance PCH 50 Delivery,-,Scooter,49 ccm,https://bikez.com/motorcycles/lance_pch_50_delivery_2024.php
2024,Leonart Pilder 125,-,Custom/cruiser,124 ccm,https://bikez.com/motorcycles/leonart_pilder_125_2024.php
2024,Lexmoto RSS 125 Scrambler,-,Naked bike,125 ccm,https://bikez.com/motorcycles/lexmoto_rss_125_scrambler_2024.php
2024,Lexmoto ZSB 125 EFI,Show rating,Allround,125 ccm,https://bikez.com/motorcycles/lexmoto_zsb_125_efi_2024.php
2024,Lifan KP Mini RS,Show rating,Super motard,149 ccm,https://bikez.com/motorcycles/lifan_kp_mini_rs_2024.php
2024,Lifan KP200,-,Sport,198 ccm,https://bikez.com/motorcycles/lifan_kp200_2024.php
2024,Lifan KPM 200,-,Sport,198 ccm,https://bikez.com/motorcycles/lifan_kpm_200_2024.php
2024,Lifan KPR 200,-,Sport,198 ccm,https://bikez.com/motorcycles/lifan_kpr_200_2024.php
2024,Lifan KPV150,-,Scooter,149 ccm,https://bikez.com/motorcycles/lifan_kpv150_2024.php
2024,Lifan KPX250,-,Super motard,249 ccm,https://bikez.com/motorcycles/lifan_kpx250_2024.php
2024,Lifan Lycan,-,Custom/cruiser,249 ccm,https://bikez.com/motorcycles/lifan_lycan_2024.php
2024,Lifan QJTEC SRT 800 CX,-,Sport touring,799 ccm,https://bikez.com/motorcycles/lifan_qjtec_srt_800_cx_2024.php
2024,Lifan X-Pect,-,Enduro/offroad,197 ccm,https://bikez.com/motorcycles/lifan_x-pect_2024.php
2024,Lightning LS-218,-,Sport,Electric,https://bikez.com/motorcycles/lightning_ls-218_2024.php
2024,Lightning Strike C,-,Sport,Electric,https://bikez.com/motorcycles/lightning_strike_c_2024.php
2024,Lightning Strike R,-,Sport,Electric,https://bikez.com/motorcycles/lightning_strike_r_2024.php
2024,Lit Motors Kubo,-,Prototype/concept model,Electric,https://bikez.com/motorcycles/lit_motors_kubo_2024.php
2024,LiveWire One,-,Naked bike,Electric,https://bikez.com/motorcycles/livewire_one_2024.php
2024,LiveWire S2 Del Mar,-,Allround,Electric,https://bikez.com/motorcycles/livewire_s2_del_mar_2024.php
2024,LiveWire S2 Del Mar LE,-,Allround,Electric,https://bikez.com/motorcycles/livewire_s2_del_mar_le_2024.php
2024,Lohia Oma,-,Scooter,Electric,https://bikez.com/motorcycles/lohia_oma_2024.php
2024,Luojia LJ125T-8A,-,Scooter,125 ccm,https://bikez.com/motorcycles/luojia_lj125t-8a_2024.php
2024,Macbor Eight Mile 500 Scrambler,-,Naked bike,471 ccm,https://bikez.com/motorcycles/macbor_eight_mile_500_scrambler_2024.php
2024,Malaguti Mission 200 City,-,Scooter,181 ccm,https://bikez.com/motorcycles/malaguti_mission_200_city_2024.php
2024,Malaguti XAM Off-Road,-,Enduro/offroad,Electric,https://bikez.com/motorcycles/malaguti_xam_off-road_2024.php
2024,Marine Turbine Technologies 420 RR,-,Sport,1 ccm,https://bikez.com/motorcycles/marine_turbine_technologies_420_rr_2024.php
2024,Mash Belena 125,-,Scooter,125 ccm,https://bikez.com/motorcycles/mash_belena_125_2024.php
2024,Mash Belena 300,Show rating,Scooter,276 ccm,https://bikez.com/motorcycles/mash_belena_300_2024.php
2024,Mash Bibop 2.0 50,-,Scooter,50 ccm,https://bikez.com/motorcycles/mash_bibop_20_50_2024.php
2024,Mash Fifty 50,-,Allround,50 ccm,https://bikez.com/motorcycles/mash_fifty_50_2024.php
2024,Mash Five Hundred 400,-,Enduro/offroad,397 ccm,https://bikez.com/motorcycles/mash_five_hundred_400_2024.php
2024,Mash Six Hundred 650,-,Classic,644 ccm,https://bikez.com/motorcycles/mash_six_hundred_650_2024.php
2024,Mash Two Fifty,-,Allround,249 ccm,https://bikez.com/motorcycles/mash_two_fifty_2024.php
2024,Mash X-Ride 125,-,Allround,124 ccm,https://bikez.com/motorcycles/mash_x-ride_125_2024.php
2024,Metisse Steve McQueen Desert Racer,-,Classic,649 ccm,https://bikez.com/motorcycles/metisse_steve_mcqueen_desert_racer_2024.php
2024,MH Sense 50,-,Scooter,50 ccm,https://bikez.com/motorcycles/mh_sense_50_2024.php
2024,Mikilon Hammer 125,-,ATV,123 ccm,https://bikez.com/motorcycles/mikilon_hammer_125_2024.php
2024,Mitt 125 ADV,-,Scooter,125 ccm,https://bikez.com/motorcycles/mitt_125_adv_2024.php
2024,Mitt 125 GP1,-,Sport,124 ccm,https://bikez.com/motorcycles/mitt_125_gp1_2024.php
2024,Mitt 125 GP2,-,Sport,124 ccm,https://bikez.com/motorcycles/mitt_125_gp2_2024.php
2024,Mitt 125 TK,-,Super motard,124 ccm,https://bikez.com/motorcycles/mitt_125_tk_2024.php
2024,Mitt 330 GT-Max,-,Scooter,276 ccm,https://bikez.com/motorcycles/mitt_330_gt-max_2024.php
2024,Mitt 330 GTS,-,Scooter,276 ccm,https://bikez.com/motorcycles/mitt_330_gts_2024.php
2024,Mitt 530 TT,-,Enduro/offroad,476 ccm,https://bikez.com/motorcycles/mitt_530_tt_2024.php
2024,Mitt 555 TT,-,Super motard,471 ccm,https://bikez.com/motorcycles/mitt_555_tt_2024.php
2024,Mitt 808,-,Custom/cruiser,800 ccm,https://bikez.com/motorcycles/mitt_808_2024.php
2024,Mitt 808 Big Foot,-,Custom/cruiser,800 ccm,https://bikez.com/motorcycles/mitt_808_big_foot_2024.php
2024,Mitt 808 Traveler,-,Touring,800 ccm,https://bikez.com/motorcycles/mitt_808_traveler_2024.php
2024,Modenas CT 115S,-,Scooter,115 ccm,https://bikez.com/motorcycles/modenas_ct_115s_2024.php
2024,Modenas Kriss MR2,-,Scooter,109 ccm,https://bikez.com/motorcycles/modenas_kriss_mr2_2024.php
2024,Mojo 300 ABS,-,Sport,299 ccm,https://bikez.com/motorcycles/mojo_300_abs_2024.php
2024,Moto Guzzi Stelvio,-,Sport,1042 ccm,https://bikez.com/motorcycles/moto_guzzi_stelvio_2024.php
2024,Moto Guzzi Stelvio PFF,-,Sport,1042 ccm,https://bikez.com/motorcycles/moto_guzzi_stelvio_pff_2024.php
2024,Moto Guzzi V100 Mandello,-,Sport,1042 ccm,https://bikez.com/motorcycles/moto_guzzi_v100_mandello_2024.php
2024,Moto Guzzi V100 Mandello Aviazione Navale,-,Sport,1042 ccm,https://bikez.com/motorcycles/moto_guzzi_v100_mandello_aviazione_navale_2024.php
2024,Moto Guzzi V7 Special,Show rating,Classic,850 ccm,https://bikez.com/motorcycles/moto_guzzi_v7_special_2024.php
2024,Moto Guzzi V7 Special Edition,-,Classic,850 ccm,https://bikez.com/motorcycles/moto_guzzi_v7_special_edition_2024.php
2024,Moto Guzzi V7 Stone,Show rating,Classic,850 ccm,https://bikez.com/motorcycles/moto_guzzi_v7_stone_2024.php
2024,Moto Guzzi V85 TT,-,Enduro/offroad,853 ccm,https://bikez.com/motorcycles/moto_guzzi_v85_tt_2024.php
2024,Moto Guzzi V85 TT Travel,-,Enduro/offroad,853 ccm,https://bikez.com/motorcycles/moto_guzzi_v85_tt_travel_2024.php
2024,Moto Guzzi V9 Bobber,-,Classic,853 ccm,https://bikez.com/motorcycles/moto_guzzi_v9_bobber_2024.php
2024,Moto Guzzi V9 Bobber SE,-,Classic,853 ccm,https://bikez.com/motorcycles/moto_guzzi_v9_bobber_se_2024.php
2024,Moto Guzzi V9 Roamer,-,Classic,853 ccm,https://bikez.com/motorcycles/moto_guzzi_v9_roamer_2024.php
2024,Moto Morini Seiemmezzo 650 SCR,-,Naked bike,649 ccm,https://bikez.com/motorcycles/moto_morini_seiemmezzo_650_scr_2024.php
2024,Moto Morini Seiemmezzo 650 STR,-,Sport,649 ccm,https://bikez.com/motorcycles/moto_morini_seiemmezzo_650_str_2024.php
2024,Moto Morini X-Cape 650T,-,Super motard,649 ccm,https://bikez.com/motorcycles/moto_morini_x-cape_650t_2024.php
2024,Moto Morini X-Cape 650X,-,Enduro/offroad,649 ccm,https://bikez.com/motorcycles/moto_morini_x-cape_650x_2024.php
2024,Motomel Victory 150,-,Sport,150 ccm,https://bikez.com/motorcycles/motomel_victory_150_2024.php
2024,Motoposh Bida 110 S2,-,Scooter,110 ccm,https://bikez.com/motorcycles/motoposh_bida_110_s2_2024.php
2024,Motoposh Evo 150,-,Scooter,150 ccm,https://bikez.com/motorcycles/motoposh_evo_150_2024.php
2024,Motoposh Pinoy 125,-,Allround,155 ccm,https://bikez.com/motorcycles/motoposh_pinoy_125_2024.php
2024,Motron X Nord 125,-,Allround,125 ccm,https://bikez.com/motorcycles/motron_x_nord_125_2024.php
2024,MV Agusta Brutale 1000 RR,-,Naked bike,998 ccm,https://bikez.com/motorcycles/mv_agusta_brutale_1000_rr_2024.php
2024,MV Agusta Brutale 1000 RR Assen,-,Naked bike,998 ccm,https://bikez.com/motorcycles/mv_agusta_brutale_1000_rr_assen_2024.php
2024,MV Agusta Brutale 1000 RS,-,Naked bike,998 ccm,https://bikez.com/motorcycles/mv_agusta_brutale_1000_rs_2024.php
2024,MV Agusta Brutale 800 R,-,Naked bike,798 ccm,https://bikez.com/motorcycles/mv_agusta_brutale_800_r_2024.php
2024,MV Agusta Brutale 800 RR,-,Naked bike,798 ccm,https://bikez.com/motorcycles/mv_agusta_brutale_800_rr_2024.php
2024,MV Agusta Dragster R,-,Naked bike,798 ccm,https://bikez.com/motorcycles/mv_agusta_dragster_r_2024.php
2024,MV Agusta Dragster RC Racing,-,Naked bike,798 ccm,https://bikez.com/motorcycles/mv_agusta_dragster_rc_racing_2024.php
2024,MV Agusta Dragster RR SCS,-,Naked bike,798 ccm,https://bikez.com/motorcycles/mv_agusta_dragster_rr_scs_2024.php
2024,MV Agusta Enduro Veloce,-,Enduro/offroad,931 ccm,https://bikez.com/motorcycles/mv_agusta_enduro_veloce_2024.php
2024,MV Agusta F3 R,-,Sport,798 ccm,https://bikez.com/motorcycles/mv_agusta_f3_r_2024.php
2024,MV Agusta F3 RC,-,Sport,798 ccm,https://bikez.com/motorcycles/mv_agusta_f3_rc_2024.php
2024,MV Agusta F3 RR,-,Sport,798 ccm,https://bikez.com/motorcycles/mv_agusta_f3_rr_2024.php
2024,MV Agusta LXP Orioli,-,Enduro/offroad,931 ccm,https://bikez.com/motorcycles/mv_agusta_lxp_orioli_2024.php
2024,MV Agusta Rush 1000,-,Naked bike,998 ccm,https://bikez.com/motorcycles/mv_agusta_rush_1000_2024.php
2024,MV Agusta Superveloce 800,-,Classic,798 ccm,https://bikez.com/motorcycles/mv_agusta_superveloce_800_2024.php
2024,MV Agusta Superveloce 98,-,Classic,798 ccm,https://bikez.com/motorcycles/mv_agusta_superveloce_98_2024.php
2024,MV Agusta Superveloce S,-,Sport,798 ccm,https://bikez.com/motorcycles/mv_agusta_superveloce_s_2024.php
2024,MV Agusta Turismo Veloce Lusso SCS,-,Sport touring,798 ccm,https://bikez.com/motorcycles/mv_agusta_turismo_veloce_lusso_scs_2024.php
2024,MV Agusta Turismo Veloce R,-,Sport touring,798 ccm,https://bikez.com/motorcycles/mv_agusta_turismo_veloce_r_2024.php
2024,MV Agusta Turismo Veloce RC SCS,-,Sport touring,798 ccm,https://bikez.com/motorcycles/mv_agusta_turismo_veloce_rc_scs_2024.php
2024,Neco Di Lucio 50,-,Scooter,50 ccm,https://bikez.com/motorcycles/neco_di_lucio_50_2024.php
2024,Neco GTXx 125,-,Scooter,125 ccm,https://bikez.com/motorcycles/neco_gtxx_125_2024.php
2024,Nipponia Zeus 200,-,Enduro/offroad,197 ccm,https://bikez.com/motorcycles/nipponia_zeus_200_2024.php
2024,Niu RQi Sport,-,Allround,Electric,https://bikez.com/motorcycles/niu_rqi_sport_2024.php
2024,Norton Commando 961 LE Manx,-,Classic,961 ccm,https://bikez.com/motorcycles/norton_commando_961_le_manx_2024.php
2024,Norton V4SV 588,-,Sport,1200 ccm,https://bikez.com/motorcycles/norton_v4sv_588_2024.php
2024,Nuuk Ziclyk U 3.0,-,Scooter,Electric,https://bikez.com/motorcycles/nuuk_ziclyk_u_30_2024.php
2024,Ohvale GP-2 160,-,"Minibike, sport",156 ccm,https://bikez.com/motorcycles/ohvale_gp-2_160_2024.php
2024,Okinawa S1 Pro,-,Scooter,Electric,https://bikez.com/motorcycles/okinawa_s1_pro_2024.php
2024,Ola S1 Air,-,Scooter,Electric,https://bikez.com/motorcycles/ola_s1_air_2024.php
2024,Ola S1 Pro,-,Scooter,Electric,https://bikez.com/motorcycles/ola_s1_pro_2024.php
2024,Ola S1 X Plus,-,Scooter,Electric,https://bikez.com/motorcycles/ola_s1_x_plus_2024.php
2024,Orcal Isca 50,-,Scooter,50 ccm,https://bikez.com/motorcycles/orcal_isca_50_2024.php
2024,Orcal Kite 50,-,Scooter,50 ccm,https://bikez.com/motorcycles/orcal_kite_50_2024.php
2024,Orcal Tabor 125,-,Sport,125 ccm,https://bikez.com/motorcycles/orcal_tabor_125_2024.php
2024,Orcal Tabor 125 Equipe,-,Sport,125 ccm,https://bikez.com/motorcycles/orcal_tabor_125_equipe_2024.php
2024,Oset 16.OR,-,"Minibike, cross",Electric,https://bikez.com/motorcycles/oset_16or_2024.php
2024,Oset TXP-24,-,Trial,Electric,https://bikez.com/motorcycles/oset_txp-24_2024.php
2024,Paton Bic 500 8V Ru 1968,-,Classic,498 ccm,https://bikez.com/motorcycles/paton_bic_500_8v_ru_1968_2024.php
2024,Peugeot Django Classic 125,-,Scooter,125 ccm,https://bikez.com/motorcycles/peugeot_django_classic_125_2024.php
2024,Peugeot Kisbee 50 Active,-,Scooter,50 ccm,https://bikez.com/motorcycles/peugeot_kisbee_50_active_2024.php
2024,Peugeot Metropolis SW,-,Scooter,399 ccm,https://bikez.com/motorcycles/peugeot_metropolis_sw_2024.php
2024,Peugeot PM-01 125,-,Naked bike,125 ccm,https://bikez.com/motorcycles/peugeot_pm-01_125_2024.php
2024,Peugeot PM-03 300,-,Naked bike,282 ccm,https://bikez.com/motorcycles/peugeot_pm-03_300_2024.php
2024,Peugeot Pulsion 125 Active,-,Scooter,125 ccm,https://bikez.com/motorcycles/peugeot_pulsion_125_active_2024.php
2024,Peugeot Streetzone 50,-,Scooter,50 ccm,https://bikez.com/motorcycles/peugeot_streetzone_50_2024.php
2024,Peugeot Tweet  50,-,Scooter,50 ccm,https://bikez.com/motorcycles/peugeot_tweet_50_2024.php
2024,Peugeot Tweet 125,-,Scooter,125 ccm,https://bikez.com/motorcycles/peugeot_tweet_125_2024.php
2024,Peugeot XP400 GT,-,Scooter,400 ccm,https://bikez.com/motorcycles/peugeot_xp400_gt_2024.php
2024,PGO GTA  50,-,Scooter,49 ccm,https://bikez.com/motorcycles/pgo_gta_50_2024.php
2024,Piaggio 1,-,Scooter,Electric,https://bikez.com/motorcycles/piaggio_1_2024.php
2024,Piaggio 1 Active,-,Scooter,Electric,https://bikez.com/motorcycles/piaggio_1_active_2024.php
2024,Piaggio 1 FCW,-,Scooter,Electric,https://bikez.com/motorcycles/piaggio_1_fcw_2024.php
2024,Piaggio 1 Plus,-,Scooter,Electric,https://bikez.com/motorcycles/piaggio_1_plus_2024.php
2024,Piaggio MP3 300,-,Scooter,278 ccm,https://bikez.com/motorcycles/piaggio_mp3_300_2024.php
2024,Polaris Outlaw 110 EFI,-,ATV,112 ccm,https://bikez.com/motorcycles/polaris_outlaw_110_efi_2024.php
2024,Polaris Phoenix 200,-,ATV,196 ccm,https://bikez.com/motorcycles/polaris_phoenix_200_2024.php
2024,Polaris Scrambler 850,-,ATV,850 ccm,https://bikez.com/motorcycles/polaris_scrambler_850_2024.php
2024,Polaris Scrambler XP 1000 S,-,ATV,952 ccm,https://bikez.com/motorcycles/polaris_scrambler_xp_1000_s_2024.php
2024,Polaris Sportsman 450 H.O.,-,ATV,499 ccm,https://bikez.com/motorcycles/polaris_sportsman_450_ho_2024.php
2024,Polaris Sportsman 570,-,ATV,567 ccm,https://bikez.com/motorcycles/polaris_sportsman_570_2024.php
2024,Polaris Sportsman 850,-,ATV,850 ccm,https://bikez.com/motorcycles/polaris_sportsman_850_2024.php
2024,Polaris Sportsman XP 1000 S,-,ATV,952 ccm,https://bikez.com/motorcycles/polaris_sportsman_xp_1000_s_2024.php
2024,QJmotor SFT500,-,Allround,549 ccm,https://bikez.com/motorcycles/qjmotor_sft500_2024.php
2024,QJmotor SRK550 RS,-,Sport,554 ccm,https://bikez.com/motorcycles/qjmotor_srk550_rs_2024.php
2024,QJmotor SRK800 RR,-,Sport,778 ccm,https://bikez.com/motorcycles/qjmotor_srk800_rr_2024.php
2024,Qooder Qooder,-,Scooter,399 ccm,https://bikez.com/motorcycles/qooder_qooder_2024.php
2024,Rewaco PUR3 Volcano-Limited,-,Custom/cruiser,1499 ccm,https://bikez.com/motorcycles/rewaco_pur3_volcano-limited_2024.php
2024,RGNT No.1 Classic,-,Classic,Electric,https://bikez.com/motorcycles/rgnt_no1_classic_2024.php
2024,RGNT No.1 Scrambler SE,-,Classic,Electric,https://bikez.com/motorcycles/rgnt_no1_scrambler_se_2024.php
2024,Rieju Century,-,Sport,125 ccm,https://bikez.com/motorcycles/rieju_century_2024.php
2024,Rieju Marathon 125 SM Pro,-,Super motard,125 ccm,https://bikez.com/motorcycles/rieju_marathon_125_sm_pro_2024.php
2024,Rieju MR 125 Pro,-,Enduro/offroad,125 ccm,https://bikez.com/motorcycles/rieju_mr_125_pro_2024.php
2024,Rieju MR 300 Pro,-,Enduro/offroad,299 ccm,https://bikez.com/motorcycles/rieju_mr_300_pro_2024.php
2024,Rieju MR 300 Racing,-,Enduro/offroad,299 ccm,https://bikez.com/motorcycles/rieju_mr_300_racing_2024.php
2024,Rieju MR 300 Ranger,-,Enduro/offroad,299 ccm,https://bikez.com/motorcycles/rieju_mr_300_ranger_2024.php
2024,Rieju MR Six Days Argentina,-,Enduro/offroad,299 ccm,https://bikez.com/motorcycles/rieju_mr_six_days_argentina_2024.php
2024,Rieju MRT 50,-,Enduro/offroad,50 ccm,https://bikez.com/motorcycles/rieju_mrt_50_2024.php
2024,Road Hopper Type 9 Evo,-,Classic,1337 ccm,https://bikez.com/motorcycles/road_hopper_type_9_evo_2024.php
2024,Scomadi TT125,-,Scooter,125 ccm,https://bikez.com/motorcycles/scomadi_tt125_2024.php
2024,Scorpa 125 SC Factory,-,Trial,125 ccm,https://bikez.com/motorcycles/scorpa_125_sc_factory_2024.php
2024,Scorpa 125 TY Limied,-,Trial,124 ccm,https://bikez.com/motorcycles/scorpa_125_ty_limied_2024.php
2024,Scorpa 250 SCF-F  Factory,-,Trial,250 ccm,https://bikez.com/motorcycles/scorpa_250_scf-f_factory_2024.php
2024,Scorpa 300 SC-F Factory,-,Trial,294 ccm,https://bikez.com/motorcycles/scorpa_300_sc-f_factory_2024.php
2024,Scorpa 50 SE-R Racing,-,Enduro/offroad,50 ccm,https://bikez.com/motorcycles/scorpa_50_se-r_racing_2024.php
2024,Scorpa 50 SM-R Racing,-,Super motard,50 ccm,https://bikez.com/motorcycles/scorpa_50_sm-r_racing_2024.php
2024,Seat Mo 125,-,Scooter,Electric,https://bikez.com/motorcycles/seat_mo_125_2024.php
2024,Senke SK400-KV,Show rating,Touring,378 ccm,https://bikez.com/motorcycles/senke_sk400-kv_2024.php
2024,Serpento RS170,-,Allround,180 ccm,https://bikez.com/motorcycles/serpento_rs170_2024.php
2024,Sherco 125 SE Factory,-,Enduro/offroad,125 ccm,https://bikez.com/motorcycles/sherco_125_se_factory_2024.php
2024,Sherco 125 SM Factory,-,Super motard,125 ccm,https://bikez.com/motorcycles/sherco_125_sm_factory_2024.php
2024,Sherco 125 ST-F-Factory,-,Trial,124 ccm,https://bikez.com/motorcycles/sherco_125_st-f-factory_2024.php
2024,Sherco 250 SE Factory,-,Enduro/offroad,249 ccm,https://bikez.com/motorcycles/sherco_250_se_factory_2024.php
2024,Sherco 250 SEF Factory,-,Enduro/offroad,248 ccm,https://bikez.com/motorcycles/sherco_250_sef_factory_2024.php
2024,Sherco 250 ST F-Factory,-,Trial,249 ccm,https://bikez.com/motorcycles/sherco_250_st_f-factory_2024.php
2024,Sherco 300 SE Factory,-,Enduro/offroad,293 ccm,https://bikez.com/motorcycles/sherco_300_se_factory_2024.php
2024,Sherco 300 SEF Factory,-,Enduro/offroad,304 ccm,https://bikez.com/motorcycles/sherco_300_sef_factory_2024.php
2024,Sherco 300 ST F-Factory,-,Trial,294 ccm,https://bikez.com/motorcycles/sherco_300_st_f-factory_2024.php
2024,Sherco 450 SEF Factory,-,Enduro/offroad,449 ccm,https://bikez.com/motorcycles/sherco_450_sef_factory_2024.php
2024,Sherco 500 SEF Factory,-,Enduro/offroad,478 ccm,https://bikez.com/motorcycles/sherco_500_sef_factory_2024.php
2024,Sherco 500 SM Factory,-,Super motard,478 ccm,https://bikez.com/motorcycles/sherco_500_sm_factory_2024.php
2024,Suzuki Boulevard C50,-,Custom/cruiser,805 ccm,https://bikez.com/motorcycles/suzuki_boulevard_c50_2024.php
2024,Suzuki Boulevard M109R,-,Custom/cruiser,1783 ccm,https://bikez.com/motorcycles/suzuki_boulevard_m109r_2024.php
2024,Suzuki Burgman 400,-,Scooter,400 ccm,https://bikez.com/motorcycles/suzuki_burgman_400_2024.php
2024,Suzuki DR-Z125L,-,Enduro/offroad,124 ccm,https://bikez.com/motorcycles/suzuki_dr-z125l_2024.php
2024,Suzuki DR-Z400S,-,Enduro/offroad,398 ccm,https://bikez.com/motorcycles/suzuki_dr-z400s_2024.php
2024,Suzuki DR-Z400SM,-,Super motard,398 ccm,https://bikez.com/motorcycles/suzuki_dr-z400sm_2024.php
2024,Suzuki DR-Z50,-,"Minibike, cross",49 ccm,https://bikez.com/motorcycles/suzuki_dr-z50_2024.php
2024,Suzuki DR650S,Show rating,Super motard,644 ccm,https://bikez.com/motorcycles/suzuki_dr650s_2024.php
2024,Suzuki Gixxer 250,-,Naked bike,249 ccm,https://bikez.com/motorcycles/suzuki_gixxer_250_2024.php
2024,Suzuki Gixxer SF 250,-,Sport,249 ccm,https://bikez.com/motorcycles/suzuki_gixxer_sf_250_2024.php
2024,Suzuki GSX-8R,-,Sport,776 ccm,https://bikez.com/motorcycles/suzuki_gsx-8r_2024.php
2024,Suzuki GSX-8S,-,Naked bike,776 ccm,https://bikez.com/motorcycles/suzuki_gsx-8s_2024.php
2024,Suzuki GSX-R1000,Show rating,Sport,1000 ccm,https://bikez.com/motorcycles/suzuki_gsx-r1000_2024.php
2024,Suzuki GSX-R1000R,-,Sport,1000 ccm,https://bikez.com/motorcycles/suzuki_gsx-r1000r_2024.php
2024,Suzuki GSX-R600,-,Sport,599 ccm,https://bikez.com/motorcycles/suzuki_gsx-r600_2024.php
2024,Suzuki GSX-R750,Show rating,Sport,750 ccm,https://bikez.com/motorcycles/suzuki_gsx-r750_2024.php
2024,Suzuki GSX-S1000,-,Naked bike,999 ccm,https://bikez.com/motorcycles/suzuki_gsx-s1000_2024.php
2024,Suzuki GSX-S1000GT,Show rating,Sport touring,999 ccm,https://bikez.com/motorcycles/suzuki_gsx-s1000gt_2024.php
2024,Suzuki GSX-S1000GX,Show rating,Sport touring,999 ccm,https://bikez.com/motorcycles/suzuki_gsx-s1000gx_2024.php
2024,Suzuki Hayabusa,-,Sport,1340 ccm,https://bikez.com/motorcycles/suzuki_hayabusa_2024.php
2024,Suzuki Hayabusa 25th Anniversary Edition,-,Sport,1340 ccm,https://bikez.com/motorcycles/suzuki_hayabusa_25th_anniversary_edition_2024.php
2024,Suzuki Katana,-,Sport,999 ccm,https://bikez.com/motorcycles/suzuki_katana_2024.php
2024,Suzuki KingQuad 400ASi,-,ATV,376 ccm,https://bikez.com/motorcycles/suzuki_kingquad_400asi_2024.php
2024,Suzuki KingQuad 500AXi,-,ATV,493 ccm,https://bikez.com/motorcycles/suzuki_kingquad_500axi_2024.php
2024,Suzuki KingQuad 750AXi Power Steering SE,-,ATV,722 ccm,https://bikez.com/motorcycles/suzuki_kingquad_750axi_power_steering_se_2024.php
2024,Suzuki RM-Z250,-,Cross/motocross,249 ccm,https://bikez.com/motorcycles/suzuki_rm-z250_2024.php
2024,Suzuki RM-Z450,-,Cross/motocross,449 ccm,https://bikez.com/motorcycles/suzuki_rm-z450_2024.php
2024,Suzuki RM85,-,Cross/motocross,85 ccm,https://bikez.com/motorcycles/suzuki_rm85_2024.php
2024,Suzuki V-Strom 1050,-,Super motard,1037 ccm,https://bikez.com/motorcycles/suzuki_v-strom_1050_2024.php
2024,Suzuki V-Strom 1050DE,-,Super motard,1037 ccm,https://bikez.com/motorcycles/suzuki_v-strom_1050de_2024.php
2024,Suzuki V-Strom 1050DE Adventure,-,Super motard,1037 ccm,https://bikez.com/motorcycles/suzuki_v-strom_1050de_adventure_2024.php
2024,Suzuki V-Strom 650,-,Super motard,645 ccm,https://bikez.com/motorcycles/suzuki_v-strom_650_2024.php
2024,Suzuki V-Strom 650XT,-,Super motard,645 ccm,https://bikez.com/motorcycles/suzuki_v-strom_650xt_2024.php
2024,Suzuki V-Strom 650XT Adventure,-,Super motard,645 ccm,https://bikez.com/motorcycles/suzuki_v-strom_650xt_adventure_2024.php
2024,Suzuki V-Strom 800,Show rating,Super motard,776 ccm,https://bikez.com/motorcycles/suzuki_v-strom_800_2024.php
2024,Suzuki V-Strom 800 Touring,-,Super motard,776 ccm,https://bikez.com/motorcycles/suzuki_v-strom_800_touring_2024.php
2024,Suzuki V-Strom 800DE,-,Super motard,776 ccm,https://bikez.com/motorcycles/suzuki_v-strom_800de_2024.php
2024,Suzuki V-Strom 800DE Adventure,-,Super motard,776 ccm,https://bikez.com/motorcycles/suzuki_v-strom_800de_adventure_2024.php
2024,Suzuki V-Strom 800RE,-,Super motard,776 ccm,https://bikez.com/motorcycles/suzuki_v-strom_800re_2024.php
2024,SWM Custom V1200 Stormbreaker,-,Custom/cruiser,1200 ccm,https://bikez.com/motorcycles/swm_custom_v1200_stormbreaker_2024.php
2024,SWM Gran Milano Green,-,Allround,494 ccm,https://bikez.com/motorcycles/swm_gran_milano_green_2024.php
2024,SWM Gran Milano Silver,-,Allround,494 ccm,https://bikez.com/motorcycles/swm_gran_milano_silver_2024.php
2024,SWM Hoku 125 Black,-,Naked bike,125 ccm,https://bikez.com/motorcycles/swm_hoku_125_black_2024.php
2024,SWM Hoku 400,-,Naked bike,401 ccm,https://bikez.com/motorcycles/swm_hoku_400_2024.php
2024,SWM Six6 500 Traveler,-,Allround,445 ccm,https://bikez.com/motorcycles/swm_six6_500_traveler_2024.php
2024,SWM SM 125 R Trofeo,-,Enduro/offroad,125 ccm,https://bikez.com/motorcycles/swm_sm_125_r_trofeo_2024.php
2024,SWM SM 500 R,-,Super motard,501 ccm,https://bikez.com/motorcycles/swm_sm_500_r_2024.php
2024,Sym ADX 125,-,Scooter,125 ccm,https://bikez.com/motorcycles/sym_adx_125_2024.php
2024,Sym Crox 50,-,Scooter,50 ccm,https://bikez.com/motorcycles/sym_crox_50_2024.php
2024,Sym CRUiSYM Alpha 125,-,Scooter,125 ccm,https://bikez.com/motorcycles/sym_cruisym_alpha_125_2024.php
2024,Sym CRUiSYM Alpha 300,-,Scooter,278 ccm,https://bikez.com/motorcycles/sym_cruisym_alpha_300_2024.php
2024,Sym eX Pro,-,Scooter,Electric,https://bikez.com/motorcycles/sym_ex_pro_2024.php
2024,Sym Fiddle 125,-,Scooter,125 ccm,https://bikez.com/motorcycles/sym_fiddle_125_2024.php
2024,Sym Fiddle 125 Liquid,-,Scooter,125 ccm,https://bikez.com/motorcycles/sym_fiddle_125_liquid_2024.php
2024,Sym Fiddle 50,-,Scooter,49 ccm,https://bikez.com/motorcycles/sym_fiddle_50_2024.php
2024,Sym Fiddle Electric,-,Scooter,Electric,https://bikez.com/motorcycles/sym_fiddle_electric_2024.php
2024,Sym Fiddle II 50,-,Scooter,49 ccm,https://bikez.com/motorcycles/sym_fiddle_ii_50_2024.php
2024,Sym HD 300,-,Scooter,278 ccm,https://bikez.com/motorcycles/sym_hd_300_2024.php
2024,Sym Jet 14 125,-,Scooter,125 ccm,https://bikez.com/motorcycles/sym_jet_14_125_2024.php
2024,Sym Jet 14 125 Liquid,-,Scooter,125 ccm,https://bikez.com/motorcycles/sym_jet_14_125_liquid_2024.php
2024,Sym Jet 14 200,-,Scooter,169 ccm,https://bikez.com/motorcycles/sym_jet_14_200_2024.php
2024,Sym Jet 14 50,-,Scooter,49 ccm,https://bikez.com/motorcycles/sym_jet_14_50_2024.php
2024,Sym Jet 4 RX 125,-,Scooter,125 ccm,https://bikez.com/motorcycles/sym_jet_4_rx_125_2024.php
2024,Sym Jet 4 RX 50,-,Scooter,49 ccm,https://bikez.com/motorcycles/sym_jet_4_rx_50_2024.php
2024,Sym Jet X 125,Show rating,Scooter,125 ccm,https://bikez.com/motorcycles/sym_jet_x_125_2024.php
2024,Sym Jet14 Evo 125,-,Scooter,125 ccm,https://bikez.com/motorcycles/sym_jet14_evo_125_2024.php
2024,Sym Jet14 Evo 125 Liquid,-,Scooter,125 ccm,https://bikez.com/motorcycles/sym_jet14_evo_125_liquid_2024.php
2024,Sym Jet14 Evo 200,-,Scooter,169 ccm,https://bikez.com/motorcycles/sym_jet14_evo_200_2024.php
2024,Sym Joymax Z Plus 125,-,Scooter,125 ccm,https://bikez.com/motorcycles/sym_joymax_z_plus_125_2024.php
2024,Sym Joymax Z Plus 250,-,Scooter,249 ccm,https://bikez.com/motorcycles/sym_joymax_z_plus_250_2024.php
2024,Sym Joymax Z Plus 300,-,Scooter,278 ccm,https://bikez.com/motorcycles/sym_joymax_z_plus_300_2024.php
2024,Sym Joyride 16 300,-,Scooter,278 ccm,https://bikez.com/motorcycles/sym_joyride_16_300_2024.php
2024,Sym Joyride 300,-,Scooter,278 ccm,https://bikez.com/motorcycles/sym_joyride_300_2024.php
2024,Sym Joyride S 125,-,Scooter,124 ccm,https://bikez.com/motorcycles/sym_joyride_s_125_2024.php
2024,Sym Joyride S 200,-,Scooter,175 ccm,https://bikez.com/motorcycles/sym_joyride_s_200_2024.php
2024,Sym Mask 125,-,Scooter,125 ccm,https://bikez.com/motorcycles/sym_mask_125_2024.php
2024,Sym Mask 50,-,Scooter,49 ccm,https://bikez.com/motorcycles/sym_mask_50_2024.php
2024,Sym Maxsym 400,Show rating,Scooter,399 ccm,https://bikez.com/motorcycles/sym_maxsym_400_2024.php
2024,Sym Maxsym TL 508,Show rating,Scooter,508 ccm,https://bikez.com/motorcycles/sym_maxsym_tl_508_2024.php
2024,Sym Mio 50,-,Scooter,49 ccm,https://bikez.com/motorcycles/sym_mio_50_2024.php
2024,Sym Mio Electric,-,Scooter,Electric,https://bikez.com/motorcycles/sym_mio_electric_2024.php
2024,Sym MMBCU,-,Scooter,158 ccm,https://bikez.com/motorcycles/sym_mmbcu_2024.php
2024,Sym Orbit 125,-,Scooter,125 ccm,https://bikez.com/motorcycles/sym_orbit_125_2024.php
2024,Sym Orbit 50,-,Scooter,49 ccm,https://bikez.com/motorcycles/sym_orbit_50_2024.php
2024,Sym SYMNH T 125,-,Allround,124 ccm,https://bikez.com/motorcycles/sym_symnh_t_125_2024.php
2024,Sym SYMNH T 200,-,Allround,183 ccm,https://bikez.com/motorcycles/sym_symnh_t_200_2024.php
2024,Sym SYMNH T 300,Show rating,Allround,278 ccm,https://bikez.com/motorcycles/sym_symnh_t_300_2024.php
2024,Sym SYMNH X 125,-,Naked bike,124 ccm,https://bikez.com/motorcycles/sym_symnh_x_125_2024.php
2024,Sym Symphony 124,-,Scooter,125 ccm,https://bikez.com/motorcycles/sym_symphony_124_2024.php
2024,Sym Symphony 200,-,Scooter,169 ccm,https://bikez.com/motorcycles/sym_symphony_200_2024.php
2024,Sym Symphony 50,-,Scooter,49 ccm,https://bikez.com/motorcycles/sym_symphony_50_2024.php
2024,Sym Symphony Cargo 125,-,Scooter,125 ccm,https://bikez.com/motorcycles/sym_symphony_cargo_125_2024.php
2024,Sym Symphony Cargo 50,-,Scooter,49 ccm,https://bikez.com/motorcycles/sym_symphony_cargo_50_2024.php
2024,Sym Symphony SR 125,-,Scooter,125 ccm,https://bikez.com/motorcycles/sym_symphony_sr_125_2024.php
2024,Sym Symphony ST 125,-,Scooter,125 ccm,https://bikez.com/motorcycles/sym_symphony_st_125_2024.php
2024,Sym Symphony ST 125 Liquid,-,Scooter,125 ccm,https://bikez.com/motorcycles/sym_symphony_st_125_liquid_2024.php
2024,Sym Symphony ST 200,-,Scooter,169 ccm,https://bikez.com/motorcycles/sym_symphony_st_200_2024.php
2024,Sym Symphony ST 50,-,Scooter,50 ccm,https://bikez.com/motorcycles/sym_symphony_st_50_2024.php
2024,Sym VF 125,-,Scooter,123 ccm,https://bikez.com/motorcycles/sym_vf_125_2024.php
2024,Sym VF 185,Show rating,Scooter,183 ccm,https://bikez.com/motorcycles/sym_vf_185_2024.php
2024,Sym X Pro 125,-,Scooter,125 ccm,https://bikez.com/motorcycles/sym_x_pro_125_2024.php
2024,Sym X Pro 50,-,Scooter,49 ccm,https://bikez.com/motorcycles/sym_x_pro_50_2024.php
2024,Tao Motor DB100,-,"Minibike, cross",105 ccm,https://bikez.com/motorcycles/tao_motor_db100_2024.php
2024,Thumpstar TSN 250,-,Trial,250 ccm,https://bikez.com/motorcycles/thumpstar_tsn_250_2024.php
2024,TM Racing MX 125 2T,-,Cross/motocross,125 ccm,https://bikez.com/motorcycles/tm_racing_mx_125_2t_2024.php
2024,TM Racing MX 144 2T,-,Cross/motocross,143 ccm,https://bikez.com/motorcycles/tm_racing_mx_144_2t_2024.php
2024,TM Racing MX 250 ES 2T,-,Cross/motocross,249 ccm,https://bikez.com/motorcycles/tm_racing_mx_250_es_2t_2024.php
2024,TM Racing MX 250 ES Fi 4T,-,Cross/motocross,250 ccm,https://bikez.com/motorcycles/tm_racing_mx_250_es_fi_4t_2024.php
2024,TM Racing MX 300 ES Fi 4T,-,Cross/motocross,299 ccm,https://bikez.com/motorcycles/tm_racing_mx_300_es_fi_4t_2024.php
2024,TM Racing MX 450 Fi 4T,-,Cross/motocross,449 ccm,https://bikez.com/motorcycles/tm_racing_mx_450_fi_4t_2024.php
2024,TM Racing MX 85 2T Junior,-,Cross/motocross,85 ccm,https://bikez.com/motorcycles/tm_racing_mx_85_2t_junior_2024.php
2024,Triumph Bonneville Bobber,-,Allround,1200 ccm,https://bikez.com/motorcycles/triumph_bonneville_bobber_2024.php
2024,Triumph Bonneville Bobber Chrome Edition,-,Allround,1200 ccm,https://bikez.com/motorcycles/triumph_bonneville_bobber_chrome_edition_2024.php
2024,Triumph Bonneville Bobber Purple Stealth Edition,-,Allround,1200 ccm,https://bikez.com/motorcycles/triumph_bonneville_bobber_purple_stealth_edition_2024.php
2024,Triumph Bonneville Speedmaster,Show rating,Classic,1200 ccm,https://bikez.com/motorcycles/triumph_bonneville_speedmaster_2024.php
2024,Triumph Bonneville T100,-,Allround,900 ccm,https://bikez.com/motorcycles/triumph_bonneville_t100_2024.php
2024,Triumph Bonneville T100 Chrome Edition,-,Allround,900 ccm,https://bikez.com/motorcycles/triumph_bonneville_t100_chrome_edition_2024.php
2024,Triumph Bonneville T100 Stealth Edition,-,Allround,900 ccm,https://bikez.com/motorcycles/triumph_bonneville_t100_stealth_edition_2024.php
2024,Triumph Bonneville T120,-,Classic,1200 ccm,https://bikez.com/motorcycles/triumph_bonneville_t120_2024.php
2024,Triumph Bonneville T120 Blue Stealth Edition,-,Classic,1200 ccm,https://bikez.com/motorcycles/triumph_bonneville_t120_blue_stealth_edition_2024.php
2024,Triumph Daytona 660,-,Sport,660 ccm,https://bikez.com/motorcycles/triumph_daytona_660_2024.php
2024,Triumph Rocket 3 GT,-,Custom/cruiser,2458 ccm,https://bikez.com/motorcycles/triumph_rocket_3_gt_2024.php
2024,Triumph Rocket 3 GT Chrome Edition,-,Custom/cruiser,2458 ccm,https://bikez.com/motorcycles/triumph_rocket_3_gt_chrome_edition_2024.php
2024,Triumph Rocket 3 R,-,Custom/cruiser,2458 ccm,https://bikez.com/motorcycles/triumph_rocket_3_r_2024.php
2024,Triumph Rocket 3 R Chrome Edition,-,Custom/cruiser,2458 ccm,https://bikez.com/motorcycles/triumph_rocket_3_r_chrome_edition_2024.php
2024,Triumph Scrambler 1200 X,-,Classic,1200 ccm,https://bikez.com/motorcycles/triumph_scrambler_1200_x_2024.php
2024,Triumph Scrambler 1200 XE,-,Classic,1200 ccm,https://bikez.com/motorcycles/triumph_scrambler_1200_xe_2024.php
2024,Triumph Scrambler 400 X,Show rating,Sport,398 ccm,https://bikez.com/motorcycles/triumph_scrambler_400_x_2024.php
2024,Triumph Scrambler 900,-,Classic,900 ccm,https://bikez.com/motorcycles/triumph_scrambler_900_2024.php
2024,Triumph Scrambler 900 Chrome Edition,-,Classic,900 ccm,https://bikez.com/motorcycles/triumph_scrambler_900_chrome_edition_2024.php
2024,Triumph Scrambler 900 Orange Stealth Edition,-,Classic,900 ccm,https://bikez.com/motorcycles/triumph_scrambler_900_orange_stealth_edition_2024.php
2024,Triumph Speed 400,Show rating,Sport,398 ccm,https://bikez.com/motorcycles/triumph_speed_400_2024.php
2024,Triumph Speed Triple 1200 RS,-,Naked bike,1160 ccm,https://bikez.com/motorcycles/triumph_speed_triple_1200_rs_2024.php
2024,Triumph Speed Twin 1200,Show rating,Classic,1200 ccm,https://bikez.com/motorcycles/triumph_speed_twin_1200_2024.php
2024,Triumph Speed Twin 900,-,Classic,900 ccm,https://bikez.com/motorcycles/triumph_speed_twin_900_2024.php
2024,Triumph Speed Twin 900 Chrome Edition,-,Classic,900 ccm,https://bikez.com/motorcycles/triumph_speed_twin_900_chrome_edition_2024.php
2024,Triumph Speed Twin 900 Stealth Edition,-,Classic,900 ccm,https://bikez.com/motorcycles/triumph_speed_twin_900_stealth_edition_2024.php
2024,Triumph Street Triple 765 Moto2 Edition,Show rating,Naked bike,765 ccm,https://bikez.com/motorcycles/triumph_street_triple_765_moto2_edition_2024.php
2024,Triumph Street Triple 765 R,-,Naked bike,765 ccm,https://bikez.com/motorcycles/triumph_street_triple_765_r_2024.php
2024,Triumph Street Triple 765 RS,Show rating,Naked bike,765 ccm,https://bikez.com/motorcycles/triumph_street_triple_765_rs_2024.php
2024,Triumph TF 250-X,-,"Minibike, cross",250 ccm,https://bikez.com/motorcycles/triumph_tf_250-x_2024.php
2024,Triumph Thruxton 1200 Final Edition,-,Classic,1200 ccm,https://bikez.com/motorcycles/triumph_thruxton_1200_final_edition_2024.php
2024,Triumph Tiger 1200 GT,-,Allround,1160 ccm,https://bikez.com/motorcycles/triumph_tiger_1200_gt_2024.php
2024,Triumph Tiger 1200 GT Explorer,-,Allround,1160 ccm,https://bikez.com/motorcycles/triumph_tiger_1200_gt_explorer_2024.php
2024,Triumph Tiger 1200 GT Pro,-,Allround,1160 ccm,https://bikez.com/motorcycles/triumph_tiger_1200_gt_pro_2024.php
2024,Triumph Tiger 1200 Rally Explorer,-,Allround,1160 ccm,https://bikez.com/motorcycles/triumph_tiger_1200_rally_explorer_2024.php
2024,Triumph Tiger 1200 Rally Pro,-,Allround,1160 ccm,https://bikez.com/motorcycles/triumph_tiger_1200_rally_pro_2024.php
2024,Triumph Tiger 850 Sport,Show rating,Sport,888 ccm,https://bikez.com/motorcycles/triumph_tiger_850_sport_2024.php
2024,Triumph Tiger 900 GT,-,Enduro/offroad,888 ccm,https://bikez.com/motorcycles/triumph_tiger_900_gt_2024.php
2024,Triumph Tiger 900 GT Pro,-,Enduro/offroad,888 ccm,https://bikez.com/motorcycles/triumph_tiger_900_gt_pro_2024.php
2024,Triumph Tiger 900 Rally Pro,-,Enduro/offroad,888 ccm,https://bikez.com/motorcycles/triumph_tiger_900_rally_pro_2024.php
2024,Triumph Tiger Sport 660,-,Allround,660 ccm,https://bikez.com/motorcycles/triumph_tiger_sport_660_2024.php
2024,Triumph Trident 660,-,Naked bike,660 ccm,https://bikez.com/motorcycles/triumph_trident_660_2024.php
2024,TRS On-E Balance 16,-,"Minibike, cross",Electric,https://bikez.com/motorcycles/trs_on-e_balance_16_2024.php
2024,TRS One 125,-,Trial,125 ccm,https://bikez.com/motorcycles/trs_one_125_2024.php
2024,TRS One 250,-,Trial,248 ccm,https://bikez.com/motorcycles/trs_one_250_2024.php
2024,TRS One 280,-,Trial,272 ccm,https://bikez.com/motorcycles/trs_one_280_2024.php
2024,TRS One 300,-,Trial,294 ccm,https://bikez.com/motorcycles/trs_one_300_2024.php
2024,TRS One RR 125,-,Trial,124 ccm,https://bikez.com/motorcycles/trs_one_rr_125_2024.php
2024,TRS TRRS One RR 125,-,Trial,124 ccm,https://bikez.com/motorcycles/trs_trrs_one_rr_125_2024.php
2024,TRS TRRS One RR 250,-,Trial,248 ccm,https://bikez.com/motorcycles/trs_trrs_one_rr_250_2024.php
2024,TRS TRRS One RR 280,-,Trial,272 ccm,https://bikez.com/motorcycles/trs_trrs_one_rr_280_2024.php
2024,TRS TRRS One RR 300,-,Trial,294 ccm,https://bikez.com/motorcycles/trs_trrs_one_rr_300_2024.php
2024,TRS TRRS One RR 80,-,Trial,80 ccm,https://bikez.com/motorcycles/trs_trrs_one_rr_80_2024.php
2024,TRS XTrack One 125,-,Trial,125 ccm,https://bikez.com/motorcycles/trs_xtrack_one_125_2024.php
2024,TRS XTrack One 300,-,Trial,294 ccm,https://bikez.com/motorcycles/trs_xtrack_one_300_2024.php
2024,TVS Apache RR310,-,Sport,312 ccm,https://bikez.com/motorcycles/tvs_apache_rr310_2024.php
2024,TVS Apache RTR 165RP,-,Sport,165 ccm,https://bikez.com/motorcycles/tvs_apache_rtr_165rp_2024.php
2024,TVS Apache RTR 200 4V,-,Sport,198 ccm,https://bikez.com/motorcycles/tvs_apache_rtr_200_4v_2024.php
2024,TVS Jupiter 110,-,Scooter,110 ccm,https://bikez.com/motorcycles/tvs_jupiter_110_2024.php
2024,TVS Jupiter 125,-,Scooter,125 ccm,https://bikez.com/motorcycles/tvs_jupiter_125_2024.php
2024,TVS Jupiter SMW 110,-,Scooter,110 ccm,https://bikez.com/motorcycles/tvs_jupiter_smw_110_2024.php
2024,TVS Neo AMI,-,Scooter,125 ccm,https://bikez.com/motorcycles/tvs_neo_ami_2024.php
2024,TVS NTorq 125,-,Scooter,125 ccm,https://bikez.com/motorcycles/tvs_ntorq_125_2024.php
2024,TVS Radeon,-,Allround,110 ccm,https://bikez.com/motorcycles/tvs_radeon_2024.php
2024,TVS Raider 125,-,Allround,125 ccm,https://bikez.com/motorcycles/tvs_raider_125_2024.php
2024,TVS Scooty Pep Plus,-,Scooter,88 ccm,https://bikez.com/motorcycles/tvs_scooty_pep_plus_2024.php
2024,TVS Sport,-,Allround,110 ccm,https://bikez.com/motorcycles/tvs_sport_2024.php
2024,TVS Star City,-,Sport,110 ccm,https://bikez.com/motorcycles/tvs_star_city_2024.php
2024,TVS XL 100,-,Scooter,100 ccm,https://bikez.com/motorcycles/tvs_xl_100_2024.php
2024,TVS Zest 110,-,Scooter,110 ccm,https://bikez.com/motorcycles/tvs_zest_110_2024.php
2024,Ultra Ground Pounder Rigid 330,-,Custom/cruiser,1852 ccm,https://bikez.com/motorcycles/ultra_ground_pounder_rigid_330_2024.php
2024,UM Scrambler X Cafe 125,-,Naked bike,125 ccm,https://bikez.com/motorcycles/um_scrambler_x_cafe_125_2024.php
2024,Ural Electric,-,Prototype/concept model,Electric,https://bikez.com/motorcycles/ural_electric_2024.php
2024,Ural Gear Up Expedition,-,Classic,749 ccm,https://bikez.com/motorcycles/ural_gear_up_expedition_2024.php
2024,Ural Gear Up Standard,-,Classic,749 ccm,https://bikez.com/motorcycles/ural_gear_up_standard_2024.php
2024,Velocifero Beachmad 3000W,-,Allround,Electric,https://bikez.com/motorcycles/velocifero_beachmad_3000w_2024.php
2024,Velocifero Oliver 3000W,-,Scooter,Electric,https://bikez.com/motorcycles/velocifero_oliver_3000w_2024.php
2024,Vent Skate 50,-,Super motard,50 ccm,https://bikez.com/motorcycles/vent_skate_50_2024.php
2024,Verge TS,-,Sport,Electric,https://bikez.com/motorcycles/verge_ts_2024.php
2024,Verge TS Pro,-,Sport,Electric,https://bikez.com/motorcycles/verge_ts_pro_2024.php
2024,Verge TS Ultra,-,Sport,Electric,https://bikez.com/motorcycles/verge_ts_ultra_2024.php
2024,Vertigo Linko 125,-,Trial,125 ccm,https://bikez.com/motorcycles/vertigo_linko_125_2024.php
2024,Vespa 946 Dragon,-,Scooter,155 ccm,https://bikez.com/motorcycles/vespa_946_dragon_2024.php
2024,Vespa Elettrica 45 kmh,-,Scooter,Electric,https://bikez.com/motorcycles/vespa_elettrica_45_kmh_2024.php
2024,Vespa GTS 125,-,Scooter,124 ccm,https://bikez.com/motorcycles/vespa_gts_125_2024.php
2024,Vespa GTS 300,-,Scooter,278 ccm,https://bikez.com/motorcycles/vespa_gts_300_2024.php
2024,Vespa GTS Super 125,-,Scooter,125 ccm,https://bikez.com/motorcycles/vespa_gts_super_125_2024.php
2024,Vespa GTS Super 125 Sport,-,Scooter,124 ccm,https://bikez.com/motorcycles/vespa_gts_super_125_sport_2024.php
2024,Vespa GTS Super 300,-,Scooter,278 ccm,https://bikez.com/motorcycles/vespa_gts_super_300_2024.php
2024,Vespa GTS Super 300 Sport,-,Scooter,278 ccm,https://bikez.com/motorcycles/vespa_gts_super_300_sport_2024.php
2024,Vespa GTS Super 300 Tech,-,Scooter,278 ccm,https://bikez.com/motorcycles/vespa_gts_super_300_tech_2024.php
2024,Vespa GTV 300,-,Scooter,278 ccm,https://bikez.com/motorcycles/vespa_gtv_300_2024.php
2024,Vespa Primavera 50,-,Scooter,49 ccm,https://bikez.com/motorcycles/vespa_primavera_50_2024.php
2024,Vespa Primavera Color Vibe 50,-,Scooter,49 ccm,https://bikez.com/motorcycles/vespa_primavera_color_vibe_50_2024.php
2024,Vespa Primavera Elettrica,-,Scooter,Electric,https://bikez.com/motorcycles/vespa_primavera_elettrica_2024.php
2024,Vespa Primavera Mickey Mouse 150,-,Scooter,155 ccm,https://bikez.com/motorcycles/vespa_primavera_mickey_mouse_150_2024.php
2024,Vespa Primavera S 125,-,Scooter,124 ccm,https://bikez.com/motorcycles/vespa_primavera_s_125_2024.php
2024,Vespa Sprint 125,-,Scooter,124 ccm,https://bikez.com/motorcycles/vespa_sprint_125_2024.php
2024,Vespa Sprint 50,-,Scooter,50 ccm,https://bikez.com/motorcycles/vespa_sprint_50_2024.php
2024,Vespa Sprint S 150,-,Scooter,155 ccm,https://bikez.com/motorcycles/vespa_sprint_s_150_2024.php
2024,Vespa Sprint S Elettrica,-,Scooter,Electric,https://bikez.com/motorcycles/vespa_sprint_s_elettrica_2024.php
2024,Viarelli Essenza 125,-,Scooter,125 ccm,https://bikez.com/motorcycles/viarelli_essenza_125_2024.php
2024,Vins Duecinquanta Competizione,-,Sport,250 ccm,https://bikez.com/motorcycles/vins_duecinquanta_competizione_2024.php
2024,Vmoto OFF-R,-,Enduro/offroad,Electric,https://bikez.com/motorcycles/vmoto_off-r_2024.php
2024,Vmoto ON-R,-,Super motard,Electric,https://bikez.com/motorcycles/vmoto_on-r_2024.php
2024,Vmoto Stash,-,Allround,Electric,https://bikez.com/motorcycles/vmoto_stash_2024.php
2024,Voge Sfida SR1,-,Scooter,125 ccm,https://bikez.com/motorcycles/voge_sfida_sr1_2024.php
2024,Voge Sfida SR3,-,Scooter,244 ccm,https://bikez.com/motorcycles/voge_sfida_sr3_2024.php
2024,Volta RSX3,-,Scooter,125 ccm,https://bikez.com/motorcycles/volta_rsx3_2024.php
2024,WK Maveric 125,-,"Minibike, sport",124 ccm,https://bikez.com/motorcycles/wk_maveric_125_2024.php
2024,Yamaha AG200F,-,Enduro/offroad,196 ccm,https://bikez.com/motorcycles/yamaha_ag200f_2024.php
2024,Yamaha Bolt R-Spec,-,Custom/cruiser,942 ccm,https://bikez.com/motorcycles/yamaha_bolt_r-spec_2024.php
2024,Yamaha Crux,-,Allround,106 ccm,https://bikez.com/motorcycles/yamaha_crux_2024.php
2024,Yamaha Delight 125,-,Scooter,125 ccm,https://bikez.com/motorcycles/yamaha_delight_125_2024.php
2024,Yamaha Fazer,-,Sport,153 ccm,https://bikez.com/motorcycles/yamaha_fazer_2024.php
2024,Yamaha FJR1300ES,Show rating,Sport touring,1298 ccm,https://bikez.com/motorcycles/yamaha_fjr1300es_2024.php
2024,Yamaha Grizzly 90,-,ATV,90 ccm,https://bikez.com/motorcycles/yamaha_grizzly_90_2024.php
2024,Yamaha Grizzly EPS,-,ATV,686 ccm,https://bikez.com/motorcycles/yamaha_grizzly_eps_2024.php
2024,Yamaha Grizzly EPS SE,-,ATV,686 ccm,https://bikez.com/motorcycles/yamaha_grizzly_eps_se_2024.php
2024,Yamaha Grizzly EPS XT-R,-,ATV,686 ccm,https://bikez.com/motorcycles/yamaha_grizzly_eps_xt-r_2024.php
2024,Yamaha Kodiak 450,-,ATV,421 ccm,https://bikez.com/motorcycles/yamaha_kodiak_450_2024.php
2024,Yamaha Kodiak 700 EPS SE,-,ATV,686 ccm,https://bikez.com/motorcycles/yamaha_kodiak_700_eps_se_2024.php
2024,Yamaha MT-03,Show rating,Sport,321 ccm,https://bikez.com/motorcycles/yamaha_mt-03_2024.php
2024,Yamaha MT-07,Show rating,Sport,689 ccm,https://bikez.com/motorcycles/yamaha_mt-07_2024.php
2024,Yamaha MT-07-Pure,-,Sport,689 ccm,https://bikez.com/motorcycles/yamaha_mt-07-pure_2024.php
2024,Yamaha MT-09,Show rating,Naked bike,890 ccm,https://bikez.com/motorcycles/yamaha_mt-09_2024.php
2024,Yamaha MT-09 SP,Show rating,Naked bike,890 ccm,https://bikez.com/motorcycles/yamaha_mt-09_sp_2024.php
2024,Yamaha MT-10,-,Naked bike,998 ccm,https://bikez.com/motorcycles/yamaha_mt-10_2024.php
2024,Yamaha MT-10 SP,-,Naked bike,998 ccm,https://bikez.com/motorcycles/yamaha_mt-10_sp_2024.php
2024,Yamaha MT-125,-,Naked bike,125 ccm,https://bikez.com/motorcycles/yamaha_mt-125_2024.php
2024,Yamaha Niken GT,-,Naked bike,890 ccm,https://bikez.com/motorcycles/yamaha_niken_gt_2024.php
2024,Yamaha NMAX 125,Show rating,Scooter,125 ccm,https://bikez.com/motorcycles/yamaha_nmax_125_2024.php
2024,Yamaha PW50,-,"Minibike, cross",49 ccm,https://bikez.com/motorcycles/yamaha_pw50_2024.php
2024,Yamaha R1,-,Sport,998 ccm,https://bikez.com/motorcycles/yamaha_r1_2024.php
2024,Yamaha R1 GYTR,-,Sport,998 ccm,https://bikez.com/motorcycles/yamaha_r1_gytr_2024.php
2024,Yamaha R125,Show rating,Sport,125 ccm,https://bikez.com/motorcycles/yamaha_r125_2024.php
2024,Yamaha R1M,-,Sport,998 ccm,https://bikez.com/motorcycles/yamaha_r1m_2024.php
2024,Yamaha R3,-,Sport,321 ccm,https://bikez.com/motorcycles/yamaha_r3_2024.php
2024,Yamaha R6 GYTR,-,Sport,599 ccm,https://bikez.com/motorcycles/yamaha_r6_gytr_2024.php
2024,Yamaha R6 Race,-,Sport,599 ccm,https://bikez.com/motorcycles/yamaha_r6_race_2024.php
2024,Yamaha R7,-,Sport,689 ccm,https://bikez.com/motorcycles/yamaha_r7_2024.php
2024,Yamaha R7  World GP 60th Anniversary,-,Sport,689 ccm,https://bikez.com/motorcycles/yamaha_r7_world_gp_60th_anniversary_2024.php
2024,Yamaha R7-R7LA,-,Sport,655 ccm,https://bikez.com/motorcycles/yamaha_r7-r7la_2024.php
2024,Yamaha Raptor 700,-,ATV,686 ccm,https://bikez.com/motorcycles/yamaha_raptor_700_2024.php
2024,Yamaha Raptor 700R,-,ATV,686 ccm,https://bikez.com/motorcycles/yamaha_raptor_700r_2024.php
2024,Yamaha Raptor 700R SE,-,ATV,686 ccm,https://bikez.com/motorcycles/yamaha_raptor_700r_se_2024.php
2024,Yamaha RayZR,-,Scooter,125 ccm,https://bikez.com/motorcycles/yamaha_rayzr_2024.php
2024,Yamaha Super Tenere ES,-,Super motard,1199 ccm,https://bikez.com/motorcycles/yamaha_super_tenere_es_2024.php
2024,Yamaha Tenere 700,Show rating,Sport touring,689 ccm,https://bikez.com/motorcycles/yamaha_tenere_700_2024.php
2024,Yamaha Tenere 700 Explore,-,Sport touring,689 ccm,https://bikez.com/motorcycles/yamaha_tenere_700_explore_2024.php
2024,Yamaha Tenere 700 Extreme,-,Sport touring,689 ccm,https://bikez.com/motorcycles/yamaha_tenere_700_extreme_2024.php
2024,Yamaha Tenere 700 World Raid,-,Sport touring,689 ccm,https://bikez.com/motorcycles/yamaha_tenere_700_world_raid_2024.php
2024,Yamaha Tenere 700 World Rally,-,Sport touring,689 ccm,https://bikez.com/motorcycles/yamaha_tenere_700_world_rally_2024.php
2024,Yamaha TMAX Tech Max,Show rating,Scooter,562 ccm,https://bikez.com/motorcycles/yamaha_tmax_tech_max_2024.php
2024,Yamaha Tracer 9 GT Plus,Show rating,Sport touring,890 ccm,https://bikez.com/motorcycles/yamaha_tracer_9_gt_plus_2024.php
2024,Yamaha Tricity 125,-,Scooter,125 ccm,https://bikez.com/motorcycles/yamaha_tricity_125_2024.php
2024,Yamaha Tricity 300,-,Scooter,292 ccm,https://bikez.com/motorcycles/yamaha_tricity_300_2024.php
2024,Yamaha TT-R110,-,Enduro/offroad,110 ccm,https://bikez.com/motorcycles/yamaha_tt-r110_2024.php
2024,Yamaha TT-R110E,-,Enduro/offroad,110 ccm,https://bikez.com/motorcycles/yamaha_tt-r110e_2024.php
2024,Yamaha TT-R125,-,Enduro/offroad,124 ccm,https://bikez.com/motorcycles/yamaha_tt-r125_2024.php
2024,Yamaha TT-R125LE,-,Enduro/offroad,124 ccm,https://bikez.com/motorcycles/yamaha_tt-r125le_2024.php
2024,Yamaha TT-R230,-,Enduro/offroad,223 ccm,https://bikez.com/motorcycles/yamaha_tt-r230_2024.php
2024,Yamaha TT-R50,-,"Minibike, cross",49 ccm,https://bikez.com/motorcycles/yamaha_tt-r50_2024.php
2024,Yamaha TT-R50E,-,"Minibike, cross",49 ccm,https://bikez.com/motorcycles/yamaha_tt-r50e_2024.php
2024,Yamaha TW200,-,Enduro/offroad,196 ccm,https://bikez.com/motorcycles/yamaha_tw200_2024.php
2024,Yamaha V Star 250,-,Custom/cruiser,249 ccm,https://bikez.com/motorcycles/yamaha_v_star_250_2024.php
2024,Yamaha WR250F,-,Enduro/offroad,250 ccm,https://bikez.com/motorcycles/yamaha_wr250f_2024.php
2024,Yamaha WR450F,-,Enduro/offroad,450 ccm,https://bikez.com/motorcycles/yamaha_wr450f_2024.php
2024,Yamaha X-MAX 125 Tech Max,-,Scooter,125 ccm,https://bikez.com/motorcycles/yamaha_x-max_125_tech_max_2024.php
2024,Yamaha X-MAX 300,-,Scooter,292 ccm,https://bikez.com/motorcycles/yamaha_x-max_300_2024.php
2024,Yamaha X-MAX 300 Tech Max,-,Scooter,292 ccm,https://bikez.com/motorcycles/yamaha_x-max_300_tech_max_2024.php
2024,Yamaha XMAX 125,-,Scooter,125 ccm,https://bikez.com/motorcycles/yamaha_xmax_125_2024.php
2024,Yamaha XSR125,-,Naked bike,124 ccm,https://bikez.com/motorcycles/yamaha_xsr125_2024.php
2024,Yamaha XSR125 Legacy,-,Classic,124 ccm,https://bikez.com/motorcycles/yamaha_xsr125_legacy_2024.php
2024,Yamaha XSR700,-,Classic,689 ccm,https://bikez.com/motorcycles/yamaha_xsr700_2024.php
2024,Yamaha XSR900,Show rating,Classic,890 ccm,https://bikez.com/motorcycles/yamaha_xsr900_2024.php
2024,Yamaha XSR900 GP,-,Classic,890 ccm,https://bikez.com/motorcycles/yamaha_xsr900_gp_2024.php
2024,Yamaha XT250,-,Trial,249 ccm,https://bikez.com/motorcycles/yamaha_xt250_2024.php
2024,Yamaha YFZ450R,-,ATV,449 ccm,https://bikez.com/motorcycles/yamaha_yfz450r_2024.php
2024,Yamaha YFZ450R SE,-,ATV,449 ccm,https://bikez.com/motorcycles/yamaha_yfz450r_se_2024.php
2024,Yamaha YZ125,-,Cross/motocross,125 ccm,https://bikez.com/motorcycles/yamaha_yz125_2024.php
2024,Yamaha YZ125 50th Anniversary Edition,-,Cross/motocross,125 ccm,https://bikez.com/motorcycles/yamaha_yz125_50th_anniversary_edition_2024.php
2024,Yamaha YZ125X,-,Enduro/offroad,125 ccm,https://bikez.com/motorcycles/yamaha_yz125x_2024.php
2024,Yamaha YZ250,-,Cross/motocross,249 ccm,https://bikez.com/motorcycles/yamaha_yz250_2024.php
2024,Yamaha YZ250 50th Anniversary Edition,-,Cross/motocross,249 ccm,https://bikez.com/motorcycles/yamaha_yz250_50th_anniversary_edition_2024.php
2024,Yamaha YZ250F,-,Cross/motocross,250 ccm,https://bikez.com/motorcycles/yamaha_yz250f_2024.php
2024,Yamaha YZ250F 50th Anniversary Edition,-,Cross/motocross,250 ccm,https://bikez.com/motorcycles/yamaha_yz250f_50th_anniversary_edition_2024.php
2024,Yamaha YZ250FX,-,Enduro/offroad,250 ccm,https://bikez.com/motorcycles/yamaha_yz250fx_2024.php
2024,Yamaha YZ250X,-,Enduro/offroad,249 ccm,https://bikez.com/motorcycles/yamaha_yz250x_2024.php
2024,Yamaha YZ450F,-,Cross/motocross,450 ccm,https://bikez.com/motorcycles/yamaha_yz450f_2024.php
2024,Yamaha YZ450F 50th Anniversary Edition,-,Cross/motocross,450 ccm,https://bikez.com/motorcycles/yamaha_yz450f_50th_anniversary_edition_2024.php
2024,Yamaha YZ450FX,-,Enduro/offroad,450 ccm,https://bikez.com/motorcycles/yamaha_yz450fx_2024.php
2024,Yamaha YZ65,-,Enduro/offroad,65 ccm,https://bikez.com/motorcycles/yamaha_yz65_2024.php
2024,Yamaha YZ85,-,Cross/motocross,85 ccm,https://bikez.com/motorcycles/yamaha_yz85_2024.php
2024,Yamaha YZ85LW,-,Enduro/offroad,85 ccm,https://bikez.com/motorcycles/yamaha_yz85lw_2024.php
2024,Yamaha YZF-R1,-,Sport,998 ccm,https://bikez.com/motorcycles/yamaha_yzf-r1_2024.php
2024,Yamaha YZF-R15,-,Sport,150 ccm,https://bikez.com/motorcycles/yamaha_yzf-r15_2024.php
2024,Yamaha YZF-R1M,-,Sport,998 ccm,https://bikez.com/motorcycles/yamaha_yzf-r1m_2024.php
2024,Yamaha YZF-R3,-,Sport,321 ccm,https://bikez.com/motorcycles/yamaha_yzf-r3_2024.php
2024,Yamaha YZF-R7,-,Sport,689 ccm,https://bikez.com/motorcycles/yamaha_yzf-r7_2024.php
2024,Yamaha YZF-R7HO,-,Sport,689 ccm,https://bikez.com/motorcycles/yamaha_yzf-r7ho_2024.php
2024,Yamaha YZF-R7LA,-,Sport,655 ccm,https://bikez.com/motorcycles/yamaha_yzf-r7la_2024.php
2024,Yamaha Zuma 125,-,Scooter,125 ccm,https://bikez.com/motorcycles/yamaha_zuma_125_2024.php
2024,YObykes Electron DX,-,Scooter,Electric,https://bikez.com/motorcycles/yobykes_electron_dx_2024.php
2024,Zero DSR X,-,Super motard,Electric,https://bikez.com/motorcycles/zero_dsr_x_2024.php
2024,Zero FXE,-,Super motard,Electric,https://bikez.com/motorcycles/zero_fxe_2024.php
2024,Zero SR-S,-,Sport,Electric,https://bikez.com/motorcycles/zero_sr-s_2024.php
2024,ZEV LRC 15,-,Scooter,Electric,https://bikez.com/motorcycles/zev_lrc_15_2024.php
2024,Znen A9,-,Scooter,50 ccm,https://bikez.com/motorcycles/znen_a9_2024.php
2024,Znen Aurora II 50,-,Scooter,50 ccm,https://bikez.com/motorcycles/znen_aurora_ii_50_2024.php
2024,Znen F11,-,Scooter,50 ccm,https://bikez.com/motorcycles/znen_f11_2024.php
2024,Znen P55 Flamingo,-,Scooter,300 ccm,https://bikez.com/motorcycles/znen_p55_flamingo_2024.php
2024,Znen R9,-,Scooter,50 ccm,https://bikez.com/motorcycles/znen_r9_2024.php
2024,Zongshen Yomi,-,Custom/cruiser,150 ccm,https://bikez.com/motorcycles/zongshen_yomi_2024.php
2024,Zontes ZT125-M,-,Scooter,125 ccm,https://bikez.com/motorcycles/zontes_zt125-m_2024.php
2025,Access Xtreme Enduro 450 EFI,-,ATV,449 ccm,https://bikez.com/motorcycles/access_xtreme_enduro_450_efi_2025.php
2025,Access Xtreme Enduro SP400S,-,ATV,359 ccm,https://bikez.com/motorcycles/access_xtreme_enduro_sp400s_2025.php
2025,Access Xtreme Mini 100,-,ATV,96 ccm,https://bikez.com/motorcycles/access_xtreme_mini_100_2025.php
2025,Access Xtreme Supermoto 450 EFI,-,ATV,449 ccm,https://bikez.com/motorcycles/access_xtreme_supermoto_450_efi_2025.php
2025,Aeon Ai-1 More,-,Scooter,Electric,https://bikez.com/motorcycles/aeon_ai-1_more_2025.php
2025,Aeon CO-IN 125i,-,Scooter,125 ccm,https://bikez.com/motorcycles/aeon_co-in_125i_2025.php
2025,Aeon Crossland 600,-,ATV,565 ccm,https://bikez.com/motorcycles/aeon_crossland_600_2025.php
2025,AJS Digita 50,-,Scooter,49 ccm,https://bikez.com/motorcycles/ajs_digita_50_2025.php
2025,AJS Tempest Roadster 125,-,Allround,124 ccm,https://bikez.com/motorcycles/ajs_tempest_roadster_125_2025.php
2025,Apollino RFZ 70,-,"Minibike, cross",70 ccm,https://bikez.com/motorcycles/apollino_rfz_70_2025.php
2025,Aprilia RS 125,-,Sport,124 ccm,https://bikez.com/motorcycles/aprilia_rs_125_2025.php
2025,Aprilia RS 457,-,Sport,457 ccm,https://bikez.com/motorcycles/aprilia_rs_457_2025.php
2025,Aprilia RS 660,-,Sport,659 ccm,https://bikez.com/motorcycles/aprilia_rs_660_2025.php
2025,Aprilia RS 660 35kW,-,Sport,659 ccm,https://bikez.com/motorcycles/aprilia_rs_660_35kw_2025.php
2025,Aprilia RS 660 Extrema,-,Sport,659 ccm,https://bikez.com/motorcycles/aprilia_rs_660_extrema_2025.php
2025,Aprilia RS 660 Factory,-,Sport,659 ccm,https://bikez.com/motorcycles/aprilia_rs_660_factory_2025.php
2025,Aprilia RSV4 1100,-,Sport,1099 ccm,https://bikez.com/motorcycles/aprilia_rsv4_1100_2025.php
2025,Aprilia RSV4 Factory 1100,-,Sport,1099 ccm,https://bikez.com/motorcycles/aprilia_rsv4_factory_1100_2025.php
2025,Aprilia RSV4 Factory SE-09 SBK 1100,-,Sport,1099 ccm,https://bikez.com/motorcycles/aprilia_rsv4_factory_se-09_sbk_1100_2025.php
2025,Aprilia RX 125,-,Enduro/offroad,124 ccm,https://bikez.com/motorcycles/aprilia_rx_125_2025.php
2025,Aprilia SR 125,Show rating,Scooter,125 ccm,https://bikez.com/motorcycles/aprilia_sr_125_2025.php
2025,Aprilia SR 160,-,Scooter,160 ccm,https://bikez.com/motorcycles/aprilia_sr_160_2025.php
2025,Aprilia SR GT 125,-,Scooter,125 ccm,https://bikez.com/motorcycles/aprilia_sr_gt_125_2025.php
2025,Aprilia SR GT 200,-,Scooter,174 ccm,https://bikez.com/motorcycles/aprilia_sr_gt_200_2025.php
2025,Aprilia SR GT Replica 125,-,Scooter,125 ccm,https://bikez.com/motorcycles/aprilia_sr_gt_replica_125_2025.php
2025,Aprilia SR GT Sport 125,-,Scooter,125 ccm,https://bikez.com/motorcycles/aprilia_sr_gt_sport_125_2025.php
2025,Aprilia SR GT Sport 200,-,Scooter,174 ccm,https://bikez.com/motorcycles/aprilia_sr_gt_sport_200_2025.php
2025,Aprilia SR Storm 125,-,Scooter,125 ccm,https://bikez.com/motorcycles/aprilia_sr_storm_125_2025.php
2025,Aprilia SX 125,-,Super motard,124 ccm,https://bikez.com/motorcycles/aprilia_sx_125_2025.php
2025,Aprilia SXR 50,-,Scooter,49 ccm,https://bikez.com/motorcycles/aprilia_sxr_50_2025.php
2025,Aprilia Tuareg 660,-,Super motard,659 ccm,https://bikez.com/motorcycles/aprilia_tuareg_660_2025.php
2025,Aprilia Tuono 125,-,Naked bike,124 ccm,https://bikez.com/motorcycles/aprilia_tuono_125_2025.php
2025,Aprilia Tuono 457,-,Naked bike,457 ccm,https://bikez.com/motorcycles/aprilia_tuono_457_2025.php
2025,Aprilia Tuono 660,-,Sport,659 ccm,https://bikez.com/motorcycles/aprilia_tuono_660_2025.php
2025,Aprilia Tuono 660 Factory,-,Sport,659 ccm,https://bikez.com/motorcycles/aprilia_tuono_660_factory_2025.php
2025,Aprilia Tuono V4,-,Sport touring,1077 ccm,https://bikez.com/motorcycles/aprilia_tuono_v4_2025.php
2025,Aprilia Tuono V4 Factory 1100,-,Sport touring,1077 ccm,https://bikez.com/motorcycles/aprilia_tuono_v4_factory_1100_2025.php
2025,Aprilia Tuono V4 Factory SE-09 SBK 1100,-,Sport touring,1077 ccm,https://bikez.com/motorcycles/aprilia_tuono_v4_factory_se-09_sbk_1100_2025.php
2025,Arch KRGT-1,-,Sport,2032 ccm,https://bikez.com/motorcycles/arch_krgt-1_2025.php
2025,Ascend Bella 50,-,Scooter,50 ccm,https://bikez.com/motorcycles/ascend_bella_50_2025.php
2025,Ascend Clash 150,-,Scooter,150 ccm,https://bikez.com/motorcycles/ascend_clash_150_2025.php
2025,Ascend Classic 150,-,Scooter,150 ccm,https://bikez.com/motorcycles/ascend_classic_150_2025.php
2025,Ascend Defender 300,-,Scooter,276 ccm,https://bikez.com/motorcycles/ascend_defender_300_2025.php
2025,Ascend F3 150,-,Scooter,150 ccm,https://bikez.com/motorcycles/ascend_f3_150_2025.php
2025,Ascend F4 200,-,Scooter,200 ccm,https://bikez.com/motorcycles/ascend_f4_200_2025.php
2025,Ascend R9 200,-,Scooter,200 ccm,https://bikez.com/motorcycles/ascend_r9_200_2025.php
2025,Ascend Tank 150,-,Scooter,150 ccm,https://bikez.com/motorcycles/ascend_tank_150_2025.php
2025,Ascend Vlad 200,-,Scooter,200 ccm,https://bikez.com/motorcycles/ascend_vlad_200_2025.php
2025,Ather 450 Apex,-,Scooter,Electric,https://bikez.com/motorcycles/ather_450_apex_2025.php
2025,Atlas Honda CD Dream,-,Allround,72 ccm,https://bikez.com/motorcycles/atlas_honda_cd_dream_2025.php
2025,Bajaj Avenger 160 Street,-,Custom/cruiser,160 ccm,https://bikez.com/motorcycles/bajaj_avenger_160_street_2025.php
2025,Bajaj Avenger 220 Cruise,-,Sport,220 ccm,https://bikez.com/motorcycles/bajaj_avenger_220_cruise_2025.php
2025,Bajaj Avenger 220 Street,-,Sport,220 ccm,https://bikez.com/motorcycles/bajaj_avenger_220_street_2025.php
2025,Bajaj CT 110X,-,Allround,115 ccm,https://bikez.com/motorcycles/bajaj_ct_110x_2025.php
2025,Bajaj Dominar 250,-,Allround,249 ccm,https://bikez.com/motorcycles/bajaj_dominar_250_2025.php
2025,Bajaj Dominar 400,-,Sport touring,373 ccm,https://bikez.com/motorcycles/bajaj_dominar_400_2025.php
2025,Bajaj Freedom NG04,-,Sport,125 ccm,https://bikez.com/motorcycles/bajaj_freedom_ng04_2025.php
2025,Bajaj Platina 100,-,Allround,102 ccm,https://bikez.com/motorcycles/bajaj_platina_100_2025.php
2025,Bajaj Platina 110 Drum,-,Allround,115 ccm,https://bikez.com/motorcycles/bajaj_platina_110_drum_2025.php
2025,Bajaj Pulsar 125,-,Sport,124 ccm,https://bikez.com/motorcycles/bajaj_pulsar_125_2025.php
2025,Bajaj Pulsar 150,-,Sport,150 ccm,https://bikez.com/motorcycles/bajaj_pulsar_150_2025.php
2025,Bajaj Pulsar 220F,-,Sport,220 ccm,https://bikez.com/motorcycles/bajaj_pulsar_220f_2025.php
2025,Bajaj Pulsar N125,-,Sport,125 ccm,https://bikez.com/motorcycles/bajaj_pulsar_n125_2025.php
2025,Bajaj Pulsar N250,-,Naked bike,250 ccm,https://bikez.com/motorcycles/bajaj_pulsar_n250_2025.php
2025,Bajaj Pulsar NS125,-,Sport,125 ccm,https://bikez.com/motorcycles/bajaj_pulsar_ns125_2025.php
2025,Bajaj Pulsar NS160,-,Naked bike,164 ccm,https://bikez.com/motorcycles/bajaj_pulsar_ns160_2025.php
2025,Bajaj Pulsar RS200,-,Sport,200 ccm,https://bikez.com/motorcycles/bajaj_pulsar_rs200_2025.php
2025,Benda LFC 700,-,Custom/cruiser,676 ccm,https://bikez.com/motorcycles/benda_lfc_700_2025.php
2025,Benda LFS 700,-,Naked bike,680 ccm,https://bikez.com/motorcycles/benda_lfs_700_2025.php
2025,Benda Napoleonbob 250,-,Custom/cruiser,249 ccm,https://bikez.com/motorcycles/benda_napoleonbob_250_2025.php
2025,Benda Napoleonbob 500,-,Custom/cruiser,476 ccm,https://bikez.com/motorcycles/benda_napoleonbob_500_2025.php
2025,Benda Rock 250,-,Custom/cruiser,249 ccm,https://bikez.com/motorcycles/benda_rock_250_2025.php
2025,Benelli  150S,-,Naked bike,150 ccm,https://bikez.com/motorcycles/benelli_150s_2025.php
2025,Benelli 180S,-,Naked bike,175 ccm,https://bikez.com/motorcycles/benelli_180s_2025.php
2025,Benelli 302S,-,Naked bike,300 ccm,https://bikez.com/motorcycles/benelli_302s_2025.php
2025,Benelli 502C,-,Allround,500 ccm,https://bikez.com/motorcycles/benelli_502c_2025.php
2025,Benelli 752 S,-,Naked bike,754 ccm,https://bikez.com/motorcycles/benelli_752_s_2025.php
2025,Benelli Imperiale 400,-,Classic,374 ccm,https://bikez.com/motorcycles/benelli_imperiale_400_2025.php
2025,Benelli Leoncino 125,-,Enduro/offroad,125 ccm,https://bikez.com/motorcycles/benelli_leoncino_125_2025.php
2025,Benelli Leoncino 250,-,Super motard,249 ccm,https://bikez.com/motorcycles/benelli_leoncino_250_2025.php
2025,Benelli Leoncino 500,-,Super motard,500 ccm,https://bikez.com/motorcycles/benelli_leoncino_500_2025.php
2025,Benelli Leoncino 500 Trail,-,Allround,500 ccm,https://bikez.com/motorcycles/benelli_leoncino_500_trail_2025.php
2025,Benelli Leoncino 800,-,Naked bike,754 ccm,https://bikez.com/motorcycles/benelli_leoncino_800_2025.php
2025,Benelli Leoncino 800 Trail,-,Enduro/offroad,754 ccm,https://bikez.com/motorcycles/benelli_leoncino_800_trail_2025.php
2025,Benelli TNT 600i,-,Naked bike,600 ccm,https://bikez.com/motorcycles/benelli_tnt_600i_2025.php
2025,Benelli Tornado Naked T 125,-,"Minibike, sport",125 ccm,https://bikez.com/motorcycles/benelli_tornado_naked_t_125_2025.php
2025,Benelli TRK 251,-,Touring,249 ccm,https://bikez.com/motorcycles/benelli_trk_251_2025.php
2025,Benelli TRK 502,-,Allround,500 ccm,https://bikez.com/motorcycles/benelli_trk_502_2025.php
2025,Benelli TRK 502 X,-,Allround,500 ccm,https://bikez.com/motorcycles/benelli_trk_502_x_2025.php
2025,Benelli TRK 702,-,Allround,698 ccm,https://bikez.com/motorcycles/benelli_trk_702_2025.php
2025,Benelli TRK 702X,Show rating,Allround,698 ccm,https://bikez.com/motorcycles/benelli_trk_702x_2025.php
2025,Beta RR 2T 250,-,Enduro/offroad,249 ccm,https://bikez.com/motorcycles/beta_rr_2t_250_2025.php
2025,Beta RR 2T 300,-,Enduro/offroad,293 ccm,https://bikez.com/motorcycles/beta_rr_2t_300_2025.php
2025,Beta RR 2T X-Pro 300,-,Enduro/offroad,293 ccm,https://bikez.com/motorcycles/beta_rr_2t_x-pro_300_2025.php
2025,Beta RR Racing 2T X-Pro 250,-,Enduro/offroad,249 ccm,https://bikez.com/motorcycles/beta_rr_racing_2t_x-pro_250_2025.php
2025,Beta RR Racing 4T 350,-,Enduro/offroad,349 ccm,https://bikez.com/motorcycles/beta_rr_racing_4t_350_2025.php
2025,Beta RR Racing 4T 390,-,Enduro/offroad,386 ccm,https://bikez.com/motorcycles/beta_rr_racing_4t_390_2025.php
2025,Beta RR Racing 4T 430,-,Enduro/offroad,431 ccm,https://bikez.com/motorcycles/beta_rr_racing_4t_430_2025.php
2025,Beta RR Racing 4T 480,-,Enduro/offroad,478 ccm,https://bikez.com/motorcycles/beta_rr_racing_4t_480_2025.php
2025,Beta RR X-Pro 2T 125,-,Enduro/offroad,125 ccm,https://bikez.com/motorcycles/beta_rr_x-pro_2t_125_2025.php
2025,Beta RR X-Pro 2T 200,-,Enduro/offroad,190 ccm,https://bikez.com/motorcycles/beta_rr_x-pro_2t_200_2025.php
2025,Beta RR X-Pro 4T 350,-,Enduro/offroad,349 ccm,https://bikez.com/motorcycles/beta_rr_x-pro_4t_350_2025.php
2025,Beta RR X-Pro 4T 390,-,Enduro/offroad,386 ccm,https://bikez.com/motorcycles/beta_rr_x-pro_4t_390_2025.php
2025,Beta RR X-Pro 4T 430,-,Enduro/offroad,431 ccm,https://bikez.com/motorcycles/beta_rr_x-pro_4t_430_2025.php
2025,Beta RX 2T 300,-,Cross/motocross,293 ccm,https://bikez.com/motorcycles/beta_rx_2t_300_2025.php
2025,Beta RX 4T 450,-,Cross/motocross,449 ccm,https://bikez.com/motorcycles/beta_rx_4t_450_2025.php
2025,Bimota KB4RC,-,Sport,1043 ccm,https://bikez.com/motorcycles/bimota_kb4rc_2025.php
2025,Bimota KB998 Rimini,-,Sport,998 ccm,https://bikez.com/motorcycles/bimota_kb998_rimini_2025.php
2025,Bimota Tesi H2 Tera,-,Sport,998 ccm,https://bikez.com/motorcycles/bimota_tesi_h2_tera_2025.php
2025,Bluroc Hero 50 EFI,-,"Minibike, cross",50 ccm,https://bikez.com/motorcycles/bluroc_hero_50_efi_2025.php
2025,Bluroc X-Bongo 125,-,"Minibike, sport",125 ccm,https://bikez.com/motorcycles/bluroc_x-bongo_125_2025.php
2025,BMW C 400 GT,-,Scooter,350 ccm,https://bikez.com/motorcycles/bmw_c_400_gt_2025.php
2025,BMW C 400 X,-,Scooter,350 ccm,https://bikez.com/motorcycles/bmw_c_400_x_2025.php
2025,BMW CE 02,-,Scooter,Electric,https://bikez.com/motorcycles/bmw_ce_02_2025.php
2025,BMW CE 04,-,Scooter,Electric,https://bikez.com/motorcycles/bmw_ce_04_2025.php
2025,BMW F 800 GS,-,Enduro/offroad,895 ccm,https://bikez.com/motorcycles/bmw_f_800_gs_2025.php
2025,BMW F 900 GS,-,Enduro/offroad,895 ccm,https://bikez.com/motorcycles/bmw_f_900_gs_2025.php
2025,BMW F 900 R,-,Sport,895 ccm,https://bikez.com/motorcycles/bmw_f_900_r_2025.php
2025,BMW F 900 XR,-,Sport,895 ccm,https://bikez.com/motorcycles/bmw_f_900_xr_2025.php
2025,BMW G 310 GS,-,Sport,313 ccm,https://bikez.com/motorcycles/bmw_g_310_gs_2025.php
2025,BMW G 310 R,-,Sport,313 ccm,https://bikez.com/motorcycles/bmw_g_310_r_2025.php
2025,BMW K 1600 B,-,Touring,1649 ccm,https://bikez.com/motorcycles/bmw_k_1600_b_2025.php
2025,BMW K 1600 Grand America,-,Touring,1649 ccm,https://bikez.com/motorcycles/bmw_k_1600_grand_america_2025.php
2025,BMW K 1600 GT,-,Touring,1649 ccm,https://bikez.com/motorcycles/bmw_k_1600_gt_2025.php
2025,BMW K 1600 GTL,-,Touring,1649 ccm,https://bikez.com/motorcycles/bmw_k_1600_gtl_2025.php
2025,BMW M 1000 R,-,Sport,999 ccm,https://bikez.com/motorcycles/bmw_m_1000_r_2025.php
2025,BMW M 1000 RR,-,Sport,999 ccm,https://bikez.com/motorcycles/bmw_m_1000_rr_2025.php
2025,BMW M 1000 XR,Show rating,Sport,999 ccm,https://bikez.com/motorcycles/bmw_m_1000_xr_2025.php
2025,BMW R 12,-,Custom/cruiser,1170 ccm,https://bikez.com/motorcycles/bmw_r_12_2025.php
2025,BMW R 12 nineT,-,Naked bike,1170 ccm,https://bikez.com/motorcycles/bmw_r_12_ninet_2025.php
2025,BMW R 12 S,-,Custom/cruiser,1170 ccm,https://bikez.com/motorcycles/bmw_r_12_s_2025.php
2025,BMW R 1300 GS,Show rating,Enduro/offroad,1300 ccm,https://bikez.com/motorcycles/bmw_r_1300_gs_2025.php
2025,BMW R 1300 GS Adventure,Show rating,Enduro/offroad,1300 ccm,https://bikez.com/motorcycles/bmw_r_1300_gs_adventure_2025.php
2025,BMW R 18,-,Custom/cruiser,1802 ccm,https://bikez.com/motorcycles/bmw_r_18_2025.php
2025,BMW R 18 B,-,Custom/cruiser,1802 ccm,https://bikez.com/motorcycles/bmw_r_18_b_2025.php
2025,BMW R 18 Classic,-,Custom/cruiser,1802 ccm,https://bikez.com/motorcycles/bmw_r_18_classic_2025.php
2025,BMW R 18 Roctane,-,Custom/cruiser,1802 ccm,https://bikez.com/motorcycles/bmw_r_18_roctane_2025.php
2025,BMW R 18 Transcontinental,Show rating,Touring,1802 ccm,https://bikez.com/motorcycles/bmw_r_18_transcontinental_2025.php
2025,BMW S 1000 R,-,Naked bike,999 ccm,https://bikez.com/motorcycles/bmw_s_1000_r_2025.php
2025,BMW S 1000 RR,Show rating,Sport,999 ccm,https://bikez.com/motorcycles/bmw_s_1000_rr_2025.php
2025,BMW S 1000 XR,-,Sport,999 ccm,https://bikez.com/motorcycles/bmw_s_1000_xr_2025.php
2025,Brixton Cromwell 250,-,Allround,249 ccm,https://bikez.com/motorcycles/brixton_cromwell_250_2025.php
2025,Brixton Crossfire 500 Storr,-,Allround,486 ccm,https://bikez.com/motorcycles/brixton_crossfire_500_storr_2025.php
2025,Brough Superior AMB 001 Pro,-,Sport,997 ccm,https://bikez.com/motorcycles/brough_superior_amb_001_pro_2025.php
2025,Can-Am Canyon,-,Allround,1330 ccm,https://bikez.com/motorcycles/can-am_canyon_2025.php
2025,Can-Am Canyon Redrock,-,Allround,1330 ccm,https://bikez.com/motorcycles/can-am_canyon_redrock_2025.php
2025,Can-Am Canyon XT,-,Allround,1330 ccm,https://bikez.com/motorcycles/can-am_canyon_xt_2025.php
2025,Can-Am Origin,-,Enduro/offroad,Electric,https://bikez.com/motorcycles/can-am_origin_2025.php
2025,Can-Am Origin 73,-,Enduro/offroad,Electric,https://bikez.com/motorcycles/can-am_origin_73_2025.php
2025,Can-Am Outlander 1000R,-,ATV,999 ccm,https://bikez.com/motorcycles/can-am_outlander_1000r_2025.php
2025,Can-Am Outlander 500,-,ATV,650 ccm,https://bikez.com/motorcycles/can-am_outlander_500_2025.php
2025,Can-Am Outlander 6x6 1000 XT,-,ATV,976 ccm,https://bikez.com/motorcycles/can-am_outlander_6x6_1000_xt_2025.php
2025,Can-Am Outlander 700,-,ATV,650 ccm,https://bikez.com/motorcycles/can-am_outlander_700_2025.php
2025,Can-Am Outlander 850,-,ATV,850 ccm,https://bikez.com/motorcycles/can-am_outlander_850_2025.php
2025,Can-Am Outlander Pro HD5,-,ATV,650 ccm,https://bikez.com/motorcycles/can-am_outlander_pro_hd5_2025.php
2025,Can-Am Outlander Pro HD7,-,ATV,650 ccm,https://bikez.com/motorcycles/can-am_outlander_pro_hd7_2025.php
2025,Can-Am Pulse,-,Sport,Electric,https://bikez.com/motorcycles/can-am_pulse_2025.php
2025,Can-Am Pulse 73,-,Sport,Electric,https://bikez.com/motorcycles/can-am_pulse_73_2025.php
2025,Can-Am Ryker 600 Ace,-,Touring,600 ccm,https://bikez.com/motorcycles/can-am_ryker_600_ace_2025.php
2025,Can-Am Ryker 900 Ace,-,Touring,900 ccm,https://bikez.com/motorcycles/can-am_ryker_900_ace_2025.php
2025,Can-Am Spyder F3,-,Touring,1330 ccm,https://bikez.com/motorcycles/can-am_spyder_f3_2025.php
2025,Can-Am Spyder RT,-,Touring,1330 ccm,https://bikez.com/motorcycles/can-am_spyder_rt_2025.php
2025,CCM Bobber,-,Naked bike,600 ccm,https://bikez.com/motorcycles/ccm_bobber_2025.php
2025,CCM Street Moto,-,Naked bike,600 ccm,https://bikez.com/motorcycles/ccm_street_moto_2025.php
2025,CF Moto 300NK,-,Naked bike,292 ccm,https://bikez.com/motorcycles/cf_moto_300nk_2025.php
2025,CF Moto 300SS,-,Sport,292 ccm,https://bikez.com/motorcycles/cf_moto_300ss_2025.php
2025,CF Moto 450CL-C,-,Custom/cruiser,449 ccm,https://bikez.com/motorcycles/cf_moto_450cl-c_2025.php
2025,CF Moto 450NK,-,Naked bike,450 ccm,https://bikez.com/motorcycles/cf_moto_450nk_2025.php
2025,CF Moto 450SS,-,Sport,449 ccm,https://bikez.com/motorcycles/cf_moto_450ss_2025.php
2025,CF Moto 675SS,-,Sport,675 ccm,https://bikez.com/motorcycles/cf_moto_675ss_2025.php
2025,CF Moto 800NK,-,Naked bike,799 ccm,https://bikez.com/motorcycles/cf_moto_800nk_2025.php
2025,CF Moto CForce 1000 Overland,-,ATV,963 ccm,https://bikez.com/motorcycles/cf_moto_cforce_1000_overland_2025.php
2025,CF Moto CForce 1000 Touring,-,ATV,963 ccm,https://bikez.com/motorcycles/cf_moto_cforce_1000_touring_2025.php
2025,CF Moto CForce 400,-,ATV,400 ccm,https://bikez.com/motorcycles/cf_moto_cforce_400_2025.php
2025,CF Moto CForce 500,-,ATV,500 ccm,https://bikez.com/motorcycles/cf_moto_cforce_500_2025.php
2025,CF Moto CForce 600,-,ATV,580 ccm,https://bikez.com/motorcycles/cf_moto_cforce_600_2025.php
2025,CF Moto CForce 600 Touring,-,ATV,580 ccm,https://bikez.com/motorcycles/cf_moto_cforce_600_touring_2025.php
2025,CF Moto CForce 800 Touring,-,ATV,800 ccm,https://bikez.com/motorcycles/cf_moto_cforce_800_touring_2025.php
2025,CF Moto CFX-2E,-,"Minibike, cross",Electric,https://bikez.com/motorcycles/cf_moto_cfx-2e_2025.php
2025,CF Moto Ibex 450,Show rating,Super motard,499 ccm,https://bikez.com/motorcycles/cf_moto_ibex_450_2025.php
2025,CF Moto Ibex 800 E,-,Super motard,799 ccm,https://bikez.com/motorcycles/cf_moto_ibex_800_e_2025.php
2025,CF Moto Papio CL,-,"Minibike, cross",126 ccm,https://bikez.com/motorcycles/cf_moto_papio_cl_2025.php
2025,CF Moto Papio SS,-,"Minibike, sport",126 ccm,https://bikez.com/motorcycles/cf_moto_papio_ss_2025.php
2025,Christini AWD Military,-,Enduro/offroad,450 ccm,https://bikez.com/motorcycles/christini_awd_military_2025.php
2025,Cleveland Ace Classic 250,-,Classic,249 ccm,https://bikez.com/motorcycles/cleveland_ace_classic_250_2025.php
2025,Cleveland Ace Racer 400,-,Classic,397 ccm,https://bikez.com/motorcycles/cleveland_ace_racer_400_2025.php
2025,Cleveland Ace Tracker 650,-,Classic,644 ccm,https://bikez.com/motorcycles/cleveland_ace_tracker_650_2025.php
2025,Cleveland Hauler 470,-,Enduro/offroad,449 ccm,https://bikez.com/motorcycles/cleveland_hauler_470_2025.php
2025,Cleveland Hooligun 250,-,Enduro/offroad,250 ccm,https://bikez.com/motorcycles/cleveland_hooligun_250_2025.php
2025,Cleveland Hooligun 300,-,Enduro/offroad,298 ccm,https://bikez.com/motorcycles/cleveland_hooligun_300_2025.php
2025,Cleveland Hooligun 450,-,Enduro/offroad,449 ccm,https://bikez.com/motorcycles/cleveland_hooligun_450_2025.php
2025,Cleveland Misfit 250 Twin,-,Allround,250 ccm,https://bikez.com/motorcycles/cleveland_misfit_250_twin_2025.php
2025,Cleveland Misfit 400 Twin,-,Allround,400 ccm,https://bikez.com/motorcycles/cleveland_misfit_400_twin_2025.php
2025,Cobra CX3E,-,"Minibike, cross",Electric,https://bikez.com/motorcycles/cobra_cx3e_2025.php
2025,Cobra CX50 FWE,-,"Minibike, cross",50 ccm,https://bikez.com/motorcycles/cobra_cx50_fwe_2025.php
2025,Cobra CX5E,-,"Minibike, cross",Electric,https://bikez.com/motorcycles/cobra_cx5e_2025.php
2025,Cobra CX65,-,"Minibike, cross",65 ccm,https://bikez.com/motorcycles/cobra_cx65_2025.php
2025,CSC Motorcycles Monterey,-,Scooter,Electric,https://bikez.com/motorcycles/csc_motorcycles_monterey_2025.php
2025,Daelim Besbi 125,-,Scooter,125 ccm,https://bikez.com/motorcycles/daelim_besbi_125_2025.php
2025,Daelim Bonita 50,-,Scooter,50 ccm,https://bikez.com/motorcycles/daelim_bonita_50_2025.php
2025,Daelim Daystar 125,-,Custom/cruiser,124 ccm,https://bikez.com/motorcycles/daelim_daystar_125_2025.php
2025,Daelim RoadSport 125,-,Sport,124 ccm,https://bikez.com/motorcycles/daelim_roadsport_125_2025.php
2025,Dafra NH 300,-,Allround,278 ccm,https://bikez.com/motorcycles/dafra_nh_300_2025.php
2025,Damon Hypersport SE,-,Prototype/concept model,Electric,https://bikez.com/motorcycles/damon_hypersport_se_2025.php
2025,Davinci DC100,-,Sport,Electric,https://bikez.com/motorcycles/davinci_dc100_2025.php
2025,Docker C50 Classic,-,Scooter,49 ccm,https://bikez.com/motorcycles/docker_c50_classic_2025.php
2025,Ducati DesertX 937,-,Enduro/offroad,937 ccm,https://bikez.com/motorcycles/ducati_desertx_937_2025.php
2025,Ducati DesertX 937 Discovery,-,Enduro/offroad,937 ccm,https://bikez.com/motorcycles/ducati_desertx_937_discovery_2025.php
2025,Ducati DesertX 937 Rally,-,Enduro/offroad,937 ccm,https://bikez.com/motorcycles/ducati_desertx_937_rally_2025.php
2025,Ducati Diavel V4,-,Naked bike,1158 ccm,https://bikez.com/motorcycles/ducati_diavel_v4_2025.php
2025,Ducati Hypermotard 698 Mono,-,Super motard,659 ccm,https://bikez.com/motorcycles/ducati_hypermotard_698_mono_2025.php
2025,Ducati Hypermotard 698 Mono RVE,-,Super motard,659 ccm,https://bikez.com/motorcycles/ducati_hypermotard_698_mono_rve_2025.php
2025,Ducati Hypermotard 950,-,Super motard,937 ccm,https://bikez.com/motorcycles/ducati_hypermotard_950_2025.php
2025,Ducati Hypermotard 950 RVE,-,Super motard,937 ccm,https://bikez.com/motorcycles/ducati_hypermotard_950_rve_2025.php
2025,Ducati Hypermotard 950 SP,-,Super motard,937 ccm,https://bikez.com/motorcycles/ducati_hypermotard_950_sp_2025.php
2025,Ducati Monster 937 Plus,-,Naked bike,937 ccm,https://bikez.com/motorcycles/ducati_monster_937_plus_2025.php
2025,Ducati Monster 937 SP,-,Naked bike,937 ccm,https://bikez.com/motorcycles/ducati_monster_937_sp_2025.php
2025,Ducati Monster Senna,-,Naked bike,937 ccm,https://bikez.com/motorcycles/ducati_monster_senna_2025.php
2025,Ducati Multistrada V4,-,Sport touring,1158 ccm,https://bikez.com/motorcycles/ducati_multistrada_v4_2025.php
2025,Ducati Multistrada V4 Pikes Peak,-,Sport,1158 ccm,https://bikez.com/motorcycles/ducati_multistrada_v4_pikes_peak_2025.php
2025,Ducati Multistrada V4 Rally,-,Enduro/offroad,1158 ccm,https://bikez.com/motorcycles/ducati_multistrada_v4_rally_2025.php
2025,Ducati Multistrada V4 RS,-,Sport,1103 ccm,https://bikez.com/motorcycles/ducati_multistrada_v4_rs_2025.php
2025,Ducati Multistrada V4 S,-,Sport touring,1158 ccm,https://bikez.com/motorcycles/ducati_multistrada_v4_s_2025.php
2025,Ducati Panigale V2,-,Sport,955 ccm,https://bikez.com/motorcycles/ducati_panigale_v2_2025.php
2025,Ducati Panigale V2 Bayliss,-,Sport,955 ccm,https://bikez.com/motorcycles/ducati_panigale_v2_bayliss_2025.php
2025,Ducati Panigale V2 Superquadro,-,Sport,955 ccm,https://bikez.com/motorcycles/ducati_panigale_v2_superquadro_2025.php
2025,Ducati Scrambler 1100 Dark Pro,-,Classic,1079 ccm,https://bikez.com/motorcycles/ducati_scrambler_1100_dark_pro_2025.php
2025,Ducati Scrambler Full Throttle,-,Allround,803 ccm,https://bikez.com/motorcycles/ducati_scrambler_full_throttle_2025.php
2025,Ducati Scrambler Icon Dark,-,Allround,803 ccm,https://bikez.com/motorcycles/ducati_scrambler_icon_dark_2025.php
2025,Ducati Scrambler Nightshift,-,Naked bike,803 ccm,https://bikez.com/motorcycles/ducati_scrambler_nightshift_2025.php
2025,Ducati Streetfighter V2,-,Naked bike,955 ccm,https://bikez.com/motorcycles/ducati_streetfighter_v2_2025.php
2025,Ducati Streetfighter V4,-,Naked bike,1103 ccm,https://bikez.com/motorcycles/ducati_streetfighter_v4_2025.php
2025,Ducati Streetfighter V4 S,-,Naked bike,1103 ccm,https://bikez.com/motorcycles/ducati_streetfighter_v4_s_2025.php
2025,Ducati Streetfighter V4 SP2,-,Naked bike,1103 ccm,https://bikez.com/motorcycles/ducati_streetfighter_v4_sp2_2025.php
2025,Ducati Supersport 950,-,Sport,937 ccm,https://bikez.com/motorcycles/ducati_supersport_950_2025.php
2025,Ducati Supersport 950 S,-,Sport,937 ccm,https://bikez.com/motorcycles/ducati_supersport_950_s_2025.php
2025,Ebretti 318 Lithium,-,Scooter,Electric,https://bikez.com/motorcycles/ebretti_318_lithium_2025.php
2025,Ecooter E2Max,-,Scooter,Electric,https://bikez.com/motorcycles/ecooter_e2max_2025.php
2025,Ecooter E2R,-,Scooter,Electric,https://bikez.com/motorcycles/ecooter_e2r_2025.php
2025,Ecooter E2S,-,Scooter,Electric,https://bikez.com/motorcycles/ecooter_e2s_2025.php
2025,Electric Motion Escape X,-,Enduro/offroad,Electric,https://bikez.com/motorcycles/electric_motion_escape_x_2025.php
2025,Enfield Bear 650,-,Allround,648 ccm,https://bikez.com/motorcycles/enfield_bear_650_2025.php
2025,Enfield Bullet 350,-,Classic,349 ccm,https://bikez.com/motorcycles/enfield_bullet_350_2025.php
2025,Enfield Classic 650,-,Allround,648 ccm,https://bikez.com/motorcycles/enfield_classic_650_2025.php
2025,Enfield Guerrilla 450,-,Allround,452 ccm,https://bikez.com/motorcycles/enfield_guerrilla_450_2025.php
2025,Enfield Himalayan 410,-,Enduro/offroad,411 ccm,https://bikez.com/motorcycles/enfield_himalayan_410_2025.php
2025,Enfield Interceptor 650,-,Allround,648 ccm,https://bikez.com/motorcycles/enfield_interceptor_650_2025.php
2025,Enfield Shotgun 650,-,Allround,648 ccm,https://bikez.com/motorcycles/enfield_shotgun_650_2025.php
2025,Enfield Super Meteor 650,-,Classic,648 ccm,https://bikez.com/motorcycles/enfield_super_meteor_650_2025.php
2025,Evolet Derby,-,Scooter,Electric,https://bikez.com/motorcycles/evolet_derby_2025.php
2025,Fantic Caballero Scrambler 700,-,Enduro/offroad,689 ccm,https://bikez.com/motorcycles/fantic_caballero_scrambler_700_2025.php
2025,Fantic Stealth 125,-,Naked bike,125 ccm,https://bikez.com/motorcycles/fantic_stealth_125_2025.php
2025,FB Mondial Mud 452,-,Cross/motocross,450 ccm,https://bikez.com/motorcycles/fb_mondial_mud_452_2025.php
2025,FB Mondial Piega 452,-,Naked bike,450 ccm,https://bikez.com/motorcycles/fb_mondial_piega_452_2025.php
2025,FB Mondial Sendero 300,-,Enduro/offroad,292 ccm,https://bikez.com/motorcycles/fb_mondial_sendero_300_2025.php
2025,FB Mondial SMX Enduro,-,Enduro/offroad,124 ccm,https://bikez.com/motorcycles/fb_mondial_smx_enduro_2025.php
2025,GAS GAS EC 125,-,Enduro/offroad,125 ccm,https://bikez.com/motorcycles/gas_gas_ec_125_2025.php
2025,GAS GAS EC 250,-,Enduro/offroad,249 ccm,https://bikez.com/motorcycles/gas_gas_ec_250_2025.php
2025,GAS GAS EC 250F,-,Enduro/offroad,250 ccm,https://bikez.com/motorcycles/gas_gas_ec_250f_2025.php
2025,GAS GAS EC 300,-,Enduro/offroad,293 ccm,https://bikez.com/motorcycles/gas_gas_ec_300_2025.php
2025,GAS GAS EC 300 GP,-,Enduro/offroad,293 ccm,https://bikez.com/motorcycles/gas_gas_ec_300_gp_2025.php
2025,GAS GAS EC 350F,-,Enduro/offroad,350 ccm,https://bikez.com/motorcycles/gas_gas_ec_350f_2025.php
2025,GAS GAS EC 450F,-,Enduro/offroad,450 ccm,https://bikez.com/motorcycles/gas_gas_ec_450f_2025.php
2025,GAS GAS EC 500F,-,Enduro/offroad,511 ccm,https://bikez.com/motorcycles/gas_gas_ec_500f_2025.php
2025,GAS GAS ES 500,-,Enduro/offroad,511 ccm,https://bikez.com/motorcycles/gas_gas_es_500_2025.php
2025,GAS GAS EX 250,-,Enduro/offroad,249 ccm,https://bikez.com/motorcycles/gas_gas_ex_250_2025.php
2025,GAS GAS EX 250F,-,Enduro/offroad,250 ccm,https://bikez.com/motorcycles/gas_gas_ex_250f_2025.php
2025,GAS GAS EX 300,-,Enduro/offroad,293 ccm,https://bikez.com/motorcycles/gas_gas_ex_300_2025.php
2025,GAS GAS EX 350F,-,Enduro/offroad,350 ccm,https://bikez.com/motorcycles/gas_gas_ex_350f_2025.php
2025,GAS GAS MC 125,-,Cross/motocross,125 ccm,https://bikez.com/motorcycles/gas_gas_mc_125_2025.php
2025,GAS GAS MC 150,-,Cross/motocross,144 ccm,https://bikez.com/motorcycles/gas_gas_mc_150_2025.php
2025,GAS GAS MC 250,-,Cross/motocross,249 ccm,https://bikez.com/motorcycles/gas_gas_mc_250_2025.php
2025,GAS GAS MC 250F,-,Cross/motocross,250 ccm,https://bikez.com/motorcycles/gas_gas_mc_250f_2025.php
2025,GAS GAS MC 300,-,Cross/motocross,293 ccm,https://bikez.com/motorcycles/gas_gas_mc_300_2025.php
2025,GAS GAS MC 350F,-,Cross/motocross,350 ccm,https://bikez.com/motorcycles/gas_gas_mc_350f_2025.php
2025,GAS GAS MC 450F,-,Cross/motocross,450 ccm,https://bikez.com/motorcycles/gas_gas_mc_450f_2025.php
2025,GAS GAS MC 450F Prado Edition,-,Cross/motocross,450 ccm,https://bikez.com/motorcycles/gas_gas_mc_450f_prado_edition_2025.php
2025,GAS GAS MC 50,-,"Minibike, cross",50 ccm,https://bikez.com/motorcycles/gas_gas_mc_50_2025.php
2025,GAS GAS MC 65,-,"Minibike, cross",65 ccm,https://bikez.com/motorcycles/gas_gas_mc_65_2025.php
2025,GAS GAS MC 85 17-14,-,Cross/motocross,85 ccm,https://bikez.com/motorcycles/gas_gas_mc_85_17-14_2025.php
2025,GAS GAS MC 85 19-16,-,Cross/motocross,85 ccm,https://bikez.com/motorcycles/gas_gas_mc_85_19-16_2025.php
2025,GAS GAS MC-E 2,-,"Minibike, cross",Electric,https://bikez.com/motorcycles/gas_gas_mc-e_2_2025.php
2025,GAS GAS TXT GP 250,-,Trial,248 ccm,https://bikez.com/motorcycles/gas_gas_txt_gp_250_2025.php
2025,GAS GAS TXT GP 300,-,Trial,294 ccm,https://bikez.com/motorcycles/gas_gas_txt_gp_300_2025.php
2025,GAS GAS TXT Racing 125,-,Trial,125 ccm,https://bikez.com/motorcycles/gas_gas_txt_racing_125_2025.php
2025,GAS GAS TXT Racing 250,-,Trial,248 ccm,https://bikez.com/motorcycles/gas_gas_txt_racing_250_2025.php
2025,GAS GAS TXT Racing 280,-,Trial,272 ccm,https://bikez.com/motorcycles/gas_gas_txt_racing_280_2025.php
2025,GAS GAS TXT Racing 300,-,Trial,294 ccm,https://bikez.com/motorcycles/gas_gas_txt_racing_300_2025.php
2025,Genuine Scooter Brio 50i,-,Scooter,50 ccm,https://bikez.com/motorcycles/genuine_scooter_brio_50i_2025.php
2025,Genuine Scooter Buddy 125,-,Scooter,125 ccm,https://bikez.com/motorcycles/genuine_scooter_buddy_125_2025.php
2025,Genuine Scooter Buddy 170i,-,Scooter,169 ccm,https://bikez.com/motorcycles/genuine_scooter_buddy_170i_2025.php
2025,Genuine Scooter Buddy 50,-,Scooter,50 ccm,https://bikez.com/motorcycles/genuine_scooter_buddy_50_2025.php
2025,Genuine Scooter Buddy 50 International,-,Scooter,50 ccm,https://bikez.com/motorcycles/genuine_scooter_buddy_50_international_2025.php
2025,Genuine Scooter Hooligan 170i,-,Scooter,169 ccm,https://bikez.com/motorcycles/genuine_scooter_hooligan_170i_2025.php
2025,Genuine Scooter Rattler 125,-,Scooter,125 ccm,https://bikez.com/motorcycles/genuine_scooter_rattler_125_2025.php
2025,Genuine Scooter Rattler 200i,-,Scooter,169 ccm,https://bikez.com/motorcycles/genuine_scooter_rattler_200i_2025.php
2025,Genuine Scooter Roughhouse 50,-,Scooter,50 ccm,https://bikez.com/motorcycles/genuine_scooter_roughhouse_50_2025.php
2025,Genuine Scooter Roughhouse 50 Sport,-,Scooter,50 ccm,https://bikez.com/motorcycles/genuine_scooter_roughhouse_50_sport_2025.php
2025,Genuine Scooter Urbano 125,-,Scooter,125 ccm,https://bikez.com/motorcycles/genuine_scooter_urbano_125_2025.php
2025,Genuine Scooter Urbano 200i,-,Scooter,169 ccm,https://bikez.com/motorcycles/genuine_scooter_urbano_200i_2025.php
2025,Genuine Scooter Urbano 50i,-,Scooter,50 ccm,https://bikez.com/motorcycles/genuine_scooter_urbano_50i_2025.php
2025,Goes Copper 2.0,-,ATV,176 ccm,https://bikez.com/motorcycles/goes_copper_20_2025.php
2025,Gogoro Jego,-,Scooter,Electric,https://bikez.com/motorcycles/gogoro_jego_2025.php
2025,Hanway Bob 400C,-,Classic,389 ccm,https://bikez.com/motorcycles/hanway_bob_400c_2025.php
2025,Hanway Furious 300NK,-,Naked bike,294 ccm,https://bikez.com/motorcycles/hanway_furious_300nk_2025.php
2025,Hanway YP500 Special Edistion,-,Classic,498 ccm,https://bikez.com/motorcycles/hanway_yp500_special_edistion_2025.php
2025,Haojin Charm HJ115-16,-,Scooter,114 ccm,https://bikez.com/motorcycles/haojin_charm_hj115-16_2025.php
2025,Haojue UDF 125,-,Scooter,124 ccm,https://bikez.com/motorcycles/haojue_udf_125_2025.php
2025,Harley-Davidson Breakout 117,-,Custom/cruiser,1917 ccm,https://bikez.com/motorcycles/harley-davidson_breakout_117_2025.php
2025,Harley-Davidson CVO Pan America,-,Super motard,1252 ccm,https://bikez.com/motorcycles/harley-davidson_cvo_pan_america_2025.php
2025,Harley-Davidson CVO Road Glide,-,Touring,1983 ccm,https://bikez.com/motorcycles/harley-davidson_cvo_road_glide_2025.php
2025,Harley-Davidson CVO Road Glide ST,-,Touring,1983 ccm,https://bikez.com/motorcycles/harley-davidson_cvo_road_glide_st_2025.php
2025,Harley-Davidson CVO Street Glide,-,Touring,1983 ccm,https://bikez.com/motorcycles/harley-davidson_cvo_street_glide_2025.php
2025,Harley-Davidson Fat Boy 117,Show rating,Custom/cruiser,1917 ccm,https://bikez.com/motorcycles/harley-davidson_fat_boy_117_2025.php
2025,Harley-Davidson Freewheeler,-,Custom/cruiser,1868 ccm,https://bikez.com/motorcycles/harley-davidson_freewheeler_2025.php
2025,Harley-Davidson Heritage Classic 117,-,Custom/cruiser,1917 ccm,https://bikez.com/motorcycles/harley-davidson_heritage_classic_117_2025.php
2025,Harley-Davidson Low Rider S,-,Custom/cruiser,1917 ccm,https://bikez.com/motorcycles/harley-davidson_low_rider_s_2025.php
2025,Harley-Davidson Low Rider ST,-,Custom/cruiser,1923 ccm,https://bikez.com/motorcycles/harley-davidson_low_rider_st_2025.php
2025,Harley-Davidson Nightster,-,Sport,975 ccm,https://bikez.com/motorcycles/harley-davidson_nightster_2025.php
2025,Harley-Davidson Nightster Special,-,Sport,975 ccm,https://bikez.com/motorcycles/harley-davidson_nightster_special_2025.php
2025,Harley-Davidson Pan America 1250 Special,-,Super motard,1252 ccm,https://bikez.com/motorcycles/harley-davidson_pan_america_1250_special_2025.php
2025,Harley-Davidson Pan America 1250 ST,-,Super motard,1252 ccm,https://bikez.com/motorcycles/harley-davidson_pan_america_1250_st_2025.php
2025,Harley-Davidson Road Glide,-,Touring,1917 ccm,https://bikez.com/motorcycles/harley-davidson_road_glide_2025.php
2025,Harley-Davidson Road Glide 3,-,Touring,1868 ccm,https://bikez.com/motorcycles/harley-davidson_road_glide_3_2025.php
2025,Harley-Davidson Road King Special,Show rating,Touring,1868 ccm,https://bikez.com/motorcycles/harley-davidson_road_king_special_2025.php
2025,Harley-Davidson Sportster S,-,Sport,1252 ccm,https://bikez.com/motorcycles/harley-davidson_sportster_s_2025.php
2025,Harley-Davidson Street Bob 117,-,Custom/cruiser,1917 ccm,https://bikez.com/motorcycles/harley-davidson_street_bob_117_2025.php
2025,Harley-Davidson Street Glide,-,Touring,1917 ccm,https://bikez.com/motorcycles/harley-davidson_street_glide_2025.php
2025,Harley-Davidson Street Glide Ultra,-,Touring,1917 ccm,https://bikez.com/motorcycles/harley-davidson_street_glide_ultra_2025.php
2025,Harley-Davidson Tri Glide Ultra,-,Touring,1868 ccm,https://bikez.com/motorcycles/harley-davidson_tri_glide_ultra_2025.php
2025,Harley-Davidson X440 S,-,Allround,440 ccm,https://bikez.com/motorcycles/harley-davidson_x440_s_2025.php
2025,Hartford Mini Elite 150,-,"Minibike, sport",150 ccm,https://bikez.com/motorcycles/hartford_mini_elite_150_2025.php
2025,Hartford VR-220HX,-,Enduro/offroad,223 ccm,https://bikez.com/motorcycles/hartford_vr-220hx_2025.php
2025,Herald Classic 125,-,Allround,124 ccm,https://bikez.com/motorcycles/herald_classic_125_2025.php
2025,Hero Glamour,-,Sport,125 ccm,https://bikez.com/motorcycles/hero_glamour_2025.php
2025,Hero XPulse 210,-,Sport,210 ccm,https://bikez.com/motorcycles/hero_xpulse_210_2025.php
2025,Hero Xtreme 250R,-,Naked bike,249 ccm,https://bikez.com/motorcycles/hero_xtreme_250r_2025.php
2025,Honda Activa,-,Scooter,109 ccm,https://bikez.com/motorcycles/honda_activa_2025.php
2025,Honda ADV160,-,Scooter,157 ccm,https://bikez.com/motorcycles/honda_adv160_2025.php
2025,Honda Africa Twin,-,Enduro/offroad,1083 ccm,https://bikez.com/motorcycles/honda_africa_twin_2025.php
2025,Honda Africa Twin Adventure Sports DCT,-,Enduro/offroad,1083 ccm,https://bikez.com/motorcycles/honda_africa_twin_adventure_sports_dct_2025.php
2025,Honda Africa Twin Adventure Sports ES,-,Enduro/offroad,1083 ccm,https://bikez.com/motorcycles/honda_africa_twin_adventure_sports_es_2025.php
2025,Honda Aviator,-,Scooter,109 ccm,https://bikez.com/motorcycles/honda_aviator_2025.php
2025,Honda CB1000R Black Edition,-,Naked bike,998 ccm,https://bikez.com/motorcycles/honda_cb1000r_black_edition_2025.php
2025,Honda CB300R,-,Sport,286 ccm,https://bikez.com/motorcycles/honda_cb300r_2025.php
2025,Honda CB500F,-,Naked bike,471 ccm,https://bikez.com/motorcycles/honda_cb500f_2025.php
2025,Honda CBR1000RR,-,Sport,999 ccm,https://bikez.com/motorcycles/honda_cbr1000rr_2025.php
2025,Honda CBR1000RR-R Fireblade SP,-,Sport,1000 ccm,https://bikez.com/motorcycles/honda_cbr1000rr-r_fireblade_sp_2025.php
2025,Honda CBR500R,-,Sport,471 ccm,https://bikez.com/motorcycles/honda_cbr500r_2025.php
2025,Honda CBR600RR,-,Sport,599 ccm,https://bikez.com/motorcycles/honda_cbr600rr_2025.php
2025,Honda CBR650R,-,Sport,649 ccm,https://bikez.com/motorcycles/honda_cbr650r_2025.php
2025,Honda CRF110F,-,Enduro/offroad,109 ccm,https://bikez.com/motorcycles/honda_crf110f_2025.php
2025,Honda CRF125F,-,Cross/motocross,125 ccm,https://bikez.com/motorcycles/honda_crf125f_2025.php
2025,Honda CRF150R,-,Cross/motocross,150 ccm,https://bikez.com/motorcycles/honda_crf150r_2025.php
2025,Honda CRF150R Expert,-,Cross/motocross,150 ccm,https://bikez.com/motorcycles/honda_crf150r_expert_2025.php
2025,Honda CRF250F,-,Cross/motocross,250 ccm,https://bikez.com/motorcycles/honda_crf250f_2025.php
2025,Honda CRF250R,-,Cross/motocross,249 ccm,https://bikez.com/motorcycles/honda_crf250r_2025.php
2025,Honda CRF250RWE,-,Cross/motocross,249 ccm,https://bikez.com/motorcycles/honda_crf250rwe_2025.php
2025,Honda CRF250RX,-,Enduro/offroad,249 ccm,https://bikez.com/motorcycles/honda_crf250rx_2025.php
2025,Honda CRF300LS,-,Enduro/offroad,286 ccm,https://bikez.com/motorcycles/honda_crf300ls_2025.php
2025,Honda CRF450R,-,Cross/motocross,450 ccm,https://bikez.com/motorcycles/honda_crf450r_2025.php
2025,Honda CRF450R-S,-,Cross/motocross,450 ccm,https://bikez.com/motorcycles/honda_crf450r-s_2025.php
2025,Honda CRF450RL,-,Cross/motocross,449 ccm,https://bikez.com/motorcycles/honda_crf450rl_2025.php
2025,Honda CRF450RX,-,Enduro/offroad,450 ccm,https://bikez.com/motorcycles/honda_crf450rx_2025.php
2025,Honda CRF450X,-,Enduro/offroad,449 ccm,https://bikez.com/motorcycles/honda_crf450x_2025.php
2025,Honda CRF50F,-,"Minibike, cross",49 ccm,https://bikez.com/motorcycles/honda_crf50f_2025.php
2025,Honda Dax 125,-,"Minibike, sport",124 ccm,https://bikez.com/motorcycles/honda_dax_125_2025.php
2025,Honda Dio 110,-,Scooter,109 ccm,https://bikez.com/motorcycles/honda_dio_110_2025.php
2025,Honda FourTrax Foreman Rubicon 4x4 Automatic DCT EPS,-,ATV,518 ccm,https://bikez.com/motorcycles/honda_fourtrax_foreman_rubicon_4x4_automatic_dct_eps_2025.php
2025,Honda FourTrax Foreman Rubicon 4x4 Automatic DCT EPS DeLuxe,-,ATV,518 ccm,https://bikez.com/motorcycles/honda_fourtrax_foreman_rubicon_4x4_automatic_dct_eps_deluxe_2025.php
2025,Honda FourTrax Rubicon 4x4 Automatic,-,ATV,675 ccm,https://bikez.com/motorcycles/honda_fourtrax_rubicon_4x4_automatic_2025.php
2025,Honda Fury,-,Custom/cruiser,1312 ccm,https://bikez.com/motorcycles/honda_fury_2025.php
2025,Honda Gold Wing DCT 50th Anniversary,-,Touring,1833 ccm,https://bikez.com/motorcycles/honda_gold_wing_dct_50th_anniversary_2025.php
2025,Honda Gold Wing Tour,-,Touring,1833 ccm,https://bikez.com/motorcycles/honda_gold_wing_tour_2025.php
2025,Honda Gold Wing Tour 50th Anniversary,-,Touring,1833 ccm,https://bikez.com/motorcycles/honda_gold_wing_tour_50th_anniversary_2025.php
2025,Honda Gold Wing Tour Airbag Automatic DCT Anniversary,-,Touring,1833 ccm,https://bikez.com/motorcycles/honda_gold_wing_tour_airbag_automatic_dct_anniversary_2025.php
2025,Honda Gold Wing Tour Automatic DCT,-,Touring,1833 ccm,https://bikez.com/motorcycles/honda_gold_wing_tour_automatic_dct_2025.php
2025,Honda Grom,-,"Minibike, sport",124 ccm,https://bikez.com/motorcycles/honda_grom_2025.php
2025,Honda Grom SP,-,Sport,124 ccm,https://bikez.com/motorcycles/honda_grom_sp_2025.php
2025,Honda Metropolitan,-,Scooter,49 ccm,https://bikez.com/motorcycles/honda_metropolitan_2025.php
2025,Honda Monkey,-,Allround,124 ccm,https://bikez.com/motorcycles/honda_monkey_2025.php
2025,Honda Montesa Cota 301RR,-,Trial,298 ccm,https://bikez.com/motorcycles/honda_montesa_cota_301rr_2025.php
2025,Honda Montesa Cota 4RT 301RR,-,Trial,298 ccm,https://bikez.com/motorcycles/honda_montesa_cota_4rt_301rr_2025.php
2025,Honda Montesa Cota 4RT260R,-,Trial,259 ccm,https://bikez.com/motorcycles/honda_montesa_cota_4rt260r_2025.php
2025,Honda Navi,-,Allround,109 ccm,https://bikez.com/motorcycles/honda_navi_2025.php
2025,Honda NT1100 DCT,-,Sport touring,1084 ccm,https://bikez.com/motorcycles/honda_nt1100_dct_2025.php
2025,Honda NT1100 DCT Electronic Suspension,-,Sport touring,1084 ccm,https://bikez.com/motorcycles/honda_nt1100_dct_electronic_suspension_2025.php
2025,Honda NT1100 MT,-,Sport touring,1084 ccm,https://bikez.com/motorcycles/honda_nt1100_mt_2025.php
2025,Honda NX500,-,Enduro/offroad,471 ccm,https://bikez.com/motorcycles/honda_nx500_2025.php
2025,Honda Rebel 1100,-,Custom/cruiser,1083 ccm,https://bikez.com/motorcycles/honda_rebel_1100_2025.php
2025,Honda Rebel 1100 DCT,Show rating,Custom/cruiser,1083 ccm,https://bikez.com/motorcycles/honda_rebel_1100_dct_2025.php
2025,Honda Rebel 1100 DCT SE,-,Custom/cruiser,1083 ccm,https://bikez.com/motorcycles/honda_rebel_1100_dct_se_2025.php
2025,Honda Rebel 1100T,-,Touring,1083 ccm,https://bikez.com/motorcycles/honda_rebel_1100t_2025.php
2025,Honda Rebel 300,-,Custom/cruiser,286 ccm,https://bikez.com/motorcycles/honda_rebel_300_2025.php
2025,Honda Rebel 500,Show rating,Sport,471 ccm,https://bikez.com/motorcycles/honda_rebel_500_2025.php
2025,Honda Ruckus,-,Scooter,49 ccm,https://bikez.com/motorcycles/honda_ruckus_2025.php
2025,Honda SCL500,-,Sport,471 ccm,https://bikez.com/motorcycles/honda_scl500_2025.php
2025,Honda Shadow Aero,-,Custom/cruiser,745 ccm,https://bikez.com/motorcycles/honda_shadow_aero_2025.php
2025,Honda Shadow Phantom ABS,-,Custom/cruiser,745 ccm,https://bikez.com/motorcycles/honda_shadow_phantom_abs_2025.php
2025,Honda Shine,-,Allround,125 ccm,https://bikez.com/motorcycles/honda_shine_2025.php
2025,Honda Stunner,-,Sport,125 ccm,https://bikez.com/motorcycles/honda_stunner_2025.php
2025,Honda Stunner CBF PMG,-,Sport,125 ccm,https://bikez.com/motorcycles/honda_stunner_cbf_pmg_2025.php
2025,Honda Super Cub C125  ABS,-,Scooter,124 ccm,https://bikez.com/motorcycles/honda_super_cub_c125_abs______2025.php
2025,Honda Trail 125,-,Allround,124 ccm,https://bikez.com/motorcycles/honda_trail_125_2025.php
2025,Honda Transalp,-,Super motard,755 ccm,https://bikez.com/motorcycles/honda_transalp_2025.php
2025,Honda Unicorn,-,Allround,149 ccm,https://bikez.com/motorcycles/honda_unicorn_2025.php
2025,Honda Unicorn Dazzler,-,Allround,149 ccm,https://bikez.com/motorcycles/honda_unicorn_dazzler_2025.php
2025,Honda XR150L,-,Enduro/offroad,149 ccm,https://bikez.com/motorcycles/honda_xr150l_2025.php
2025,Honda XR650L,-,Enduro/offroad,644 ccm,https://bikez.com/motorcycles/honda_xr650l_2025.php
2025,Horwin Senmenti 0,-,Scooter,Electric,https://bikez.com/motorcycles/horwin_senmenti_0_2025.php
2025,Husqvarna EE 2,-,"Minibike, cross",Electric,https://bikez.com/motorcycles/husqvarna_ee_2_2025.php
2025,Husqvarna EE 5,-,"Minibike, cross",Electric,https://bikez.com/motorcycles/husqvarna_ee_5_2025.php
2025,Husqvarna FC 250,-,Cross/motocross,250 ccm,https://bikez.com/motorcycles/husqvarna_fc_250_2025.php
2025,Husqvarna FC 350,-,Cross/motocross,350 ccm,https://bikez.com/motorcycles/husqvarna_fc_350_2025.php
2025,Husqvarna FC 350 Heritage,-,Cross/motocross,350 ccm,https://bikez.com/motorcycles/husqvarna_fc_350_heritage_2025.php
2025,Husqvarna FC 450,-,Cross/motocross,450 ccm,https://bikez.com/motorcycles/husqvarna_fc_450_2025.php
2025,Husqvarna FE 250 Heritage,-,Enduro/offroad,250 ccm,https://bikez.com/motorcycles/husqvarna_fe_250_heritage_2025.php
2025,Husqvarna FE 350 Pro,-,Enduro/offroad,350 ccm,https://bikez.com/motorcycles/husqvarna_fe_350_pro_2025.php
2025,Husqvarna FE 350s,-,Enduro/offroad,350 ccm,https://bikez.com/motorcycles/husqvarna_fe_350s_2025.php
2025,Husqvarna FE 350s Heritage,-,Enduro/offroad,350 ccm,https://bikez.com/motorcycles/husqvarna_fe_350s_heritage_2025.php
2025,Husqvarna FE 450,-,Enduro/offroad,450 ccm,https://bikez.com/motorcycles/husqvarna_fe_450_2025.php
2025,Husqvarna FE 450 Heritage,-,Enduro/offroad,450 ccm,https://bikez.com/motorcycles/husqvarna_fe_450_heritage_2025.php
2025,Husqvarna FE 501s,-,Enduro/offroad,511 ccm,https://bikez.com/motorcycles/husqvarna_fe_501s_2025.php
2025,Husqvarna FE 501s Heritage,-,Enduro/offroad,511 ccm,https://bikez.com/motorcycles/husqvarna_fe_501s_heritage_2025.php
2025,Husqvarna FX 350,-,Enduro/offroad,350 ccm,https://bikez.com/motorcycles/husqvarna_fx_350_2025.php
2025,Husqvarna FX 350 Heritage,-,Enduro/offroad,350 ccm,https://bikez.com/motorcycles/husqvarna_fx_350_heritage_2025.php
2025,Husqvarna Norden 901,-,Sport touring,889 ccm,https://bikez.com/motorcycles/husqvarna_norden_901_2025.php
2025,Husqvarna Norden 901 Expedition,-,Sport touring,889 ccm,https://bikez.com/motorcycles/husqvarna_norden_901_expedition_2025.php
2025,Husqvarna Svartpilen 801,-,Naked bike,799 ccm,https://bikez.com/motorcycles/husqvarna_svartpilen_801_2025.php
2025,Husqvarna TC 125,-,Cross/motocross,125 ccm,https://bikez.com/motorcycles/husqvarna_tc_125_2025.php
2025,Husqvarna TC 125 Heritage,-,Cross/motocross,125 ccm,https://bikez.com/motorcycles/husqvarna_tc_125_heritage_2025.php
2025,Husqvarna TC 150,-,Cross/motocross,144 ccm,https://bikez.com/motorcycles/husqvarna_tc_150_2025.php
2025,Husqvarna TC 150 Heritage,-,Cross/motocross,144 ccm,https://bikez.com/motorcycles/husqvarna_tc_150_heritage_2025.php
2025,Husqvarna TC 250,-,Cross/motocross,249 ccm,https://bikez.com/motorcycles/husqvarna_tc_250_2025.php
2025,Husqvarna TC 250 Heritage,-,Cross/motocross,249 ccm,https://bikez.com/motorcycles/husqvarna_tc_250_heritage_2025.php
2025,Husqvarna TC 300,-,Cross/motocross,293 ccm,https://bikez.com/motorcycles/husqvarna_tc_300_2025.php
2025,Husqvarna TC 300 Heritage,-,Cross/motocross,293 ccm,https://bikez.com/motorcycles/husqvarna_tc_300_heritage_2025.php
2025,Husqvarna TC 50,-,Cross/motocross,49 ccm,https://bikez.com/motorcycles/husqvarna_tc_50_2025.php
2025,Husqvarna TC 65,-,Cross/motocross,65 ccm,https://bikez.com/motorcycles/husqvarna_tc_65_2025.php
2025,Husqvarna TC 85 17-14,-,Cross/motocross,85 ccm,https://bikez.com/motorcycles/husqvarna_tc_85_17-14_2025.php
2025,Husqvarna TC 85 19-16,-,Cross/motocross,85 ccm,https://bikez.com/motorcycles/husqvarna_tc_85_19-16_2025.php
2025,Husqvarna TE 125,-,Enduro/offroad,125 ccm,https://bikez.com/motorcycles/husqvarna_te_125_2025.php
2025,Husqvarna TE 150,-,Enduro/offroad,144 ccm,https://bikez.com/motorcycles/husqvarna_te_150_2025.php
2025,Husqvarna TE 250,-,Enduro/offroad,249 ccm,https://bikez.com/motorcycles/husqvarna_te_250_2025.php
2025,Husqvarna TE 250 Heritage,-,Enduro/offroad,249 ccm,https://bikez.com/motorcycles/husqvarna_te_250_heritage_2025.php
2025,Husqvarna TE 300,-,Enduro/offroad,293 ccm,https://bikez.com/motorcycles/husqvarna_te_300_2025.php
2025,Husqvarna TE 300 Heritage,-,Enduro/offroad,293 ccm,https://bikez.com/motorcycles/husqvarna_te_300_heritage_2025.php
2025,Husqvarna TE 300 Pro,-,Enduro/offroad,293 ccm,https://bikez.com/motorcycles/husqvarna_te_300_pro_2025.php
2025,Husqvarna TX 300,-,Enduro/offroad,293 ccm,https://bikez.com/motorcycles/husqvarna_tx_300_2025.php
2025,Husqvarna TX 300 Heritage,-,Enduro/offroad,293 ccm,https://bikez.com/motorcycles/husqvarna_tx_300_heritage_2025.php
2025,Husqvarna Vitpilen 801,-,Naked bike,799 ccm,https://bikez.com/motorcycles/husqvarna_vitpilen_801_2025.php
2025,Hyosung GV 300 S Aquila,-,Custom/cruiser,296 ccm,https://bikez.com/motorcycles/hyosung_gv_300_s_aquila_2025.php
2025,Ice Bear Champion,-,"Minibike, sport",125 ccm,https://bikez.com/motorcycles/ice_bear_champion_2025.php
2025,Ice Bear Evader 50,-,"Minibike, sport",50 ccm,https://bikez.com/motorcycles/ice_bear_evader_50_2025.php
2025,Ice Bear Hawkeye,-,Scooter,150 ccm,https://bikez.com/motorcycles/ice_bear_hawkeye_2025.php
2025,Ice Bear Leo,-,"Minibike, cross",125 ccm,https://bikez.com/motorcycles/ice_bear_leo_2025.php
2025,Ice Bear Maddog Gen V 150,-,Scooter,150 ccm,https://bikez.com/motorcycles/ice_bear_maddog_gen_v_150_2025.php
2025,Ice Bear Menace 50,-,"Minibike, sport",50 ccm,https://bikez.com/motorcycles/ice_bear_menace_50_2025.php
2025,Ice Bear Mini Max 150,-,"Minibike, sport",150 ccm,https://bikez.com/motorcycles/ice_bear_mini_max_150_2025.php
2025,Ice Bear Mojo Z 150 Trike,-,Allround,150 ccm,https://bikez.com/motorcycles/ice_bear_mojo_z_150_trike_2025.php
2025,Ice Bear Mojo Z 50 Trike,-,Allround,50 ccm,https://bikez.com/motorcycles/ice_bear_mojo_z_50_trike_2025.php
2025,Ice Bear Rogue Adv 125,-,"Minibike, cross",125 ccm,https://bikez.com/motorcycles/ice_bear_rogue_adv_125_2025.php
2025,Ice Bear Trifecta 150,-,Allround,150 ccm,https://bikez.com/motorcycles/ice_bear_trifecta_150_2025.php
2025,Ice Bear Trifecta 50,-,Allround,50 ccm,https://bikez.com/motorcycles/ice_bear_trifecta_50_2025.php
2025,Ice Bear Vision 150,-,Scooter,150 ccm,https://bikez.com/motorcycles/ice_bear_vision_150_2025.php
2025,Ice Bear Warrrior 200,-,Scooter,200 ccm,https://bikez.com/motorcycles/ice_bear_warrrior_200_2025.php
2025,Indian 101 Scout,-,Custom/cruiser,1250 ccm,https://bikez.com/motorcycles/indian_101_scout_2025.php
2025,Indian Scout Bobber,-,Custom/cruiser,1250 ccm,https://bikez.com/motorcycles/indian_scout_bobber_2025.php
2025,Indian Scout Bobber Classic,-,Custom/cruiser,1250 ccm,https://bikez.com/motorcycles/indian_scout_bobber_classic_2025.php
2025,Indian Scout Bobber Classic Limited,-,Custom/cruiser,1250 ccm,https://bikez.com/motorcycles/indian_scout_bobber_classic_limited_2025.php
2025,Indian Scout Bobber Classic Limited Tech,-,Custom/cruiser,1250 ccm,https://bikez.com/motorcycles/indian_scout_bobber_classic_limited_tech_2025.php
2025,Indian Scout Bobber Limited,-,Custom/cruiser,1250 ccm,https://bikez.com/motorcycles/indian_scout_bobber_limited_2025.php
2025,Indian Scout Bobber Limited Tech,-,Custom/cruiser,1250 ccm,https://bikez.com/motorcycles/indian_scout_bobber_limited_tech_2025.php
2025,Indian Sport Scout,-,Custom/cruiser,1250 ccm,https://bikez.com/motorcycles/indian_sport_scout_2025.php
2025,Indian Sport Scout Limited,-,Custom/cruiser,1250 ccm,https://bikez.com/motorcycles/indian_sport_scout_limited_2025.php
2025,Indian Sport Scout Limited Tech,-,Custom/cruiser,1250 ccm,https://bikez.com/motorcycles/indian_sport_scout_limited_tech_2025.php
2025,Indian Super Scout Limited Tech,-,Touring,1250 ccm,https://bikez.com/motorcycles/indian_super_scout_limited_tech_2025.php
2025,Italika RT200,-,Sport,200 ccm,https://bikez.com/motorcycles/italika_rt200_2025.php
2025,Italika Vort-X 250,-,Naked bike,250 ccm,https://bikez.com/motorcycles/italika_vort-x_250_2025.php
2025,Italmoto Tiquattro 125 Scrambler,-,Allround,125 ccm,https://bikez.com/motorcycles/italmoto_tiquattro_125_scrambler_2025.php
2025,Izuka Citi On,-,Scooter,150 ccm,https://bikez.com/motorcycles/izuka_citi_on_2025.php
2025,Izuka K19,-,Custom/cruiser,198 ccm,https://bikez.com/motorcycles/izuka_k19_2025.php
2025,Izuka TL 125A ES,-,Allround,125 ccm,https://bikez.com/motorcycles/izuka_tl_125a_es_2025.php
2025,Izuka X-Trial 200,-,Enduro/offroad,199 ccm,https://bikez.com/motorcycles/izuka_x-trial_200_2025.php
2025,Janus Gryffin 450,-,Classic,445 ccm,https://bikez.com/motorcycles/janus_gryffin_450_2025.php
2025,Janus Halcyon 450 Fort Goshen,-,Touring,445 ccm,https://bikez.com/motorcycles/janus_halcyon_450_fort_goshen_2025.php
2025,Jawa 300 CL,-,Custom/cruiser,295 ccm,https://bikez.com/motorcycles/jawa_300_cl_2025.php
2025,Jawa 350 2T,-,Allround,344 ccm,https://bikez.com/motorcycles/jawa_350_2t_2025.php
2025,Jawa 350 CL Bobber,-,Custom/cruiser,334 ccm,https://bikez.com/motorcycles/jawa_350_cl_bobber_2025.php
2025,Jawa 350 OHC,-,Custom/cruiser,397 ccm,https://bikez.com/motorcycles/jawa_350_ohc_2025.php
2025,Jawa 400 Geeny,-,Naked bike,401 ccm,https://bikez.com/motorcycles/jawa_400_geeny_2025.php
2025,Jawa 650 OHC,-,Classic,644 ccm,https://bikez.com/motorcycles/jawa_650_ohc_2025.php
2025,Jawa RVM 500,-,Sport,471 ccm,https://bikez.com/motorcycles/jawa_rvm_500_2025.php
2025,Johammer J1.200,-,Allround,Electric,https://bikez.com/motorcycles/johammer_j1200_2025.php
2025,Jonway Striker 200,-,Allround,169 ccm,https://bikez.com/motorcycles/jonway_striker_200_2025.php
2025,Jonway X-Jet 250,-,Sport touring,242 ccm,https://bikez.com/motorcycles/jonway_x-jet_250_2025.php
2025,Kawasaki Brute Force 300,-,ATV,271 ccm,https://bikez.com/motorcycles/kawasaki_brute_force_300_2025.php
2025,Kawasaki Brute Force 750 4x4,-,ATV,749 ccm,https://bikez.com/motorcycles/kawasaki_brute_force_750_4x4_2025.php
2025,Kawasaki Brute Force 750 4x4i EPS,-,ATV,749 ccm,https://bikez.com/motorcycles/kawasaki_brute_force_750_4x4i_eps_2025.php
2025,Kawasaki Brute Force 750 4x4i LE EPS CAMO,-,ATV,749 ccm,https://bikez.com/motorcycles/kawasaki_brute_force_750_4x4i_le_eps_camo_2025.php
2025,Kawasaki Elektrode,-,Allround,Electric,https://bikez.com/motorcycles/kawasaki_elektrode_2025.php
2025,Kawasaki Eliminator,-,Custom/cruiser,451 ccm,https://bikez.com/motorcycles/kawasaki_eliminator_2025.php
2025,Kawasaki Eliminator 500 SE,-,Custom/cruiser,451 ccm,https://bikez.com/motorcycles/kawasaki_eliminator_500_se_2025.php
2025,Kawasaki KLR 650,-,Super motard,652 ccm,https://bikez.com/motorcycles/kawasaki_klr_650_2025.php
2025,Kawasaki KLR 650 Adventure,-,Super motard,652 ccm,https://bikez.com/motorcycles/kawasaki_klr_650_adventure_2025.php
2025,Kawasaki KLR 650 S,-,Super motard,652 ccm,https://bikez.com/motorcycles/kawasaki_klr_650_s_2025.php
2025,Kawasaki KLX 110R,-,Enduro/offroad,112 ccm,https://bikez.com/motorcycles/kawasaki_klx_110r_2025.php
2025,Kawasaki KLX 110R L,-,Enduro/offroad,112 ccm,https://bikez.com/motorcycles/kawasaki_klx_110r_l_2025.php
2025,Kawasaki KLX 140R,-,Enduro/offroad,144 ccm,https://bikez.com/motorcycles/kawasaki_klx_140r_2025.php
2025,Kawasaki KLX 140R F,-,Enduro/offroad,144 ccm,https://bikez.com/motorcycles/kawasaki_klx_140r_f_2025.php
2025,Kawasaki KLX 140R L,-,Enduro/offroad,144 ccm,https://bikez.com/motorcycles/kawasaki_klx_140r_l_2025.php
2025,Kawasaki KLX 230R,-,Enduro/offroad,233 ccm,https://bikez.com/motorcycles/kawasaki_klx_230r_2025.php
2025,Kawasaki KLX 230R S,-,Enduro/offroad,233 ccm,https://bikez.com/motorcycles/kawasaki_klx_230r_s_2025.php
2025,Kawasaki KLX 300R,-,Enduro/offroad,292 ccm,https://bikez.com/motorcycles/kawasaki_klx_300r_2025.php
2025,Kawasaki KLX230SM,-,Super motard,233 ccm,https://bikez.com/motorcycles/kawasaki_klx230sm_2025.php
2025,Kawasaki KLX300,-,Enduro/offroad,292 ccm,https://bikez.com/motorcycles/kawasaki_klx300_2025.php
2025,Kawasaki KLX300 SM,-,Super motard,292 ccm,https://bikez.com/motorcycles/kawasaki_klx300_sm_2025.php
2025,Kawasaki KX 65,-,Cross/motocross,64 ccm,https://bikez.com/motorcycles/kawasaki_kx_65_2025.php
2025,Kawasaki KX 85 II,-,Cross/motocross,84 ccm,https://bikez.com/motorcycles/kawasaki_kx_85_ii_2025.php
2025,Kawasaki KX 85-I,-,Cross/motocross,84 ccm,https://bikez.com/motorcycles/kawasaki_kx_85-i_2025.php
2025,Kawasaki KX112,-,Cross/motocross,112 ccm,https://bikez.com/motorcycles/kawasaki_kx112_2025.php
2025,Kawasaki KX250,-,Cross/motocross,249 ccm,https://bikez.com/motorcycles/kawasaki_kx250_2025.php
2025,Kawasaki KX450,-,Cross/motocross,449 ccm,https://bikez.com/motorcycles/kawasaki_kx450_2025.php
2025,Kawasaki KX450 SR,-,Cross/motocross,449 ccm,https://bikez.com/motorcycles/kawasaki_kx450_sr_2025.php
2025,Kawasaki Ninja 1100SX,-,Sport,1099 ccm,https://bikez.com/motorcycles/kawasaki_ninja_1100sx_2025.php
2025,Kawasaki Ninja 1100SX SE,-,Sport touring,1099 ccm,https://bikez.com/motorcycles/kawasaki_ninja_1100sx_se_2025.php
2025,Kawasaki Ninja 1100SX SE Performance,-,Sport touring,1099 ccm,https://bikez.com/motorcycles/kawasaki_ninja_1100sx_se_performance_2025.php
2025,Kawasaki Ninja 1100SX SE Performance Tourer,-,Sport touring,1099 ccm,https://bikez.com/motorcycles/kawasaki_ninja_1100sx_se_performance_tourer_2025.php
2025,Kawasaki Ninja 400 ZX-4R,-,Sport,399 ccm,https://bikez.com/motorcycles/kawasaki_ninja_400_zx-4r_2025.php
2025,Kawasaki Ninja 500,-,Sport,451 ccm,https://bikez.com/motorcycles/kawasaki_ninja_500_2025.php
2025,Kawasaki Ninja 500 KRT Edition,-,Sport,451 ccm,https://bikez.com/motorcycles/kawasaki_ninja_500_krt_edition_2025.php
2025,Kawasaki Ninja 500 SE,-,Sport,451 ccm,https://bikez.com/motorcycles/kawasaki_ninja_500_se_2025.php
2025,Kawasaki Ninja 500 SE KRT Edition,-,Sport,451 ccm,https://bikez.com/motorcycles/kawasaki_ninja_500_se_krt_edition_2025.php
2025,Kawasaki Ninja 500 SE Performance,-,Sport,451 ccm,https://bikez.com/motorcycles/kawasaki_ninja_500_se_performance_2025.php
2025,Kawasaki Ninja 650,-,Sport,649 ccm,https://bikez.com/motorcycles/kawasaki_ninja_650_2025.php
2025,Kawasaki Ninja 650 Performance,-,Sport,649 ccm,https://bikez.com/motorcycles/kawasaki_ninja_650_performance_2025.php
2025,Kawasaki Ninja H2,-,Sport,998 ccm,https://bikez.com/motorcycles/kawasaki_ninja_h2_2025.php
2025,Kawasaki Ninja H2 Carbon,-,Sport,998 ccm,https://bikez.com/motorcycles/kawasaki_ninja_h2_carbon_2025.php
2025,Kawasaki Ninja H2 R,-,Sport,998 ccm,https://bikez.com/motorcycles/kawasaki_ninja_h2_r_2025.php
2025,Kawasaki Ninja H2 SX SE,-,Sport touring,998 ccm,https://bikez.com/motorcycles/kawasaki_ninja_h2_sx_se_2025.php
2025,Kawasaki Ninja ZX-10R,-,Sport,998 ccm,https://bikez.com/motorcycles/kawasaki_ninja_zx-10r_2025.php
2025,Kawasaki Ninja ZX-10RR,-,Sport,998 ccm,https://bikez.com/motorcycles/kawasaki_ninja_zx-10rr_2025.php
2025,Kawasaki Ninja ZX-10RR Performance,-,Sport,998 ccm,https://bikez.com/motorcycles/kawasaki_ninja_zx-10rr_performance_2025.php
2025,Kawasaki Ninja ZX-14R ABS,Show rating,Sport,1441 ccm,https://bikez.com/motorcycles/kawasaki_ninja_zx-14r_abs_2025.php
2025,Kawasaki Ninja ZX-4R ABS,-,Sport,399 ccm,https://bikez.com/motorcycles/kawasaki_ninja_zx-4r_abs_2025.php
2025,Kawasaki Ninja ZX-4RR,-,Sport,399 ccm,https://bikez.com/motorcycles/kawasaki_ninja_zx-4rr_2025.php
2025,Kawasaki Ninja ZX-4RR Performance,-,Sport,399 ccm,https://bikez.com/motorcycles/kawasaki_ninja_zx-4rr_performance_2025.php
2025,Kawasaki Ninja ZX-6R,-,Sport,636 ccm,https://bikez.com/motorcycles/kawasaki_ninja_zx-6r_2025.php
2025,Kawasaki Ninja ZX-6R Performance,-,Sport,636 ccm,https://bikez.com/motorcycles/kawasaki_ninja_zx-6r_performance_2025.php
2025,Kawasaki Stockman,-,Enduro/offroad,233 ccm,https://bikez.com/motorcycles/kawasaki_stockman_2025.php
2025,Kawasaki Versys 1100 S,-,Sport touring,1099 ccm,https://bikez.com/motorcycles/kawasaki_versys_1100_s_2025.php
2025,Kawasaki Versys 1100 S Grand Tourer,-,Sport touring,1099 ccm,https://bikez.com/motorcycles/kawasaki_versys_1100_s_grand_tourer_2025.php
2025,Kawasaki Versys 1100 S Tourer,-,Sport touring,1099 ccm,https://bikez.com/motorcycles/kawasaki_versys_1100_s_tourer_2025.php
2025,Kawasaki Versys 1100 SE,-,Sport touring,1099 ccm,https://bikez.com/motorcycles/kawasaki_versys_1100_se_2025.php
2025,Kawasaki Versys 1100 SE Grand Tourer,-,Sport touring,1099 ccm,https://bikez.com/motorcycles/kawasaki_versys_1100_se_grand_tourer_2025.php
2025,Kawasaki Versys 1100 SE LT,-,Sport touring,1099 ccm,https://bikez.com/motorcycles/kawasaki_versys_1100_se_lt_2025.php
2025,Kawasaki Versys 650,-,Allround,649 ccm,https://bikez.com/motorcycles/kawasaki_versys_650_2025.php
2025,Kawasaki Versys 650 Grand Tourer,-,Allround,649 ccm,https://bikez.com/motorcycles/kawasaki_versys_650_grand_tourer_2025.php
2025,Kawasaki Versys 650 Tourer,-,Allround,649 ccm,https://bikez.com/motorcycles/kawasaki_versys_650_tourer_2025.php
2025,Kawasaki Versys-X 300 ABS,-,Allround,296 ccm,https://bikez.com/motorcycles/kawasaki_versys-x_300_abs_2025.php
2025,Kawasaki Vulcan  900 Classic,-,Custom/cruiser,903 ccm,https://bikez.com/motorcycles/kawasaki_vulcan_900_classic_2025.php
2025,Kawasaki Vulcan S,-,Custom/cruiser,649 ccm,https://bikez.com/motorcycles/kawasaki_vulcan_s_2025.php
2025,Kawasaki Vulcan S Cafe,-,Custom/cruiser,649 ccm,https://bikez.com/motorcycles/kawasaki_vulcan_s_cafe_2025.php
2025,Kawasaki Vulcan S Performance,-,Custom/cruiser,649 ccm,https://bikez.com/motorcycles/kawasaki_vulcan_s_performance_2025.php
2025,Kawasaki Vulcan S Tourer,-,Touring,649 ccm,https://bikez.com/motorcycles/kawasaki_vulcan_s_tourer_2025.php
2025,Kawasaki W230,Show rating,Classic,233 ccm,https://bikez.com/motorcycles/kawasaki_w230_2025.php
2025,Kawasaki Z H2 SE,-,Naked bike,998 ccm,https://bikez.com/motorcycles/kawasaki_z_h2_se_2025.php
2025,Kawasaki Z H2 SE Performance,-,Naked bike,998 ccm,https://bikez.com/motorcycles/kawasaki_z_h2_se_performance_2025.php
2025,Kawasaki Z500 SE,-,Naked bike,451 ccm,https://bikez.com/motorcycles/kawasaki_z500_se_2025.php
2025,Kawasaki Z500 SE Performance,-,Naked bike,451 ccm,https://bikez.com/motorcycles/kawasaki_z500_se_performance_2025.php
2025,Kawasaki Z650,-,Naked bike,649 ccm,https://bikez.com/motorcycles/kawasaki_z650_2025.php
2025,Kawasaki Z650 Performance,-,Naked bike,649 ccm,https://bikez.com/motorcycles/kawasaki_z650_performance_2025.php
2025,Kawasaki Z650RS,-,Classic,649 ccm,https://bikez.com/motorcycles/kawasaki_z650rs_2025.php
2025,Kawasaki Z900 SE,-,Naked bike,948 ccm,https://bikez.com/motorcycles/kawasaki_z900_se_2025.php
2025,Kawasaki Z900 SE Performance,-,Naked bike,948 ccm,https://bikez.com/motorcycles/kawasaki_z900_se_performance_2025.php
2025,Kawasaki Z900RS,Show rating,Classic,948 ccm,https://bikez.com/motorcycles/kawasaki_z900rs_2025.php
2025,Kawasaki Z900RS SE,-,Classic,948 ccm,https://bikez.com/motorcycles/kawasaki_z900rs_se_2025.php
2025,Kayo K2,-,Enduro/offroad,223 ccm,https://bikez.com/motorcycles/kayo_k2_2025.php
2025,Kayo K2 Pro,-,Enduro/offroad,250 ccm,https://bikez.com/motorcycles/kayo_k2_pro_2025.php
2025,Kayo K4,-,Enduro/offroad,250 ccm,https://bikez.com/motorcycles/kayo_k4_2025.php
2025,Kayo K5,-,Enduro/offroad,280 ccm,https://bikez.com/motorcycles/kayo_k5_2025.php
2025,Kayo K6,-,Enduro/offroad,250 ccm,https://bikez.com/motorcycles/kayo_k6_2025.php
2025,Kayo K6R,-,Enduro/offroad,250 ccm,https://bikez.com/motorcycles/kayo_k6r_2025.php
2025,Kayo KT250,-,Enduro/offroad,224 ccm,https://bikez.com/motorcycles/kayo_kt250_2025.php
2025,Kayo KT50,-,"Minibike, cross",50 ccm,https://bikez.com/motorcycles/kayo_kt50_2025.php
2025,Kayo MiniGP,-,"Minibike, sport",149 ccm,https://bikez.com/motorcycles/kayo_minigp_2025.php
2025,Kayo T2,-,Enduro/offroad,223 ccm,https://bikez.com/motorcycles/kayo_t2_2025.php
2025,Kayo T2 Pro,-,Enduro/offroad,250 ccm,https://bikez.com/motorcycles/kayo_t2_pro_2025.php
2025,Kayo T4,-,Enduro/offroad,250 ccm,https://bikez.com/motorcycles/kayo_t4_2025.php
2025,Kayo T4 300,-,Enduro/offroad,271 ccm,https://bikez.com/motorcycles/kayo_t4_300_2025.php
2025,Kayo TD 125,-,Enduro/offroad,124 ccm,https://bikez.com/motorcycles/kayo_td_125_2025.php
2025,Keeway Gemma 125,-,Scooter,117 ccm,https://bikez.com/motorcycles/keeway_gemma_125_2025.php
2025,Keeway Kee 110,-,Scooter,109 ccm,https://bikez.com/motorcycles/keeway_kee_110_2025.php
2025,Keeway Patagonian Eagle 250,-,Custom/cruiser,249 ccm,https://bikez.com/motorcycles/keeway_patagonian_eagle_250_2025.php
2025,Keeway TX150 Enduro,-,Enduro/offroad,149 ccm,https://bikez.com/motorcycles/keeway_tx150_enduro_2025.php
2025,Kollter Esum S Pro,-,Super motard,Electric,https://bikez.com/motorcycles/kollter_esum_s_pro_2025.php
2025,Kove 800X Pro,-,Enduro/offroad,799 ccm,https://bikez.com/motorcycles/kove_800x_pro_2025.php
2025,Kove 800X Rally,-,Enduro/offroad,799 ccm,https://bikez.com/motorcycles/kove_800x_rally_2025.php
2025,KTM 125 SX,-,Enduro/offroad,125 ccm,https://bikez.com/motorcycles/ktm_125_sx_2025.php
2025,KTM 125 XC,-,Enduro/offroad,125 ccm,https://bikez.com/motorcycles/ktm_125_xc_2025.php
2025,KTM 125 XC-W,-,Enduro/offroad,125 ccm,https://bikez.com/motorcycles/ktm_125_xc-w_2025.php
2025,KTM 1390 Super Adventure S Evo,-,Allround,1350 ccm,https://bikez.com/motorcycles/ktm_1390_super_adventure_s_evo_2025.php
2025,KTM 150 EXC,-,Enduro/offroad,144 ccm,https://bikez.com/motorcycles/ktm_150_exc_2025.php
2025,KTM 150 SX,-,Cross/motocross,144 ccm,https://bikez.com/motorcycles/ktm_150_sx_2025.php
2025,KTM 150 XC-W,-,Enduro/offroad,144 ccm,https://bikez.com/motorcycles/ktm_150_xc-w_2025.php
2025,KTM 250 EXC,-,Enduro/offroad,249 ccm,https://bikez.com/motorcycles/ktm_250_exc_2025.php
2025,KTM 250 EXC Champion,-,Enduro/offroad,249 ccm,https://bikez.com/motorcycles/ktm_250_exc_champion_2025.php
2025,KTM 250 EXC Six Days,-,Enduro/offroad,249 ccm,https://bikez.com/motorcycles/ktm_250_exc_six_days_2025.php
2025,KTM 250 EXC-F,-,Enduro/offroad,250 ccm,https://bikez.com/motorcycles/ktm_250_exc-f_2025.php
2025,KTM 250 EXC-F Champion,-,Enduro/offroad,250 ccm,https://bikez.com/motorcycles/ktm_250_exc-f_champion_2025.php
2025,KTM 250 EXC-F Six Days,-,Enduro/offroad,250 ccm,https://bikez.com/motorcycles/ktm_250_exc-f_six_days_2025.php
2025,KTM 250 SX,-,Cross/motocross,249 ccm,https://bikez.com/motorcycles/ktm_250_sx_2025.php
2025,KTM 250 SX-F,Show rating,Cross/motocross,250 ccm,https://bikez.com/motorcycles/ktm_250_sx-f_2025.php
2025,KTM 250 SX-F Adamo,-,Cross/motocross,250 ccm,https://bikez.com/motorcycles/ktm_250_sx-f_adamo_2025.php
2025,KTM 250 XC,-,Enduro/offroad,249 ccm,https://bikez.com/motorcycles/ktm_250_xc_2025.php
2025,KTM 250 XC-F,-,Enduro/offroad,250 ccm,https://bikez.com/motorcycles/ktm_250_xc-f_2025.php
2025,KTM 300 EXC,-,Enduro/offroad,293 ccm,https://bikez.com/motorcycles/ktm_300_exc_2025.php
2025,KTM 300 EXC Champion,-,Enduro/offroad,293 ccm,https://bikez.com/motorcycles/ktm_300_exc_champion_2025.php
2025,KTM 300 EXC Hardenduro,-,Enduro/offroad,293 ccm,https://bikez.com/motorcycles/ktm_300_exc_hardenduro_2025.php
2025,KTM 300 EXC Six Days,-,Enduro/offroad,293 ccm,https://bikez.com/motorcycles/ktm_300_exc_six_days_2025.php
2025,KTM 300 SX,-,Cross/motocross,293 ccm,https://bikez.com/motorcycles/ktm_300_sx_2025.php
2025,KTM 300 XC,-,Enduro/offroad,293 ccm,https://bikez.com/motorcycles/ktm_300_xc_2025.php
2025,KTM 300 XC-W,-,Enduro/offroad,293 ccm,https://bikez.com/motorcycles/ktm_300_xc-w_2025.php
2025,KTM 300 XC-W Champion,-,Enduro/offroad,293 ccm,https://bikez.com/motorcycles/ktm_300_xc-w_champion_2025.php
2025,KTM 300 XC-W Factory,-,Enduro/offroad,293 ccm,https://bikez.com/motorcycles/ktm_300_xc-w_factory_2025.php
2025,KTM 350 EXC-F,-,Enduro/offroad,350 ccm,https://bikez.com/motorcycles/ktm_350_exc-f_2025.php
2025,KTM 350 EXC-F Champion,-,Enduro/offroad,350 ccm,https://bikez.com/motorcycles/ktm_350_exc-f_champion_2025.php
2025,KTM 350 EXC-F Six Days,-,Enduro/offroad,350 ccm,https://bikez.com/motorcycles/ktm_350_exc-f_six_days_2025.php
2025,KTM 350 SX-F,-,Cross/motocross,350 ccm,https://bikez.com/motorcycles/ktm_350_sx-f_2025.php
2025,KTM 350 XC-F,-,Enduro/offroad,350 ccm,https://bikez.com/motorcycles/ktm_350_xc-f_2025.php
2025,KTM 350 XC-F Factory,-,Enduro/offroad,350 ccm,https://bikez.com/motorcycles/ktm_350_xc-f_factory_2025.php
2025,KTM 450 EXC-F,-,Enduro/offroad,450 ccm,https://bikez.com/motorcycles/ktm_450_exc-f_2025.php
2025,KTM 450 EXC-F Champion,-,Enduro/offroad,450 ccm,https://bikez.com/motorcycles/ktm_450_exc-f_champion_2025.php
2025,KTM 450 EXC-F Six Days,-,Enduro/offroad,450 ccm,https://bikez.com/motorcycles/ktm_450_exc-f_six_days_2025.php
2025,KTM 450 Rally Replica,-,Enduro/offroad,449 ccm,https://bikez.com/motorcycles/ktm_450_rally_replica_2025.php
2025,KTM 450 SMR,-,Super motard,449 ccm,https://bikez.com/motorcycles/ktm_450_smr_2025.php
2025,KTM 450 SX-F,-,Cross/motocross,450 ccm,https://bikez.com/motorcycles/ktm_450_sx-f_2025.php
2025,KTM 450 XC-F,-,Enduro/offroad,449 ccm,https://bikez.com/motorcycles/ktm_450_xc-f_2025.php
2025,KTM 450 XCF-W,-,Enduro/offroad,449 ccm,https://bikez.com/motorcycles/ktm_450_xcf-w_2025.php
2025,KTM 50 SX,-,"Minibike, cross",49 ccm,https://bikez.com/motorcycles/ktm_50_sx_2025.php
2025,KTM 50 SX Factory,-,"Minibike, cross",49 ccm,https://bikez.com/motorcycles/ktm_50_sx_factory_2025.php
2025,KTM 500 EXC-F,-,Enduro/offroad,511 ccm,https://bikez.com/motorcycles/ktm_500_exc-f_2025.php
2025,KTM 500 EXC-F Champion,-,Enduro/offroad,511 ccm,https://bikez.com/motorcycles/ktm_500_exc-f_champion_2025.php
2025,KTM 500 EXC-F Six Days,-,Enduro/offroad,511 ccm,https://bikez.com/motorcycles/ktm_500_exc-f_six_days_2025.php
2025,KTM 65 SX,-,"Minibike, cross",65 ccm,https://bikez.com/motorcycles/ktm_65_sx_2025.php
2025,KTM 85 SX 17-14,-,Cross/motocross,85 ccm,https://bikez.com/motorcycles/ktm_85_sx_17-14_2025.php
2025,KTM 85 SX 19-16,-,Cross/motocross,85 ccm,https://bikez.com/motorcycles/ktm_85_sx_19-16_2025.php
2025,KTM Freeride E,-,Enduro/offroad,Electric,https://bikez.com/motorcycles/ktm_freeride_e_2025.php
2025,KTM SX-E 2,-,"Minibike, cross",Electric,https://bikez.com/motorcycles/ktm_sx-e_2_2025.php
2025,KTM SX-E 3,-,"Minibike, cross",Electric,https://bikez.com/motorcycles/ktm_sx-e_3_2025.php
2025,KTM SX-E 5,-,"Minibike, cross",Electric,https://bikez.com/motorcycles/ktm_sx-e_5_2025.php
2025,Kuba Pesaro 50,-,Allround,50 ccm,https://bikez.com/motorcycles/kuba_pesaro_50_2025.php
2025,Kymco Agility 50,-,Scooter,49 ccm,https://bikez.com/motorcycles/kymco_agility_50_2025.php
2025,Kymco AK 550i,-,Scooter,550 ccm,https://bikez.com/motorcycles/kymco_ak_550i_2025.php
2025,Kymco Like 150i Noodoe,-,Scooter,150 ccm,https://bikez.com/motorcycles/kymco_like_150i_noodoe_2025.php
2025,Kymco Super 8 50X,-,Scooter,49 ccm,https://bikez.com/motorcycles/kymco_super_8_50x_2025.php
2025,Lambretta G350 Series II,-,Scooter,330 ccm,https://bikez.com/motorcycles/lambretta_g350_series_ii_2025.php
2025,Lambretta V200,-,Scooter,169 ccm,https://bikez.com/motorcycles/lambretta_v200_2025.php
2025,Lambretta V50 Special,-,Scooter,50 ccm,https://bikez.com/motorcycles/lambretta_v50_special_2025.php
2025,Lambretta X300 Special,-,Scooter,275 ccm,https://bikez.com/motorcycles/lambretta_x300_special_2025.php
2025,Lambretta X300 SR,-,Scooter,275 ccm,https://bikez.com/motorcycles/lambretta_x300_sr_2025.php
2025,Lance Cali Classic 200i,-,Scooter,169 ccm,https://bikez.com/motorcycles/lance_cali_classic_200i_2025.php
2025,Lexmoto Diablo 125,-,Scooter,125 ccm,https://bikez.com/motorcycles/lexmoto_diablo_125_2025.php
2025,Lexmoto LS E55,-,Scooter,50 ccm,https://bikez.com/motorcycles/lexmoto_ls_e55_2025.php
2025,Lexmoto Michigan 125,-,Allround,125 ccm,https://bikez.com/motorcycles/lexmoto_michigan_125_2025.php
2025,Lexmoto Nexus 125,-,Scooter,125 ccm,https://bikez.com/motorcycles/lexmoto_nexus_125_2025.php
2025,Lexmoto SRT 125,-,Scooter,125 ccm,https://bikez.com/motorcycles/lexmoto_srt_125_2025.php
2025,Lexmoto XDV 125,-,Scooter,125 ccm,https://bikez.com/motorcycles/lexmoto_xdv_125_2025.php
2025,Lifan KPM Mini RS,-,Sport,198 ccm,https://bikez.com/motorcycles/lifan_kpm_mini_rs_2025.php
2025,Lifan KPmini RS,-,"Minibike, sport",149 ccm,https://bikez.com/motorcycles/lifan_kpmini_rs_2025.php
2025,Lifan KPT400,-,Touring,378 ccm,https://bikez.com/motorcycles/lifan_kpt400_2025.php
2025,LiveWire S2 Mulholland,-,Allround,Electric,https://bikez.com/motorcycles/livewire_s2_mulholland_2025.php
2025,Macbor Montana XR1 125,-,Sport touring,125 ccm,https://bikez.com/motorcycles/macbor_montana_xr1_125_2025.php
2025,Macbor Montana XR5 510,-,Super motard,498 ccm,https://bikez.com/motorcycles/macbor_montana_xr5_510_2025.php
2025,Macbor Rockster 410,-,Custom/cruiser,401 ccm,https://bikez.com/motorcycles/macbor_rockster_410_2025.php
2025,Malaguti Aventura 125,-,Scooter,125 ccm,https://bikez.com/motorcycles/malaguti_aventura_125_2025.php
2025,Malaguti Crosser CR1 125,-,Scooter,125 ccm,https://bikez.com/motorcycles/malaguti_crosser_cr1_125_2025.php
2025,Malaguti Drakon 125,-,Naked bike,125 ccm,https://bikez.com/motorcycles/malaguti_drakon_125_2025.php
2025,Malaguti Dune 125 Adventure,-,Super motard,124 ccm,https://bikez.com/motorcycles/malaguti_dune_125_adventure_2025.php
2025,Malaguti Madison 125 City,Show rating,Scooter,125 ccm,https://bikez.com/motorcycles/malaguti_madison_125_city_2025.php
2025,Malaguti Madison 300,-,Scooter,278 ccm,https://bikez.com/motorcycles/malaguti_madison_300_2025.php
2025,Malaguti Mission 125 City,-,Scooter,124 ccm,https://bikez.com/motorcycles/malaguti_mission_125_city_2025.php
2025,Malaguti Spidermax 300,-,Scooter,278 ccm,https://bikez.com/motorcycles/malaguti_spidermax_300_2025.php
2025,Malaguti XSM125 Adventure,-,Super motard,125 ccm,https://bikez.com/motorcycles/malaguti_xsm125_adventure_2025.php
2025,Malaguti XTM125 Adventure,-,Enduro/offroad,125 ccm,https://bikez.com/motorcycles/malaguti_xtm125_adventure_2025.php
2025,Mikilon MZK 250,-,Cross/motocross,250 ccm,https://bikez.com/motorcycles/mikilon_mzk_250_2025.php
2025,Moto Guzzi V85 Strada,-,Sport,853 ccm,https://bikez.com/motorcycles/moto_guzzi_v85_strada_2025.php
2025,Moto Guzzi V85 TT,Show rating,Enduro/offroad,853 ccm,https://bikez.com/motorcycles/moto_guzzi_v85_tt_2025.php
2025,Moto Guzzi V85 TT Travel,-,Super motard,853 ccm,https://bikez.com/motorcycles/moto_guzzi_v85_tt_travel_2025.php
2025,Moto Morini Calibro Bagger,-,Touring,694 ccm,https://bikez.com/motorcycles/moto_morini_calibro_bagger_2025.php
2025,Moto Morini Calibro Custom,-,Custom/cruiser,694 ccm,https://bikez.com/motorcycles/moto_morini_calibro_custom_2025.php
2025,Neco GPX 4T 50,-,Scooter,50 ccm,https://bikez.com/motorcycles/neco_gpx_4t_50_2025.php
2025,Neco One 12,-,Scooter,Electric,https://bikez.com/motorcycles/neco_one_12_2025.php
2025,Norton Commando 961 Cafe Racer,-,Classic,961 ccm,https://bikez.com/motorcycles/norton_commando_961_cafe_racer_2025.php
2025,Norton Commando 961 Sport,-,Classic,961 ccm,https://bikez.com/motorcycles/norton_commando_961_sport_2025.php
2025,Norton V4CR,-,Naked bike,1200 ccm,https://bikez.com/motorcycles/norton_v4cr_2025.php
2025,Norton V4SV,-,Sport,1200 ccm,https://bikez.com/motorcycles/norton_v4sv_2025.php
2025,Ola Gig,-,Scooter,Electric,https://bikez.com/motorcycles/ola_gig_2025.php
2025,Ola Roadster,-,Allround,Electric,https://bikez.com/motorcycles/ola_roadster_2025.php
2025,Ola Roadster X,-,Allround,Electric,https://bikez.com/motorcycles/ola_roadster_x_2025.php
2025,Ola Roadster X Plus,-,Allround,Electric,https://bikez.com/motorcycles/ola_roadster_x_plus_2025.php
2025,Ola S1 Z,-,Scooter,Electric,https://bikez.com/motorcycles/ola_s1_z_2025.php
2025,Orcal Arios 50,-,Scooter,50 ccm,https://bikez.com/motorcycles/orcal_arios_50_2025.php
2025,Orcal Cavaro 50,-,Scooter,50 ccm,https://bikez.com/motorcycles/orcal_cavaro_50_2025.php
2025,Peugeot Kisbee 50 Active,-,Scooter,50 ccm,https://bikez.com/motorcycles/peugeot_kisbee_50_active_2025.php
2025,Peugeot Metropolis SW,-,Scooter,399 ccm,https://bikez.com/motorcycles/peugeot_metropolis_sw_2025.php
2025,Peugeot Speedfight4 50,-,Scooter,50 ccm,https://bikez.com/motorcycles/peugeot_speedfight4_50_2025.php
2025,Piaggio BV 400 S,-,Scooter,399 ccm,https://bikez.com/motorcycles/piaggio_bv_400_s_2025.php
2025,Piaggio MP3 530 HPE Exclusive,-,Scooter,530 ccm,https://bikez.com/motorcycles/piaggio_mp3_530_hpe_exclusive_2025.php
2025,Revolt RV1,-,Sport,Electric,https://bikez.com/motorcycles/revolt_rv1_2025.php
2025,Rieju Aventura 125,-,Enduro/offroad,125 ccm,https://bikez.com/motorcycles/rieju_aventura_125_2025.php
2025,Rieju Aventura 500,-,Super motard,500 ccm,https://bikez.com/motorcycles/rieju_aventura_500_2025.php
2025,Rieju Century,-,Sport,125 ccm,https://bikez.com/motorcycles/rieju_century_2025.php
2025,Rieju Marathon 125 Europe,-,Super motard,125 ccm,https://bikez.com/motorcycles/rieju_marathon_125_europe_2025.php
2025,Rieju Marathon 125 Pro,-,Enduro/offroad,125 ccm,https://bikez.com/motorcycles/rieju_marathon_125_pro_2025.php
2025,Rieju Marathon 125 SM LC,-,Super motard,125 ccm,https://bikez.com/motorcycles/rieju_marathon_125_sm_lc_2025.php
2025,Rieju Marathon 125 SM Pro,-,Super motard,125 ccm,https://bikez.com/motorcycles/rieju_marathon_125_sm_pro_2025.php
2025,Rieju MRT 50 SM,-,Super motard,50 ccm,https://bikez.com/motorcycles/rieju_mrt_50_sm_2025.php
2025,Rieju Tango 125i,-,Allround,125 ccm,https://bikez.com/motorcycles/rieju_tango_125i_2025.php
2025,Rieju Tango 125i Scrambler,-,Naked bike,125 ccm,https://bikez.com/motorcycles/rieju_tango_125i_scrambler_2025.php
2025,Royal Alloy GP 125 LC,-,Scooter,125 ccm,https://bikez.com/motorcycles/royal_alloy_gp_125_lc_2025.php
2025,Royal Alloy GP 300,-,Scooter,278 ccm,https://bikez.com/motorcycles/royal_alloy_gp_300_2025.php
2025,Royal Alloy GP 300 SE,-,Scooter,278 ccm,https://bikez.com/motorcycles/royal_alloy_gp_300_se_2025.php
2025,Royal Alloy GT 125 AC,-,Scooter,125 ccm,https://bikez.com/motorcycles/royal_alloy_gt_125_ac_2025.php
2025,Royal Alloy TG 125 AC,-,Scooter,125 ccm,https://bikez.com/motorcycles/royal_alloy_tg_125_ac_2025.php
2025,Ryvid Anthem,-,Allround,Electric,https://bikez.com/motorcycles/ryvid_anthem_2025.php
2025,Ryvid Outset,-,Super motard,Electric,https://bikez.com/motorcycles/ryvid_outset_2025.php
2025,Serpento Aspid 200,-,Allround,200 ccm,https://bikez.com/motorcycles/serpento_aspid_200_2025.php
2025,Serpento Hurricane 250,-,Sport,250 ccm,https://bikez.com/motorcycles/serpento_hurricane_250_2025.php
2025,Serpento Naga 200,-,Naked bike,193 ccm,https://bikez.com/motorcycles/serpento_naga_200_2025.php
2025,Serpento Taypan 200,-,Allround,200 ccm,https://bikez.com/motorcycles/serpento_taypan_200_2025.php
2025,Serpento Taypan R 200,-,Allround,200 ccm,https://bikez.com/motorcycles/serpento_taypan_r_200_2025.php
2025,Serpento Viper 250,-,Enduro/offroad,250 ccm,https://bikez.com/motorcycles/serpento_viper_250_2025.php
2025,Serpento Yara 250,-,Enduro/offroad,250 ccm,https://bikez.com/motorcycles/serpento_yara_250_2025.php
2025,Sharmax Custom 1000 RST Roadster,-,Custom/cruiser,800 ccm,https://bikez.com/motorcycles/sharmax_custom_1000_rst_roadster_2025.php
2025,Sharmax Power Max 250,-,Cross/motocross,250 ccm,https://bikez.com/motorcycles/sharmax_power_max_250_2025.php
2025,Sharmax Sport 250,-,Enduro/offroad,250 ccm,https://bikez.com/motorcycles/sharmax_sport_250_2025.php
2025,Sharmax Super Sport GP 250,-,Sport,250 ccm,https://bikez.com/motorcycles/sharmax_super_sport_gp_250_2025.php
2025,Sharmax Super Sport GP 250 Competition,-,Sport,250 ccm,https://bikez.com/motorcycles/sharmax_super_sport_gp_250_competition_2025.php
2025,Sharmax Travel 1000 RR Limited,-,Touring,800 ccm,https://bikez.com/motorcycles/sharmax_travel_1000_rr_limited_2025.php
2025,Sherco 125 4T SM-RS  Factory,-,Super motard,124 ccm,https://bikez.com/motorcycles/sherco_125_4t_sm-rs_factory_2025.php
2025,Sherco 125 4T SM-RS Blackmoon,-,Super motard,124 ccm,https://bikez.com/motorcycles/sherco_125_4t_sm-rs_blackmoon_2025.php
2025,Sherco 125 SE Factory,-,Enduro/offroad,125 ccm,https://bikez.com/motorcycles/sherco_125_se_factory_2025.php
2025,Sherco 125 SE-RS Factory,-,Enduro/offroad,124 ccm,https://bikez.com/motorcycles/sherco_125_se-rs_factory_2025.php
2025,Sherco 250 SE Factory,-,Enduro/offroad,249 ccm,https://bikez.com/motorcycles/sherco_250_se_factory_2025.php
2025,Sherco 250 SEF Factory,-,Enduro/offroad,248 ccm,https://bikez.com/motorcycles/sherco_250_sef_factory_2025.php
2025,Sherco 300 SE Factory,-,Enduro/offroad,293 ccm,https://bikez.com/motorcycles/sherco_300_se_factory_2025.php
2025,Sherco 300 SE Racing,-,Enduro/offroad,293 ccm,https://bikez.com/motorcycles/sherco_300_se_racing_2025.php
2025,Sherco 300 ST F-Factory,-,Trial,294 ccm,https://bikez.com/motorcycles/sherco_300_st_f-factory_2025.php
2025,Sherco 300 ST F-Factory Adam Raga Replica,-,Trial,300 ccm,https://bikez.com/motorcycles/sherco_300_st_f-factory_adam_raga_replica_2025.php
2025,Sherco 450 SEF Factory,-,Enduro/offroad,449 ccm,https://bikez.com/motorcycles/sherco_450_sef_factory_2025.php
2025,Sherco 50 SE-R Factory,-,Enduro/offroad,50 ccm,https://bikez.com/motorcycles/sherco_50_se-r_factory_2025.php
2025,Sherco 50 SE-RS Factory,-,Enduro/offroad,50 ccm,https://bikez.com/motorcycles/sherco_50_se-rs_factory_2025.php
2025,Sherco 50 SM-R Factory,-,Super motard,50 ccm,https://bikez.com/motorcycles/sherco_50_sm-r_factory_2025.php
2025,Sherco 50 SM-RS Factory,-,Super motard,50 ccm,https://bikez.com/motorcycles/sherco_50_sm-rs_factory_2025.php
2025,Sherco 50 SM-RS Pink,-,Super motard,50 ccm,https://bikez.com/motorcycles/sherco_50_sm-rs_pink_2025.php
2025,Sherco 500 SEF Factory,-,Enduro/offroad,478 ccm,https://bikez.com/motorcycles/sherco_500_sef_factory_2025.php
2025,Sherco 500 SM Factory,-,Super motard,478 ccm,https://bikez.com/motorcycles/sherco_500_sm_factory_2025.php
2025,Sherco TY Limited Edition,-,Enduro/offroad,124 ccm,https://bikez.com/motorcycles/sherco_ty_limited_edition_2025.php
2025,Sherco TY Long Ride,-,Enduro/offroad,124 ccm,https://bikez.com/motorcycles/sherco_ty_long_ride_2025.php
2025,Soriano Giaguaro V1 Gara,-,Sport,Electric,https://bikez.com/motorcycles/soriano_giaguaro_v1_gara_2025.php
2025,Suzuki Address 125,-,Scooter,125 ccm,https://bikez.com/motorcycles/suzuki_address_125_2025.php
2025,Suzuki Avenis 125,-,Scooter,124 ccm,https://bikez.com/motorcycles/suzuki_avenis_125_2025.php
2025,Suzuki Boulevard C50,-,Custom/cruiser,805 ccm,https://bikez.com/motorcycles/suzuki_boulevard_c50_2025.php
2025,Suzuki Boulevard C50T,-,Touring,805 ccm,https://bikez.com/motorcycles/suzuki_boulevard_c50t_2025.php
2025,Suzuki Boulevard C50T Special,-,Touring,805 ccm,https://bikez.com/motorcycles/suzuki_boulevard_c50t_special_2025.php
2025,Suzuki Boulevard M109R,-,Custom/cruiser,1783 ccm,https://bikez.com/motorcycles/suzuki_boulevard_m109r_2025.php
2025,Suzuki Burgman 400,-,Scooter,400 ccm,https://bikez.com/motorcycles/suzuki_burgman_400_2025.php
2025,Suzuki Burgman Street 125EX,-,Scooter,124 ccm,https://bikez.com/motorcycles/suzuki_burgman_street_125ex_2025.php
2025,Suzuki DR-Z125L,-,Enduro/offroad,124 ccm,https://bikez.com/motorcycles/suzuki_dr-z125l_2025.php
2025,Suzuki DR-Z4S,-,Enduro/offroad,398 ccm,https://bikez.com/motorcycles/suzuki_dr-z4s_2025.php
2025,Suzuki DR-Z4SM,-,Super motard,398 ccm,https://bikez.com/motorcycles/suzuki_dr-z4sm_2025.php
2025,Suzuki DR-Z50,-,"Minibike, cross",49 ccm,https://bikez.com/motorcycles/suzuki_dr-z50_2025.php
2025,Suzuki DR650S,-,Super motard,644 ccm,https://bikez.com/motorcycles/suzuki_dr650s_2025.php
2025,Suzuki GSX-8R,-,Sport,776 ccm,https://bikez.com/motorcycles/suzuki_gsx-8r_2025.php
2025,Suzuki GSX-8S,-,Naked bike,776 ccm,https://bikez.com/motorcycles/suzuki_gsx-8s_2025.php
2025,Suzuki GSX-R1000,-,Sport,1000 ccm,https://bikez.com/motorcycles/suzuki_gsx-r1000_2025.php
2025,Suzuki GSX-R1000R,-,Sport,1000 ccm,https://bikez.com/motorcycles/suzuki_gsx-r1000r_2025.php
2025,Suzuki GSX-R1000RZ,-,Sport,1000 ccm,https://bikez.com/motorcycles/suzuki_gsx-r1000rz_2025.php
2025,Suzuki GSX-R125,-,Sport,124 ccm,https://bikez.com/motorcycles/suzuki_gsx-r125_2025.php
2025,Suzuki GSX-R600,-,Sport,599 ccm,https://bikez.com/motorcycles/suzuki_gsx-r600_2025.php
2025,Suzuki GSX-R600Z,-,Sport,599 ccm,https://bikez.com/motorcycles/suzuki_gsx-r600z_2025.php
2025,Suzuki GSX-R750,-,Sport,750 ccm,https://bikez.com/motorcycles/suzuki_gsx-r750_2025.php
2025,Suzuki GSX-R750Z,-,Sport,750 ccm,https://bikez.com/motorcycles/suzuki_gsx-r750z_2025.php
2025,Suzuki GSX-S1000,-,Naked bike,999 ccm,https://bikez.com/motorcycles/suzuki_gsx-s1000_2025.php
2025,Suzuki GSX-S1000GT,-,Sport touring,999 ccm,https://bikez.com/motorcycles/suzuki_gsx-s1000gt_2025.php
2025,Suzuki GSX-S1000GT Plus,-,Sport touring,1000 ccm,https://bikez.com/motorcycles/suzuki_gsx-s1000gt_plus_2025.php
2025,Suzuki GSX-S1000GX Plus,-,Sport touring,999 ccm,https://bikez.com/motorcycles/suzuki_gsx-s1000gx_plus_2025.php
2025,Suzuki GSX-S125,-,Naked bike,124 ccm,https://bikez.com/motorcycles/suzuki_gsx-s125_2025.php
2025,Suzuki GSX-S950,-,Naked bike,999 ccm,https://bikez.com/motorcycles/suzuki_gsx-s950_2025.php
2025,Suzuki GSX250R,-,Sport,248 ccm,https://bikez.com/motorcycles/suzuki_gsx250r_2025.php
2025,Suzuki Hayabusa,Show rating,Sport,1340 ccm,https://bikez.com/motorcycles/suzuki_hayabusa_2025.php
2025,Suzuki Katana,-,Sport,999 ccm,https://bikez.com/motorcycles/suzuki_katana_2025.php
2025,Suzuki KingQuad 400ASi,-,ATV,376 ccm,https://bikez.com/motorcycles/suzuki_kingquad_400asi_2025.php
2025,Suzuki KingQuad 500AXi,-,ATV,493 ccm,https://bikez.com/motorcycles/suzuki_kingquad_500axi_2025.php
2025,Suzuki KingQuad 750AXi,-,ATV,722 ccm,https://bikez.com/motorcycles/suzuki_kingquad_750axi_2025.php
2025,Suzuki QuadSport Z50,-,ATV,49 ccm,https://bikez.com/motorcycles/suzuki_quadsport_z50_2025.php
2025,Suzuki QuadSport Z90,-,ATV,90 ccm,https://bikez.com/motorcycles/suzuki_quadsport_z90_2025.php
2025,Suzuki RM-Z250,-,Cross/motocross,249 ccm,https://bikez.com/motorcycles/suzuki_rm-z250_2025.php
2025,Suzuki RM-Z450,-,Cross/motocross,449 ccm,https://bikez.com/motorcycles/suzuki_rm-z450_2025.php
2025,Suzuki SV650,-,Naked bike,645 ccm,https://bikez.com/motorcycles/suzuki_sv650_2025.php
2025,Suzuki SV650X,-,Naked bike,645 ccm,https://bikez.com/motorcycles/suzuki_sv650x_2025.php
2025,Suzuki V-Strom 1050,-,Super motard,1037 ccm,https://bikez.com/motorcycles/suzuki_v-strom_1050_2025.php
2025,Suzuki V-Strom 1050 Tour,-,Super motard,1037 ccm,https://bikez.com/motorcycles/suzuki_v-strom_1050_tour_2025.php
2025,Suzuki V-Strom 1050DE,-,Super motard,1037 ccm,https://bikez.com/motorcycles/suzuki_v-strom_1050de_2025.php
2025,Suzuki V-Strom 1050DE Tour,-,Super motard,1037 ccm,https://bikez.com/motorcycles/suzuki_v-strom_1050de_tour_2025.php
2025,Suzuki V-Strom 650,-,Super motard,645 ccm,https://bikez.com/motorcycles/suzuki_v-strom_650_2025.php
2025,Suzuki V-Strom 650XT,-,Super motard,645 ccm,https://bikez.com/motorcycles/suzuki_v-strom_650xt_2025.php
2025,Suzuki V-Strom 650XT Adventure,-,Super motard,645 ccm,https://bikez.com/motorcycles/suzuki_v-strom_650xt_adventure_2025.php
2025,Suzuki V-Strom 800,-,Super motard,776 ccm,https://bikez.com/motorcycles/suzuki_v-strom_800_2025.php
2025,Suzuki V-Strom 800DE,-,Super motard,776 ccm,https://bikez.com/motorcycles/suzuki_v-strom_800de_2025.php
2025,Suzuki V-Strom 800DE Adventure,-,Super motard,776 ccm,https://bikez.com/motorcycles/suzuki_v-strom_800de_adventure_2025.php
2025,Suzuki V-Strom 800RE,-,Super motard,776 ccm,https://bikez.com/motorcycles/suzuki_v-strom_800re_2025.php
2025,Suzuki V-Strom 800RE Tour,-,Super motard,776 ccm,https://bikez.com/motorcycles/suzuki_v-strom_800re_tour_2025.php
2025,SWM Custom V1200 Stormbreaker,-,Custom/cruiser,1200 ccm,https://bikez.com/motorcycles/swm_custom_v1200_stormbreaker_2025.php
2025,SWM Custom V1200 Stormbreaker Amaranth,-,Custom/cruiser,1200 ccm,https://bikez.com/motorcycles/swm_custom_v1200_stormbreaker_amaranth_2025.php
2025,SWM Custom V1200 Stormbreaker Special Edition,-,Custom/cruiser,1200 ccm,https://bikez.com/motorcycles/swm_custom_v1200_stormbreaker_special_edition_2025.php
2025,SWM Gran Milano Black,-,Allround,494 ccm,https://bikez.com/motorcycles/swm_gran_milano_black_2025.php
2025,SWM Gran Milano Silver,-,Allround,494 ccm,https://bikez.com/motorcycles/swm_gran_milano_silver_2025.php
2025,SWM Gran Turismo 650 Blu,-,Sport,650 ccm,https://bikez.com/motorcycles/swm_gran_turismo_650_blu_2025.php
2025,SWM Hoku 125 Red,-,Naked bike,125 ccm,https://bikez.com/motorcycles/swm_hoku_125_red_2025.php
2025,SWM Hoku 400,-,Naked bike,401 ccm,https://bikez.com/motorcycles/swm_hoku_400_2025.php
2025,SWM RS 300 R,-,Enduro/offroad,298 ccm,https://bikez.com/motorcycles/swm_rs_300_r_2025.php
2025,SWM Silver Vase 650,-,Classic,644 ccm,https://bikez.com/motorcycles/swm_silver_vase_650_2025.php
2025,SWM Silver Vase T 650,-,Classic,644 ccm,https://bikez.com/motorcycles/swm_silver_vase_t_650_2025.php
2025,SWM Six6 500,-,Allround,445 ccm,https://bikez.com/motorcycles/swm_six6_500_2025.php
2025,SWM SM 125 R,-,Enduro/offroad,125 ccm,https://bikez.com/motorcycles/swm_sm_125_r_2025.php
2025,SWM SuperDual T,-,Sport touring,600 ccm,https://bikez.com/motorcycles/swm_superdual_t_2025.php
2025,SWM SuperDual X,-,Sport touring,600 ccm,https://bikez.com/motorcycles/swm_superdual_x_2025.php
2025,Sym ADX 125,-,Scooter,125 ccm,https://bikez.com/motorcycles/sym_adx_125_2025.php
2025,Sym ADX 300,Show rating,Scooter,278 ccm,https://bikez.com/motorcycles/sym_adx_300_2025.php
2025,Sym ADXTG,-,Scooter,278 ccm,https://bikez.com/motorcycles/sym_adxtg_2025.php
2025,Sym Crox 50,-,Scooter,49 ccm,https://bikez.com/motorcycles/sym_crox_50_2025.php
2025,Sym Cruisym 300,-,Scooter,278 ccm,https://bikez.com/motorcycles/sym_cruisym_300_2025.php
2025,Sym Fiddle 125,-,Scooter,125 ccm,https://bikez.com/motorcycles/sym_fiddle_125_2025.php
2025,Sym Fiddle 50,-,Scooter,49 ccm,https://bikez.com/motorcycles/sym_fiddle_50_2025.php
2025,Sym Fugue 125,-,Scooter,125 ccm,https://bikez.com/motorcycles/sym_fugue_125_2025.php
2025,Sym HD 300,-,Scooter,278 ccm,https://bikez.com/motorcycles/sym_hd_300_2025.php
2025,Sym Jet 4 RX 50,-,Scooter,49 ccm,https://bikez.com/motorcycles/sym_jet_4_rx_50_2025.php
2025,Sym Jet X 125,-,Scooter,125 ccm,https://bikez.com/motorcycles/sym_jet_x_125_2025.php
2025,Sym Jet14 Evo 125,-,Scooter,125 ccm,https://bikez.com/motorcycles/sym_jet14_evo_125_2025.php
2025,Sym Jet14 Evo 200,-,Scooter,169 ccm,https://bikez.com/motorcycles/sym_jet14_evo_200_2025.php
2025,Sym Joymax Z Plus 300,-,Scooter,278 ccm,https://bikez.com/motorcycles/sym_joymax_z_plus_300_2025.php
2025,Sym Joyride 300,-,Scooter,278 ccm,https://bikez.com/motorcycles/sym_joyride_300_2025.php
2025,Sym Joyride S 200,-,Scooter,175 ccm,https://bikez.com/motorcycles/sym_joyride_s_200_2025.php
2025,Sym Maxsym 400,-,Scooter,399 ccm,https://bikez.com/motorcycles/sym_maxsym_400_2025.php
2025,Sym Maxsym 400 GT,-,Scooter,399 ccm,https://bikez.com/motorcycles/sym_maxsym_400_gt_2025.php
2025,Sym Maxsym TL 508,-,Scooter,508 ccm,https://bikez.com/motorcycles/sym_maxsym_tl_508_2025.php
2025,Sym Mio 50,-,Scooter,49 ccm,https://bikez.com/motorcycles/sym_mio_50_2025.php
2025,Sym SYMNH T 125,-,Allround,124 ccm,https://bikez.com/motorcycles/sym_symnh_t_125_2025.php
2025,Sym SYMNH X 125,-,Naked bike,124 ccm,https://bikez.com/motorcycles/sym_symnh_x_125_2025.php
2025,Sym Symphony 125,-,Scooter,125 ccm,https://bikez.com/motorcycles/sym_symphony_125_2025.php
2025,Sym Symphony 200,-,Scooter,169 ccm,https://bikez.com/motorcycles/sym_symphony_200_2025.php
2025,Sym Symphony 50,-,Scooter,49 ccm,https://bikez.com/motorcycles/sym_symphony_50_2025.php
2025,Sym Symphony Cargo 125,-,Scooter,125 ccm,https://bikez.com/motorcycles/sym_symphony_cargo_125_2025.php
2025,Sym Symphony SR 125,-,Scooter,125 ccm,https://bikez.com/motorcycles/sym_symphony_sr_125_2025.php
2025,Sym Symphony ST 50,-,Scooter,49 ccm,https://bikez.com/motorcycles/sym_symphony_st_50_2025.php
2025,TM Racing EN 125 ES FI 2T,-,Enduro/offroad,125 ccm,https://bikez.com/motorcycles/tm_racing_en_125_es_fi_2t_2025.php
2025,TM Racing EN 250 ES 2T,-,Enduro/offroad,249 ccm,https://bikez.com/motorcycles/tm_racing_en_250_es_2t_2025.php
2025,TM Racing EN 250 ES Fi 4T,-,Enduro/offroad,250 ccm,https://bikez.com/motorcycles/tm_racing_en_250_es_fi_4t_2025.php
2025,TM Racing EN 300 ES Fi 2T,-,Enduro/offroad,293 ccm,https://bikez.com/motorcycles/tm_racing_en_300_es_fi_2t_2025.php
2025,TM Racing EN 300 ES Fi 4T,-,Enduro/offroad,299 ccm,https://bikez.com/motorcycles/tm_racing_en_300_es_fi_4t_2025.php
2025,TM Racing EN 530 ES Fi 4T,-,Enduro/offroad,449 ccm,https://bikez.com/motorcycles/tm_racing_en_530_es_fi_4t_2025.php
2025,TM Racing MX 125 2T,-,Cross/motocross,125 ccm,https://bikez.com/motorcycles/tm_racing_mx_125_2t_2025.php
2025,TM Racing MX 125 Fi 2T,-,Cross/motocross,125 ccm,https://bikez.com/motorcycles/tm_racing_mx_125_fi_2t_2025.php
2025,TM Racing MX 250 ES Fi 4T,-,Cross/motocross,250 ccm,https://bikez.com/motorcycles/tm_racing_mx_250_es_fi_4t_2025.php
2025,TM Racing MX 300 ES 2T,-,Cross/motocross,293 ccm,https://bikez.com/motorcycles/tm_racing_mx_300_es_2t_2025.php
2025,TM Racing MX 300 ES Fi 4T,-,Cross/motocross,299 ccm,https://bikez.com/motorcycles/tm_racing_mx_300_es_fi_4t_2025.php
2025,TM Racing MX 450 Es Fi 4T,-,Cross/motocross,449 ccm,https://bikez.com/motorcycles/tm_racing_mx_450_es_fi_4t_2025.php
2025,TM Racing MX 85 Junior 2T,-,Cross/motocross,85 ccm,https://bikez.com/motorcycles/tm_racing_mx_85_junior_2t_2025.php
2025,TM Racing SMK 450 ES Fi 4T,-,Super motard,449 ccm,https://bikez.com/motorcycles/tm_racing_smk_450_es_fi_4t_2025.php
2025,TM Racing SMR 125 Fi 2T,-,Super motard,125 ccm,https://bikez.com/motorcycles/tm_racing_smr_125_fi_2t_2025.php
2025,TM Racing SMR 300 ES Fi 2T,-,Super motard,293 ccm,https://bikez.com/motorcycles/tm_racing_smr_300_es_fi_2t_2025.php
2025,TM Racing SMR 450 ES Fi 4T,-,Super motard,449 ccm,https://bikez.com/motorcycles/tm_racing_smr_450_es_fi_4t_2025.php
2025,TM Racing SMX 85 Junior 2T,-,Super motard,85 ccm,https://bikez.com/motorcycles/tm_racing_smx_85_junior_2t_2025.php
2025,Triumph Bonneville Speedmaster,-,Classic,1200 ccm,https://bikez.com/motorcycles/triumph_bonneville_speedmaster_2025.php
2025,Triumph Bonneville T100,-,Allround,900 ccm,https://bikez.com/motorcycles/triumph_bonneville_t100_2025.php
2025,Triumph Bonneville T120,-,Classic,1200 ccm,https://bikez.com/motorcycles/triumph_bonneville_t120_2025.php
2025,Triumph Bonneville T120 Icon Edition,-,Classic,1200 ccm,https://bikez.com/motorcycles/triumph_bonneville_t120_icon_edition_2025.php
2025,Triumph Rocket 3 R E.Knievel ltd.,-,Custom/cruiser,2458 ccm,https://bikez.com/motorcycles/triumph_rocket_3_r_eknievel_ltd_2025.php
2025,Triumph Rocket 3 Storm GT,-,Custom/cruiser,2458 ccm,https://bikez.com/motorcycles/triumph_rocket_3_storm_gt_2025.php
2025,Triumph Rocket 3 Storm R,-,Custom/cruiser,2458 ccm,https://bikez.com/motorcycles/triumph_rocket_3_storm_r_2025.php
2025,Triumph Scrambler 1200 X,-,Classic,1200 ccm,https://bikez.com/motorcycles/triumph_scrambler_1200_x_2025.php
2025,Triumph Scrambler 1200 XE,-,Classic,1200 ccm,https://bikez.com/motorcycles/triumph_scrambler_1200_xe_2025.php
2025,Triumph Scrambler 1200 XE Icon Edition,-,Classic,1200 ccm,https://bikez.com/motorcycles/triumph_scrambler_1200_xe_icon_edition_2025.php
2025,Triumph Scrambler 900,-,Classic,900 ccm,https://bikez.com/motorcycles/triumph_scrambler_900_2025.php
2025,Triumph Speed Triple 1200 RR Bretling Limited Edition,-,Sport,1160 ccm,https://bikez.com/motorcycles/triumph_speed_triple_1200_rr_bretling_limited_edition_2025.php
2025,Triumph Speed Twin 1200,-,Classic,1200 ccm,https://bikez.com/motorcycles/triumph_speed_twin_1200_2025.php
2025,Triumph Speed Twin 1200 RS,Show rating,Classic,1200 ccm,https://bikez.com/motorcycles/triumph_speed_twin_1200_rs_2025.php
2025,Triumph Speed Twin 900,-,Classic,900 ccm,https://bikez.com/motorcycles/triumph_speed_twin_900_2025.php
2025,Triumph Street Triple 765 R,-,Naked bike,765 ccm,https://bikez.com/motorcycles/triumph_street_triple_765_r_2025.php
2025,Triumph Street Triple 765 RS,Show rating,Naked bike,765 ccm,https://bikez.com/motorcycles/triumph_street_triple_765_rs_2025.php
2025,Triumph TF 250-X,-,"Minibike, cross",250 ccm,https://bikez.com/motorcycles/triumph_tf_250-x_2025.php
2025,Triumph TF 450-RC,-,Cross/motocross,450 ccm,https://bikez.com/motorcycles/triumph_tf_450-rc_2025.php
2025,Triumph Tiger 1200 GT Explorer,-,Allround,1160 ccm,https://bikez.com/motorcycles/triumph_tiger_1200_gt_explorer_2025.php
2025,Triumph Tiger 1200 Rally Explorer,-,Allround,1160 ccm,https://bikez.com/motorcycles/triumph_tiger_1200_rally_explorer_2025.php
2025,Triumph Tiger 800 Sport,Show rating,Sport,798 ccm,https://bikez.com/motorcycles/triumph_tiger_800_sport_2025.php
2025,Triumph Tiger 850 Sport,-,Sport,888 ccm,https://bikez.com/motorcycles/triumph_tiger_850_sport_2025.php
2025,Triumph Tiger 900 GT,-,Enduro/offroad,888 ccm,https://bikez.com/motorcycles/triumph_tiger_900_gt_2025.php
2025,Triumph Tiger 900 GT Pro,-,Enduro/offroad,888 ccm,https://bikez.com/motorcycles/triumph_tiger_900_gt_pro_2025.php
2025,Triumph Tiger 900 Rally Pro,Show rating,Enduro/offroad,888 ccm,https://bikez.com/motorcycles/triumph_tiger_900_rally_pro_2025.php
2025,Triumph Tiger Sport 660,-,Allround,660 ccm,https://bikez.com/motorcycles/triumph_tiger_sport_660_2025.php
2025,Triumph Tiger Sport 800,Show rating,Sport touring,798 ccm,https://bikez.com/motorcycles/triumph_tiger_sport_800_2025.php
2025,Triumph Trident 660,-,Naked bike,660 ccm,https://bikez.com/motorcycles/triumph_trident_660_2025.php
2025,Triumph Trident 660 Triple Tribute Edition,-,Naked bike,660 ccm,https://bikez.com/motorcycles/triumph_trident_660_triple_tribute_edition_2025.php
2025,TRS On-E Kids 16,-,"Minibike, cross",Electric,https://bikez.com/motorcycles/trs_on-e_kids_16_2025.php
2025,TRS On-E Kids 20,-,"Minibike, cross",Electric,https://bikez.com/motorcycles/trs_on-e_kids_20_2025.php
2025,TRS One RR 125,-,Trial,124 ccm,https://bikez.com/motorcycles/trs_one_rr_125_2025.php
2025,TRS One RR 250,-,Trial,248 ccm,https://bikez.com/motorcycles/trs_one_rr_250_2025.php
2025,TRS TRRS One RR 280,-,Trial,272 ccm,https://bikez.com/motorcycles/trs_trrs_one_rr_280_2025.php
2025,TRS TRRS One RR 300,-,Trial,294 ccm,https://bikez.com/motorcycles/trs_trrs_one_rr_300_2025.php
2025,Vertigo Nitro 125 Works,-,Trial,125 ccm,https://bikez.com/motorcycles/vertigo_nitro_125_works_2025.php
2025,Vertigo Nitro RS2 300,-,Trial,300 ccm,https://bikez.com/motorcycles/vertigo_nitro_rs2_300_2025.php
2025,Vertigo Nitro Works 225,-,Trial,225 ccm,https://bikez.com/motorcycles/vertigo_nitro_works_225_2025.php
2025,Vertigo Nitro Works 250,-,Trial,247 ccm,https://bikez.com/motorcycles/vertigo_nitro_works_250_2025.php
2025,Vertigo Nitro Works 280,-,Trial,280 ccm,https://bikez.com/motorcycles/vertigo_nitro_works_280_2025.php
2025,Vertigo Nitro Works 300,-,Trial,300 ccm,https://bikez.com/motorcycles/vertigo_nitro_works_300_2025.php
2025,Vespa Elettrica Red 45 MPH,-,Scooter,Electric,https://bikez.com/motorcycles/vespa_elettrica_red_45_mph_2025.php
2025,Vespa GTS 310,-,Scooter,310 ccm,https://bikez.com/motorcycles/vespa_gts_310_2025.php
2025,Vespa GTS Super 310,-,Scooter,310 ccm,https://bikez.com/motorcycles/vespa_gts_super_310_2025.php
2025,Vespa GTS SuperSport 310,-,Scooter,310 ccm,https://bikez.com/motorcycles/vespa_gts_supersport_310_2025.php
2025,Vespa GTS SuperTech 300,-,Scooter,278 ccm,https://bikez.com/motorcycles/vespa_gts_supertech_300_2025.php
2025,Vespa GTV 300,-,Scooter,278 ccm,https://bikez.com/motorcycles/vespa_gtv_300_2025.php
2025,Vespa Primavera 150,-,Scooter,155 ccm,https://bikez.com/motorcycles/vespa_primavera_150_2025.php
2025,Vespa Primavera 150 Batik,-,Scooter,155 ccm,https://bikez.com/motorcycles/vespa_primavera_150_batik_2025.php
2025,Vespa Primavera 150 Red,-,Scooter,155 ccm,https://bikez.com/motorcycles/vespa_primavera_150_red_2025.php
2025,Vespa Primavera 50 Batik,-,Scooter,49 ccm,https://bikez.com/motorcycles/vespa_primavera_50_batik_2025.php
2025,Vespa Primavera Disney Mickey Mouse Edition,-,Scooter,124 ccm,https://bikez.com/motorcycles/vespa_primavera_disney_mickey_mouse_edition_2025.php
2025,Vespa Primavera S 150,-,Scooter,155 ccm,https://bikez.com/motorcycles/vespa_primavera_s_150_2025.php
2025,Vespa Primavera Sprint 150 S,-,Scooter,155 ccm,https://bikez.com/motorcycles/vespa_primavera_sprint_150_s_2025.php
2025,Vespa Primavera Tech 150,-,Scooter,155 ccm,https://bikez.com/motorcycles/vespa_primavera_tech_150_2025.php
2025,Vespa Sprint 50 S,-,Scooter,50 ccm,https://bikez.com/motorcycles/vespa_sprint_50_s_2025.php
2025,Voge Brivido 125R,-,Naked bike,125 ccm,https://bikez.com/motorcycles/voge_brivido_125r_2025.php
2025,Voge Sfida SR1,-,Scooter,125 ccm,https://bikez.com/motorcycles/voge_sfida_sr1_2025.php
2025,Voge Sfida SR1 ADV,-,Scooter,125 ccm,https://bikez.com/motorcycles/voge_sfida_sr1_adv_2025.php
2025,Voge Sfida SR16,-,Scooter,125 ccm,https://bikez.com/motorcycles/voge_sfida_sr16_2025.php
2025,Voge Sfida SR3,-,Scooter,244 ccm,https://bikez.com/motorcycles/voge_sfida_sr3_2025.php
2025,Voge Sfida SR4 MAX,-,Enduro/offroad,350 ccm,https://bikez.com/motorcycles/voge_sfida_sr4_max_2025.php
2025,Voge Trofeo 300AC,-,Naked bike,292 ccm,https://bikez.com/motorcycles/voge_trofeo_300ac_2025.php
2025,Voge Trofeo 300ACX Scrambler,-,Naked bike,292 ccm,https://bikez.com/motorcycles/voge_trofeo_300acx_scrambler_2025.php
2025,Voge Trofeo 350AC,-,Naked bike,322 ccm,https://bikez.com/motorcycles/voge_trofeo_350ac_2025.php
2025,Voge Trofeo 525ACX,-,Allround,494 ccm,https://bikez.com/motorcycles/voge_trofeo_525acx_2025.php
2025,Voge Valico 300Rally,Show rating,Allround,292 ccm,https://bikez.com/motorcycles/voge_valico_300rally_2025.php
2025,Voge Valico 525DSX,-,Super motard,494 ccm,https://bikez.com/motorcycles/voge_valico_525dsx_2025.php
2025,Voge Valico 900DSX,-,Super motard,895 ccm,https://bikez.com/motorcycles/voge_valico_900dsx_2025.php
2025,Xmotos XZ250R,-,Enduro/offroad,243 ccm,https://bikez.com/motorcycles/xmotos_xz250r_2025.php
2025,Yadea E8S,-,Scooter,Electric,https://bikez.com/motorcycles/yadea_e8s_2025.php
2025,Yadea EPOC H,-,Scooter,Electric,https://bikez.com/motorcycles/yadea_epoc_h_2025.php
2025,Yadea Ezeego,-,Scooter,Electric,https://bikez.com/motorcycles/yadea_ezeego_2025.php
2025,Yadea G5S,-,Scooter,Electric,https://bikez.com/motorcycles/yadea_g5s_2025.php
2025,Yadea GFX,-,Scooter,Electric,https://bikez.com/motorcycles/yadea_gfx_2025.php
2025,Yadea Keeness,-,Naked bike,Electric,https://bikez.com/motorcycles/yadea_keeness_2025.php
2025,Yadea Kemper,-,Naked bike,Electric,https://bikez.com/motorcycles/yadea_kemper_2025.php
2025,Yadea Orla,-,Scooter,Electric,https://bikez.com/motorcycles/yadea_orla_2025.php
2025,Yadea Y1S,-,Scooter,Electric,https://bikez.com/motorcycles/yadea_y1s_2025.php
2025,Yamaha Bolt R-Spec,-,Custom/cruiser,942 ccm,https://bikez.com/motorcycles/yamaha_bolt_r-spec_2025.php
2025,Yamaha Crux,-,Allround,106 ccm,https://bikez.com/motorcycles/yamaha_crux_2025.php
2025,Yamaha Delight 125,-,Scooter,125 ccm,https://bikez.com/motorcycles/yamaha_delight_125_2025.php
2025,Yamaha Fazer,-,Sport,153 ccm,https://bikez.com/motorcycles/yamaha_fazer_2025.php
2025,Yamaha FJR1300AE,-,Sport touring,1298 ccm,https://bikez.com/motorcycles/yamaha_fjr1300ae_2025.php
2025,Yamaha FZ-S,-,Sport,153 ccm,https://bikez.com/motorcycles/yamaha_fz-s_2025.php
2025,Yamaha FZ16,-,Sport,153 ccm,https://bikez.com/motorcycles/yamaha_fz16_2025.php
2025,Yamaha MT-03,-,Sport,321 ccm,https://bikez.com/motorcycles/yamaha_mt-03_2025.php
2025,Yamaha MT-07,-,Sport,689 ccm,https://bikez.com/motorcycles/yamaha_mt-07_2025.php
2025,Yamaha MT-07HO,-,Sport,689 ccm,https://bikez.com/motorcycles/yamaha_mt-07ho_2025.php
2025,Yamaha MT-07LA,-,Naked bike,655 ccm,https://bikez.com/motorcycles/yamaha_mt-07la_2025.php
2025,Yamaha MT-09,Show rating,Naked bike,890 ccm,https://bikez.com/motorcycles/yamaha_mt-09_2025.php
2025,Yamaha MT-09 SP,-,Naked bike,890 ccm,https://bikez.com/motorcycles/yamaha_mt-09_sp_2025.php
2025,Yamaha MT-09 Y-AMT,-,Naked bike,890 ccm,https://bikez.com/motorcycles/yamaha_mt-09_y-amt_2025.php
2025,Yamaha MT-10,-,Naked bike,998 ccm,https://bikez.com/motorcycles/yamaha_mt-10_2025.php
2025,Yamaha MT-10 SP,-,Naked bike,998 ccm,https://bikez.com/motorcycles/yamaha_mt-10_sp_2025.php
2025,Yamaha NMAX 155,-,Scooter,155 ccm,https://bikez.com/motorcycles/yamaha_nmax_155_2025.php
2025,Yamaha PW50,-,"Minibike, cross",49 ccm,https://bikez.com/motorcycles/yamaha_pw50_2025.php
2025,Yamaha R1 GYTR,-,Sport,998 ccm,https://bikez.com/motorcycles/yamaha_r1_gytr_2025.php
2025,Yamaha R1 Race,-,Sport,998 ccm,https://bikez.com/motorcycles/yamaha_r1_race_2025.php
2025,Yamaha R25,-,Sport,250 ccm,https://bikez.com/motorcycles/yamaha_r25_2025.php
2025,Yamaha SZR,-,Allround,123 ccm,https://bikez.com/motorcycles/yamaha_szr_2025.php
2025,Yamaha TT-R110E,-,Enduro/offroad,110 ccm,https://bikez.com/motorcycles/yamaha_tt-r110e_2025.php
2025,Yamaha TT-R125LE,-,Enduro/offroad,124 ccm,https://bikez.com/motorcycles/yamaha_tt-r125le_2025.php
2025,Yamaha TT-R230,-,Enduro/offroad,223 ccm,https://bikez.com/motorcycles/yamaha_tt-r230_2025.php
2025,Yamaha TT-R50E,-,"Minibike, cross",49 ccm,https://bikez.com/motorcycles/yamaha_tt-r50e_2025.php
2025,Yamaha TW200,-,Enduro/offroad,196 ccm,https://bikez.com/motorcycles/yamaha_tw200_2025.php
2025,Yamaha WR250F,-,Enduro/offroad,250 ccm,https://bikez.com/motorcycles/yamaha_wr250f_2025.php
2025,Yamaha WR450F,-,Enduro/offroad,450 ccm,https://bikez.com/motorcycles/yamaha_wr450f_2025.php
2025,Yamaha XT250,Show rating,Trial,249 ccm,https://bikez.com/motorcycles/yamaha_xt250_2025.php
2025,Yamaha YZ125,-,Cross/motocross,125 ccm,https://bikez.com/motorcycles/yamaha_yz125_2025.php
2025,Yamaha YZ125 Monster Energy,-,Cross/motocross,125 ccm,https://bikez.com/motorcycles/yamaha_yz125_monster_energy_2025.php
2025,Yamaha YZ125X,-,Enduro/offroad,125 ccm,https://bikez.com/motorcycles/yamaha_yz125x_2025.php
2025,Yamaha YZ250,-,Cross/motocross,249 ccm,https://bikez.com/motorcycles/yamaha_yz250_2025.php
2025,Yamaha YZ250 Monster Energy,-,Cross/motocross,249 ccm,https://bikez.com/motorcycles/yamaha_yz250_monster_energy_2025.php
2025,Yamaha YZ250F,-,Cross/motocross,250 ccm,https://bikez.com/motorcycles/yamaha_yz250f_2025.php
2025,Yamaha YZ250F Monster Energy,-,Cross/motocross,250 ccm,https://bikez.com/motorcycles/yamaha_yz250f_monster_energy_2025.php
2025,Yamaha YZ250FX,-,Enduro/offroad,250 ccm,https://bikez.com/motorcycles/yamaha_yz250fx_2025.php
2025,Yamaha YZ250X,-,Enduro/offroad,249 ccm,https://bikez.com/motorcycles/yamaha_yz250x_2025.php
2025,Yamaha YZ450F,-,Cross/motocross,450 ccm,https://bikez.com/motorcycles/yamaha_yz450f_2025.php
2025,Yamaha YZ450F Monster Energy,-,Cross/motocross,450 ccm,https://bikez.com/motorcycles/yamaha_yz450f_monster_energy_2025.php
2025,Yamaha YZ450FX,-,Enduro/offroad,450 ccm,https://bikez.com/motorcycles/yamaha_yz450fx_2025.php
2025,Yamaha YZ65,-,"Minibike, cross",65 ccm,https://bikez.com/motorcycles/yamaha_yz65_2025.php
2025,Yamaha YZ85,-,Cross/motocross,85 ccm,https://bikez.com/motorcycles/yamaha_yz85_2025.php
2025,Yamaha YZ85LW,-,Enduro/offroad,85 ccm,https://bikez.com/motorcycles/yamaha_yz85lw_2025.php
2025,Yamaha YZF-R1,-,Sport,998 ccm,https://bikez.com/motorcycles/yamaha_yzf-r1_2025.php
2025,Yamaha YZF-R1M,-,Sport,998 ccm,https://bikez.com/motorcycles/yamaha_yzf-r1m_2025.php
2025,Yamaha YZF-R3,-,Sport,321 ccm,https://bikez.com/motorcycles/yamaha_yzf-r3_2025.php
2025,Yamaha YZF-R7,-,Sport,689 ccm,https://bikez.com/motorcycles/yamaha_yzf-r7_2025.php
2025,Yamaha YZF-R9,-,Sport,889 ccm,https://bikez.com/motorcycles/yamaha_yzf-r9_2025.php
2025,Yamasaki 250 Racing,-,Sport,250 ccm,https://bikez.com/motorcycles/yamasaki_250_racing_2025.php
2025,Yamasaki 50 Racing,-,Sport,50 ccm,https://bikez.com/motorcycles/yamasaki_50_racing_2025.php
2025,Yamasaki Bushbuck,-,Allround,125 ccm,https://bikez.com/motorcycles/yamasaki_bushbuck_2025.php
2025,Yamasaki Dream,-,Scooter,110 ccm,https://bikez.com/motorcycles/yamasaki_dream_2025.php
2025,Yamasaki Fency,-,Scooter,110 ccm,https://bikez.com/motorcycles/yamasaki_fency_2025.php
2025,Yamasaki Gallop,-,Enduro/offroad,125 ccm,https://bikez.com/motorcycles/yamasaki_gallop_2025.php
2025,Yamasaki Hawk VIII,-,Scooter,125 ccm,https://bikez.com/motorcycles/yamasaki_hawk_viii_2025.php
2025,Yamasaki Robot,-,Scooter,125 ccm,https://bikez.com/motorcycles/yamasaki_robot_2025.php
2025,Yuki 125i Sport R,-,Naked bike,125 ccm,https://bikez.com/motorcycles/yuki_125i_sport_r_2025.php
2025,Zero DSR,-,Super motard,Electric,https://bikez.com/motorcycles/zero_dsr_2025.php
2025,Zero FX,-,Super motard,Electric,https://bikez.com/motorcycles/zero_fx_2025.php
2025,Zero S,-,Naked bike,Electric,https://bikez.com/motorcycles/zero_s_2025.php
2025,Zero SR-F,-,Naked bike,Electric,https://bikez.com/motorcycles/zero_sr-f_2025.php
2025,Zero SR-S,-,Sport,Electric,https://bikez.com/motorcycles/zero_sr-s_2025.php
2025,Zero XB,-,Trial,Electric,https://bikez.com/motorcycles/zero_xb_2025.php
2025,Zero XE,-,Enduro/offroad,Electric,https://bikez.com/motorcycles/zero_xe_2025.php
2025,ZEV S15000 LR,-,Scooter,Electric,https://bikez.com/motorcycles/zev_s15000_lr_2025.php
2025,Znen ADV 150,-,Scooter,150 ccm,https://bikez.com/motorcycles/znen_adv_150_2025.php
2025,Znen NVH,-,Scooter,150 ccm,https://bikez.com/motorcycles/znen_nvh_2025.php
2025,Znen P45,-,Scooter,125 ccm,https://bikez.com/motorcycles/znen_p45_2025.php
2025,Znen Tank II,-,Scooter,150 ccm,https://bikez.com/motorcycles/znen_tank_ii_2025.php
2025,Znen Veracruz,-,Scooter,50 ccm,https://bikez.com/motorcycles/znen_veracruz_2025.php
2025,Zontes 368G,Show rating,Scooter,368 ccm,https://bikez.com/motorcycles/zontes_368g_2025.php
2025,Zontes 703F Advendture,-,Super motard,699 ccm,https://bikez.com/motorcycles/zontes_703f_advendture_2025.php
2025,Zontes 703RR,Show rating,Sport,699 ccm,https://bikez.com/motorcycles/zontes_703rr_2025.php
